{
  "type": "FeatureCollection",
  "name": "heatsafe_demo_v1_2026",
  "features": [
    {
      "type": "Feature",
      "id": "M4B-R-5EEC8B7710-G-R00-C00",
      "geometry": {
        "type": "Polygon",
        "coordinates": [
          [
            [
              120.12156859313895,
              30.23354862612385
            ],
            [
              120.12156924507673,
              30.235803795592105
            ],
            [
              120.11897204107349,
              30.23580433583358
            ],
            [
              120.11897144840277,
              30.233549166341014
            ],
            [
              120.12156859313895,
              30.23354862612385
            ]
          ]
        ]
      },
      "properties": {
        "grid_id": "M4B-R-5EEC8B7710-G-R00-C00",
        "row": 0,
        "column": 0,
        "analysis_status": "ANALYZABLE_LAND",
        "ranking_eligible": true,
        "source_mode": "REAL",
        "population_total": 29.884083556562373,
        "population_age_0_14": 3.3242823436951707,
        "population_age_65_plus": 3.3253417312420326,
        "elderly_share": 0.11127467653301373,
        "child_share": 0.11123922664060339,
        "vulnerability_share_raw": 0.11126404156529063,
        "lst_median_c": 39.55948592000004,
        "lst_valid_fraction": 1.0,
        "ndvi_median_land": 0.8724378461450284,
        "green_fraction_land": 0.9888,
        "green_fraction_grid_legacy": 0.9888,
        "water_fraction_grid": 0.0,
        "sentinel_valid_fraction": 1.0,
        "spatial_heat_score": 0.1592356687898089,
        "temporal_severity_score": 0.5238709677419354,
        "hazard_score": 0.26862625847544686,
        "exposure_score": 0.16663779234501438,
        "vulnerability_score": 0.2200036223265801,
        "adaptive_capacity_score": 0.9888,
        "risk_score": 19.479067594174836,
        "risk_percentile_within_aoi": 0.10509554140127389,
        "hazard_contribution_points": 10.745050339017874,
        "exposure_contribution_points": 4.165944808625359,
        "vulnerability_contribution_points": 4.400072446531603,
        "adaptive_deficit_contribution_points": 0.16799999999999982,
        "primary_driver": "hazard",
        "temporal_context_id": "era5-temporal:pilot_v1:2026-07-31T03Z",
        "source_ids": [
          "LC09_L2SP_119039_20260731_02_T1",
          "S2C_MSIL2A_20260731T023551_R089_T51RTP_20260731T060913",
          "chn_pop_2026_CN_100m_R2025A_v1.tif"
        ],
        "analysis_reasons": [],
        "landsat_quality_flag": "HIGH",
        "sentinel_quality_flag": "HIGH"
      }
    },
    {
      "type": "Feature",
      "id": "M4B-R-5EEC8B7710-G-R00-C01",
      "geometry": {
        "type": "Polygon",
        "coordinates": [
          [
            [
              120.12416573784539,
              30.233548034457435
            ],
            [
              120.12416644905022,
              30.23580320389906
            ],
            [
              120.12156924507673,
              30.235803795592105
            ],
            [
              120.12156859313895,
              30.23354862612385
            ],
            [
              120.12416573784539,
              30.233548034457435
            ]
          ]
        ]
      },
      "properties": {
        "grid_id": "M4B-R-5EEC8B7710-G-R00-C01",
        "row": 0,
        "column": 1,
        "analysis_status": "ANALYZABLE_LAND",
        "ranking_eligible": true,
        "source_mode": "REAL",
        "population_total": 77.98247341414795,
        "population_age_0_14": 8.674701715742309,
        "population_age_65_plus": 8.677478515740233,
        "elderly_share": 0.11127472797196408,
        "child_share": 0.11123911997087929,
        "vulnerability_share_raw": 0.11126404557163863,
        "lst_median_c": 42.94332572000002,
        "lst_valid_fraction": 1.0,
        "ndvi_median_land": 0.7499184038762987,
        "green_fraction_land": 0.8576,
        "green_fraction_grid_legacy": 0.8576,
        "water_fraction_grid": 0.0,
        "sentinel_valid_fraction": 1.0,
        "spatial_heat_score": 0.30254777070063693,
        "temporal_severity_score": 0.5238709677419354,
        "hazard_score": 0.36894472981302645,
        "exposure_score": 0.36517313633165155,
        "vulnerability_score": 0.22000372281761327,
        "adaptive_capacity_score": 0.8576,
        "risk_score": 30.42319205716461,
        "risk_percentile_within_aoi": 0.25796178343949044,
        "hazard_contribution_points": 14.757789192521058,
        "exposure_contribution_points": 9.129328408291288,
        "vulnerability_contribution_points": 4.400074456352265,
        "adaptive_deficit_contribution_points": 2.1359999999999997,
        "primary_driver": "hazard",
        "temporal_context_id": "era5-temporal:pilot_v1:2026-07-31T03Z",
        "source_ids": [
          "LC09_L2SP_119039_20260731_02_T1",
          "S2C_MSIL2A_20260731T023551_R089_T51RTP_20260731T060913",
          "chn_pop_2026_CN_100m_R2025A_v1.tif"
        ],
        "analysis_reasons": [],
        "landsat_quality_flag": "HIGH",
        "sentinel_quality_flag": "HIGH"
      }
    },
    {
      "type": "Feature",
      "id": "M4B-R-5EEC8B7710-G-R00-C02",
      "geometry": {
        "type": "Polygon",
        "coordinates": [
          [
            [
              120.12676288251934,
              30.23354739134176
            ],
            [
              120.12676365299124,
              30.235802560754447
            ],
            [
              120.12416644905022,
              30.23580320389906
            ],
            [
              120.12416573784539,
              30.233548034457435
            ],
            [
              120.12676288251934,
              30.23354739134176
            ]
          ]
        ]
      },
      "properties": {
        "grid_id": "M4B-R-5EEC8B7710-G-R00-C02",
        "row": 0,
        "column": 2,
        "analysis_status": "ANALYZABLE_LAND",
        "ranking_eligible": true,
        "source_mode": "REAL",
        "population_total": 130.7188992165742,
        "population_age_0_14": 14.541061457313873,
        "population_age_65_plus": 14.545708281688283,
        "elderly_share": 0.11127471520081463,
        "child_share": 0.11123916697938484,
        "vulnerability_share_raw": 0.11126405073438568,
        "lst_median_c": 43.13131682000002,
        "lst_valid_fraction": 1.0,
        "ndvi_median_land": 0.6070971056122446,
        "green_fraction_land": 0.8288,
        "green_fraction_grid_legacy": 0.8288,
        "water_fraction_grid": 0.0,
        "sentinel_valid_fraction": 1.0,
        "spatial_heat_score": 0.31528662420382164,
        "temporal_severity_score": 0.5238709677419354,
        "hazard_score": 0.37786192726525575,
        "exposure_score": 0.47331089586714653,
        "vulnerability_score": 0.22000385231454778,
        "adaptive_capacity_score": 0.8288,
        "risk_score": 33.91532653357985,
        "risk_percentile_within_aoi": 0.2961783439490446,
        "hazard_contribution_points": 15.11447709061023,
        "exposure_contribution_points": 11.832772396678664,
        "vulnerability_contribution_points": 4.4000770462909555,
        "adaptive_deficit_contribution_points": 2.5680000000000005,
        "primary_driver": "hazard",
        "temporal_context_id": "era5-temporal:pilot_v1:2026-07-31T03Z",
        "source_ids": [
          "LC09_L2SP_119039_20260731_02_T1",
          "S2C_MSIL2A_20260731T023551_R089_T51RTP_20260731T060913",
          "chn_pop_2026_CN_100m_R2025A_v1.tif"
        ],
        "analysis_reasons": [],
        "landsat_quality_flag": "HIGH",
        "sentinel_quality_flag": "HIGH"
      }
    },
    {
      "type": "Feature",
      "id": "M4B-R-5EEC8B7710-G-R00-C03",
      "geometry": {
        "type": "Polygon",
        "coordinates": [
          [
            [
              120.12936002715817,
              30.233546696776852
            ],
            [
              120.1293608568971,
              30.23580186615827
            ],
            [
              120.12676365299124,
              30.235802560754447
            ],
            [
              120.12676288251934,
              30.23354739134176
            ],
            [
              120.12936002715817,
              30.233546696776852
            ]
          ]
        ]
      },
      "properties": {
        "grid_id": "M4B-R-5EEC8B7710-G-R00-C03",
        "row": 0,
        "column": 3,
        "analysis_status": "ANALYZABLE_LAND",
        "ranking_eligible": true,
        "source_mode": "REAL",
        "population_total": 15.56868188143907,
        "population_age_0_14": 1.7318451142362963,
        "population_age_65_plus": 1.732400041860265,
        "elderly_share": 0.11127467662664663,
        "child_share": 0.111239032785492,
        "vulnerability_share_raw": 0.11126398347430023,
        "lst_median_c": 37.19079806000002,
        "lst_valid_fraction": 1.0,
        "ndvi_median_land": 0.772878808002941,
        "green_fraction_land": 0.8298217179902755,
        "green_fraction_grid_legacy": 0.8192,
        "water_fraction_grid": 0.0128,
        "sentinel_valid_fraction": 1.0,
        "spatial_heat_score": 0.03184713375796178,
        "temporal_severity_score": 0.5238709677419354,
        "hazard_score": 0.17945428395315385,
        "exposure_score": 0.034970883180073395,
        "vulnerability_score": 0.22000216523307817,
        "adaptive_capacity_score": 0.8298217179902755,
        "risk_score": 15.005160972435421,
        "risk_percentile_within_aoi": 0.06369426751592357,
        "hazard_contribution_points": 7.178171358126154,
        "exposure_contribution_points": 0.8742720795018348,
        "vulnerability_contribution_points": 4.400043304661564,
        "adaptive_deficit_contribution_points": 2.552674230145868,
        "primary_driver": "hazard",
        "temporal_context_id": "era5-temporal:pilot_v1:2026-07-31T03Z",
        "source_ids": [
          "LC09_L2SP_119039_20260731_02_T1",
          "S2C_MSIL2A_20260731T023551_R089_T51RTP_20260731T060913",
          "chn_pop_2026_CN_100m_R2025A_v1.tif"
        ],
        "analysis_reasons": [],
        "landsat_quality_flag": "HIGH",
        "sentinel_quality_flag": "HIGH"
      }
    },
    {
      "type": "Feature",
      "id": "M4B-R-5EEC8B7710-G-R00-C04",
      "geometry": {
        "type": "Polygon",
        "coordinates": [
          [
            [
              120.13195717175915,
              30.2335459507627
            ],
            [
              120.13195806076513,
              30.23580112011055
            ],
            [
              120.1293608568971,
              30.23580186615827
            ],
            [
              120.12936002715817,
              30.233546696776852
            ],
            [
              120.13195717175915,
              30.2335459507627
            ]
          ]
        ]
      },
      "properties": {
        "grid_id": "M4B-R-5EEC8B7710-G-R00-C04",
        "row": 0,
        "column": 4,
        "analysis_status": "ANALYZABLE_LAND",
        "ranking_eligible": true,
        "source_mode": "REAL",
        "population_total": 2.6644945905475623,
        "population_age_0_14": 0.2963950046858594,
        "population_age_65_plus": 0.2964906236557593,
        "elderly_share": 0.11127462022537997,
        "child_share": 0.11123873388121581,
        "vulnerability_share_raw": 0.11126385432213072,
        "lst_median_c": 36.94811864000002,
        "lst_valid_fraction": 1.0,
        "ndvi_median_land": 0.851303926904422,
        "green_fraction_land": 0.8912,
        "green_fraction_grid_legacy": 0.8912,
        "water_fraction_grid": 0.0,
        "sentinel_valid_fraction": 1.0,
        "spatial_heat_score": 0.01910828025477707,
        "temporal_severity_score": 0.5238709677419354,
        "hazard_score": 0.17053708650092456,
        "exposure_score": 0.0,
        "vulnerability_score": 0.2199989257154578,
        "adaptive_capacity_score": 0.8912,
        "risk_score": 12.85346197434614,
        "risk_percentile_within_aoi": 0.03503184713375796,
        "hazard_contribution_points": 6.8214834600369825,
        "exposure_contribution_points": 0.0,
        "vulnerability_contribution_points": 4.399978514309156,
        "adaptive_deficit_contribution_points": 1.6320000000000001,
        "primary_driver": "hazard",
        "temporal_context_id": "era5-temporal:pilot_v1:2026-07-31T03Z",
        "source_ids": [
          "LC09_L2SP_119039_20260731_02_T1",
          "S2C_MSIL2A_20260731T023551_R089_T51RTP_20260731T060913",
          "chn_pop_2026_CN_100m_R2025A_v1.tif"
        ],
        "analysis_reasons": [],
        "landsat_quality_flag": "HIGH",
        "sentinel_quality_flag": "HIGH"
      }
    },
    {
      "type": "Feature",
      "id": "M4B-R-5EEC8B7710-G-R00-C05",
      "geometry": {
        "type": "Polygon",
        "coordinates": [
          [
            [
              120.13455431631955,
              30.233545153299307
            ],
            [
              120.13455526459254,
              30.235800322611272
            ],
            [
              120.13195806076513,
              30.23580112011055
            ],
            [
              120.13195717175915,
              30.2335459507627
            ],
            [
              120.13455431631955,
              30.233545153299307
            ]
          ]
        ]
      },
      "properties": {
        "grid_id": "M4B-R-5EEC8B7710-G-R00-C05",
        "row": 0,
        "column": 5,
        "analysis_status": "NON_URBAN_WATER",
        "ranking_eligible": false,
        "source_mode": "REAL",
        "population_total": 0.38883705914221417,
        "population_age_0_14": 0.043253549097332915,
        "population_age_65_plus": 0.04326718745860482,
        "elderly_share": 0.11127331215304809,
        "child_share": 0.1112382374065669,
        "vulnerability_share_raw": 0.11126278972910374,
        "lst_median_c": 34.55208662000004,
        "lst_valid_fraction": 1.0,
        "ndvi_median_land": 0.7218140718406316,
        "green_fraction_land": 0.731404958677686,
        "green_fraction_grid_legacy": 0.2832,
        "water_fraction_grid": 0.6128,
        "sentinel_valid_fraction": 1.0,
        "spatial_heat_score": null,
        "temporal_severity_score": 0.5238709677419354,
        "hazard_score": null,
        "exposure_score": null,
        "vulnerability_score": 0.0,
        "adaptive_capacity_score": null,
        "risk_score": null,
        "risk_percentile_within_aoi": null,
        "hazard_contribution_points": null,
        "exposure_contribution_points": null,
        "vulnerability_contribution_points": 0.0,
        "adaptive_deficit_contribution_points": null,
        "primary_driver": "vulnerability",
        "temporal_context_id": "era5-temporal:pilot_v1:2026-07-31T03Z",
        "source_ids": [
          "LC09_L2SP_119039_20260731_02_T1",
          "S2C_MSIL2A_20260731T023551_R089_T51RTP_20260731T060913",
          "chn_pop_2026_CN_100m_R2025A_v1.tif"
        ],
        "analysis_reasons": [
          "WATER_EXCLUDED"
        ],
        "landsat_quality_flag": "HIGH",
        "sentinel_quality_flag": "HIGH"
      }
    },
    {
      "type": "Feature",
      "id": "M4B-R-5EEC8B7710-G-R00-C06",
      "geometry": {
        "type": "Polygon",
        "coordinates": [
          [
            [
              120.13715146083669,
              30.23354430438668
            ],
            [
              120.13715246837673,
              30.235799473660435
            ],
            [
              120.13455526459254,
              30.235800322611272
            ],
            [
              120.13455431631955,
              30.233545153299307
            ],
            [
              120.13715146083669,
              30.23354430438668
            ]
          ]
        ]
      },
      "properties": {
        "grid_id": "M4B-R-5EEC8B7710-G-R00-C06",
        "row": 0,
        "column": 6,
        "analysis_status": "ANALYZABLE_LAND",
        "ranking_eligible": true,
        "source_mode": "REAL",
        "population_total": 2.3106119632720947,
        "population_age_0_14": 0.2570300009101629,
        "population_age_65_plus": 0.25711299385875463,
        "elderly_share": 0.11127484750604891,
        "child_share": 0.11123892933808696,
        "vulnerability_share_raw": 0.11126407205566034,
        "lst_median_c": 37.132691720000025,
        "lst_valid_fraction": 1.0,
        "ndvi_median_land": 0.8039875410098042,
        "green_fraction_land": 0.9671232876712329,
        "green_fraction_grid_legacy": 0.5648,
        "water_fraction_grid": 0.416,
        "sentinel_valid_fraction": 1.0,
        "spatial_heat_score": 0.025477707006369428,
        "temporal_severity_score": 0.5238709677419354,
        "hazard_score": 0.1749956852270392,
        "exposure_score": 0.0,
        "vulnerability_score": 0.22000438711504874,
        "adaptive_capacity_score": 0.9671232876712329,
        "risk_score": 11.893065836314051,
        "risk_percentile_within_aoi": 0.01910828025477707,
        "hazard_contribution_points": 6.999827409081568,
        "exposure_contribution_points": 0.0,
        "vulnerability_contribution_points": 4.4000877423009745,
        "adaptive_deficit_contribution_points": 0.4931506849315065,
        "primary_driver": "hazard",
        "temporal_context_id": "era5-temporal:pilot_v1:2026-07-31T03Z",
        "source_ids": [
          "LC09_L2SP_119039_20260731_02_T1",
          "S2C_MSIL2A_20260731T023551_R089_T51RTP_20260731T060913",
          "chn_pop_2026_CN_100m_R2025A_v1.tif"
        ],
        "analysis_reasons": [],
        "landsat_quality_flag": "HIGH",
        "sentinel_quality_flag": "HIGH"
      }
    },
    {
      "type": "Feature",
      "id": "M4B-R-5EEC8B7710-G-R00-C07",
      "geometry": {
        "type": "Polygon",
        "coordinates": [
          [
            [
              120.13974860530783,
              30.23354340402481
            ],
            [
              120.1397496721149,
              30.23579857325805
            ],
            [
              120.13715246837673,
              30.235799473660435
            ],
            [
              120.13715146083669,
              30.23354430438668
            ],
            [
              120.13974860530783,
              30.23354340402481
            ]
          ]
        ]
      },
      "properties": {
        "grid_id": "M4B-R-5EEC8B7710-G-R00-C07",
        "row": 0,
        "column": 7,
        "analysis_status": "NON_URBAN_WATER",
        "ranking_eligible": false,
        "source_mode": "REAL",
        "population_total": 0.0,
        "population_age_0_14": 0.0,
        "population_age_65_plus": 0.0,
        "elderly_share": 0.0,
        "child_share": 0.0,
        "vulnerability_share_raw": 0.0,
        "lst_median_c": 34.347005420000016,
        "lst_valid_fraction": 1.0,
        "ndvi_median_land": 0.76200396703226,
        "green_fraction_land": 0.9301075268817204,
        "green_fraction_grid_legacy": 0.2768,
        "water_fraction_grid": 0.7024,
        "sentinel_valid_fraction": 1.0,
        "spatial_heat_score": null,
        "temporal_severity_score": 0.5238709677419354,
        "hazard_score": null,
        "exposure_score": null,
        "vulnerability_score": 0.0,
        "adaptive_capacity_score": null,
        "risk_score": null,
        "risk_percentile_within_aoi": null,
        "hazard_contribution_points": null,
        "exposure_contribution_points": null,
        "vulnerability_contribution_points": 0.0,
        "adaptive_deficit_contribution_points": null,
        "primary_driver": "vulnerability",
        "temporal_context_id": "era5-temporal:pilot_v1:2026-07-31T03Z",
        "source_ids": [
          "LC09_L2SP_119039_20260731_02_T1",
          "S2C_MSIL2A_20260731T023551_R089_T51RTP_20260731T060913",
          "chn_pop_2026_CN_100m_R2025A_v1.tif"
        ],
        "analysis_reasons": [
          "WATER_EXCLUDED"
        ],
        "landsat_quality_flag": "HIGH",
        "sentinel_quality_flag": "HIGH"
      }
    },
    {
      "type": "Feature",
      "id": "M4B-R-5EEC8B7710-G-R00-C08",
      "geometry": {
        "type": "Polygon",
        "coordinates": [
          [
            [
              120.14234574973031,
              30.233542452213715
            ],
            [
              120.1423468758044,
              30.23579762140412
            ],
            [
              120.1397496721149,
              30.23579857325805
            ],
            [
              120.13974860530783,
              30.23354340402481
            ],
            [
              120.14234574973031,
              30.233542452213715
            ]
          ]
        ]
      },
      "properties": {
        "grid_id": "M4B-R-5EEC8B7710-G-R00-C08",
        "row": 0,
        "column": 8,
        "analysis_status": "NON_URBAN_WATER",
        "ranking_eligible": false,
        "source_mode": "REAL",
        "population_total": 1.6585593411371313,
        "population_age_0_14": 0.18449608199467196,
        "population_age_65_plus": 0.18455369947233888,
        "elderly_share": 0.11127349796589509,
        "child_share": 0.1112387584927645,
        "vulnerability_share_raw": 0.1112630761239559,
        "lst_median_c": 34.43245592000005,
        "lst_valid_fraction": 1.0,
        "ndvi_median_land": 0.8429990729998251,
        "green_fraction_land": 0.9730769230769231,
        "green_fraction_grid_legacy": 0.4048,
        "water_fraction_grid": 0.584,
        "sentinel_valid_fraction": 1.0,
        "spatial_heat_score": null,
        "temporal_severity_score": 0.5238709677419354,
        "hazard_score": null,
        "exposure_score": null,
        "vulnerability_score": 0.0,
        "adaptive_capacity_score": null,
        "risk_score": null,
        "risk_percentile_within_aoi": null,
        "hazard_contribution_points": null,
        "exposure_contribution_points": null,
        "vulnerability_contribution_points": 0.0,
        "adaptive_deficit_contribution_points": null,
        "primary_driver": "vulnerability",
        "temporal_context_id": "era5-temporal:pilot_v1:2026-07-31T03Z",
        "source_ids": [
          "LC09_L2SP_119039_20260731_02_T1",
          "S2C_MSIL2A_20260731T023551_R089_T51RTP_20260731T060913",
          "chn_pop_2026_CN_100m_R2025A_v1.tif"
        ],
        "analysis_reasons": [
          "WATER_EXCLUDED"
        ],
        "landsat_quality_flag": "HIGH",
        "sentinel_quality_flag": "HIGH"
      }
    },
    {
      "type": "Feature",
      "id": "M4B-R-5EEC8B7710-G-R00-C09",
      "geometry": {
        "type": "Polygon",
        "coordinates": [
          [
            [
              120.14494289410143,
              30.23354144895339
            ],
            [
              120.14494407944254,
              30.23579661809866
            ],
            [
              120.1423468758044,
              30.23579762140412
            ],
            [
              120.14234574973031,
              30.233542452213715
            ],
            [
              120.14494289410143,
              30.23354144895339
            ]
          ]
        ]
      },
      "properties": {
        "grid_id": "M4B-R-5EEC8B7710-G-R00-C09",
        "row": 0,
        "column": 9,
        "analysis_status": "ANALYZABLE_LAND",
        "ranking_eligible": true,
        "source_mode": "REAL",
        "population_total": 40.57178952586503,
        "population_age_0_14": 4.513173344867559,
        "population_age_65_plus": 4.5146141972161,
        "elderly_share": 0.11127471205917541,
        "child_share": 0.1112391984087947,
        "vulnerability_share_raw": 0.1112640579640612,
        "lst_median_c": 40.35759359000002,
        "lst_valid_fraction": 1.0,
        "ndvi_median_land": 0.8595931858989215,
        "green_fraction_land": 0.9247135842880524,
        "green_fraction_grid_legacy": 0.904,
        "water_fraction_grid": 0.0224,
        "sentinel_valid_fraction": 1.0,
        "spatial_heat_score": 0.20382165605095542,
        "temporal_severity_score": 0.5238709677419354,
        "hazard_score": 0.2998364495582494,
        "exposure_score": 0.22947255566552258,
        "vulnerability_score": 0.22000403365614923,
        "adaptive_capacity_score": 0.9247135842880524,
        "risk_score": 23.25964878277024,
        "risk_percentile_within_aoi": 0.16560509554140126,
        "hazard_contribution_points": 11.993457982329975,
        "exposure_contribution_points": 5.736813891638064,
        "vulnerability_contribution_points": 4.400080673122985,
        "adaptive_deficit_contribution_points": 1.129296235679214,
        "primary_driver": "hazard",
        "temporal_context_id": "era5-temporal:pilot_v1:2026-07-31T03Z",
        "source_ids": [
          "LC09_L2SP_119039_20260731_02_T1",
          "S2C_MSIL2A_20260731T023551_R089_T51RTP_20260731T060913",
          "chn_pop_2026_CN_100m_R2025A_v1.tif"
        ],
        "analysis_reasons": [],
        "landsat_quality_flag": "HIGH",
        "sentinel_quality_flag": "HIGH"
      }
    },
    {
      "type": "Feature",
      "id": "M4B-R-5EEC8B7710-G-R00-C10",
      "geometry": {
        "type": "Polygon",
        "coordinates": [
          [
            [
              120.14754003841848,
              30.233540394243835
            ],
            [
              120.14754128302657,
              30.235795563341636
            ],
            [
              120.14494407944254,
              30.23579661809866
            ],
            [
              120.14494289410143,
              30.23354144895339
            ],
            [
              120.14754003841848,
              30.233540394243835
            ]
          ]
        ]
      },
      "properties": {
        "grid_id": "M4B-R-5EEC8B7710-G-R00-C10",
        "row": 0,
        "column": 10,
        "analysis_status": "ANALYZABLE_LAND",
        "ranking_eligible": true,
        "source_mode": "REAL",
        "population_total": 60.60563442400266,
        "population_age_0_14": 6.741720238092104,
        "population_age_65_plus": 6.743872612711157,
        "elderly_share": 0.11127468059372825,
        "child_share": 0.11123916616277625,
        "vulnerability_share_raw": 0.11126402626444264,
        "lst_median_c": 41.47186811000003,
        "lst_valid_fraction": 1.0,
        "ndvi_median_land": 0.7701806071058221,
        "green_fraction_land": 0.8768718801996672,
        "green_fraction_grid_legacy": 0.8432,
        "water_fraction_grid": 0.0384,
        "sentinel_valid_fraction": 1.0,
        "spatial_heat_score": 0.2643312101910828,
        "temporal_severity_score": 0.5238709677419354,
        "hazard_score": 0.34219313745633856,
        "exposure_score": 0.3126370470366881,
        "vulnerability_score": 0.2200032385361501,
        "adaptive_capacity_score": 0.8768718801996672,
        "risk_score": 27.750638241898734,
        "risk_percentile_within_aoi": 0.21019108280254778,
        "hazard_contribution_points": 13.687725498253542,
        "exposure_contribution_points": 7.815926175917203,
        "vulnerability_contribution_points": 4.400064770723001,
        "adaptive_deficit_contribution_points": 1.8469217970049918,
        "primary_driver": "hazard",
        "temporal_context_id": "era5-temporal:pilot_v1:2026-07-31T03Z",
        "source_ids": [
          "LC09_L2SP_119039_20260731_02_T1",
          "S2C_MSIL2A_20260731T023551_R089_T51RTP_20260731T060913",
          "chn_pop_2026_CN_100m_R2025A_v1.tif"
        ],
        "analysis_reasons": [],
        "landsat_quality_flag": "HIGH",
        "sentinel_quality_flag": "HIGH"
      }
    },
    {
      "type": "Feature",
      "id": "M4B-R-5EEC8B7710-G-R00-C11",
      "geometry": {
        "type": "Polygon",
        "coordinates": [
          [
            [
              120.1501371826787,
              30.233539288085066
            ],
            [
              120.1501384865538,
              30.23579445713308
            ],
            [
              120.14754128302657,
              30.235795563341636
            ],
            [
              120.14754003841848,
              30.233540394243835
            ],
            [
              120.1501371826787,
              30.233539288085066
            ]
          ]
        ]
      },
      "properties": {
        "grid_id": "M4B-R-5EEC8B7710-G-R00-C11",
        "row": 0,
        "column": 11,
        "analysis_status": "NON_URBAN_WATER",
        "ranking_eligible": false,
        "source_mode": "REAL",
        "population_total": 5.955606478509221,
        "population_age_0_14": 0.6564347938773201,
        "population_age_65_plus": 0.6553826493887188,
        "elderly_share": 0.11004465317741596,
        "child_share": 0.11022131771903702,
        "vulnerability_share_raw": 0.11009765253990227,
        "lst_median_c": 35.89878650000003,
        "lst_valid_fraction": 1.0,
        "ndvi_median_land": 0.7626818863664278,
        "green_fraction_land": 0.8847736625514403,
        "green_fraction_grid_legacy": 0.34455128205128205,
        "water_fraction_grid": 0.6105769230769231,
        "sentinel_valid_fraction": 0.9984,
        "spatial_heat_score": null,
        "temporal_severity_score": 0.5238709677419354,
        "hazard_score": null,
        "exposure_score": null,
        "vulnerability_score": 0.0,
        "adaptive_capacity_score": null,
        "risk_score": null,
        "risk_percentile_within_aoi": null,
        "hazard_contribution_points": null,
        "exposure_contribution_points": null,
        "vulnerability_contribution_points": 0.0,
        "adaptive_deficit_contribution_points": null,
        "primary_driver": "vulnerability",
        "temporal_context_id": "era5-temporal:pilot_v1:2026-07-31T03Z",
        "source_ids": [
          "LC09_L2SP_119039_20260731_02_T1",
          "S2C_MSIL2A_20260731T023551_R089_T51RTP_20260731T060913",
          "chn_pop_2026_CN_100m_R2025A_v1.tif"
        ],
        "analysis_reasons": [
          "WATER_EXCLUDED"
        ],
        "landsat_quality_flag": "HIGH",
        "sentinel_quality_flag": "HIGH"
      }
    },
    {
      "type": "Feature",
      "id": "M4B-R-5EEC8B7710-G-R00-C12",
      "geometry": {
        "type": "Polygon",
        "coordinates": [
          [
            [
              120.15273432687948,
              30.233538130477083
            ],
            [
              120.15273569002154,
              30.23579329947299
            ],
            [
              120.1501384865538,
              30.23579445713308
            ],
            [
              120.1501371826787,
              30.233539288085066
            ],
            [
              120.15273432687948,
              30.233538130477083
            ]
          ]
        ]
      },
      "properties": {
        "grid_id": "M4B-R-5EEC8B7710-G-R00-C12",
        "row": 0,
        "column": 12,
        "analysis_status": "ANALYZABLE_LAND",
        "ranking_eligible": true,
        "source_mode": "REAL",
        "population_total": 188.7223869976921,
        "population_age_0_14": 20.382838285983034,
        "population_age_65_plus": 20.262307566503573,
        "elderly_share": 0.10736568082275985,
        "child_share": 0.1080043476041467,
        "vulnerability_share_raw": 0.1075572808571759,
        "lst_median_c": 42.47505697999998,
        "lst_valid_fraction": 1.0,
        "ndvi_median_land": 0.6857291187053414,
        "green_fraction_land": 0.7792,
        "green_fraction_grid_legacy": 0.7792,
        "water_fraction_grid": 0.0,
        "sentinel_valid_fraction": 1.0,
        "spatial_heat_score": 0.2961783439490446,
        "temporal_severity_score": 0.5238709677419354,
        "hazard_score": 0.3644861310869118,
        "exposure_score": 0.5504621967078859,
        "vulnerability_score": 0.1270271227945764,
        "adaptive_capacity_score": 0.7792,
        "risk_score": 34.19354261706514,
        "risk_percentile_within_aoi": 0.29936305732484075,
        "hazard_contribution_points": 14.579445243476473,
        "exposure_contribution_points": 13.761554917697147,
        "vulnerability_contribution_points": 2.540542455891528,
        "adaptive_deficit_contribution_points": 3.312,
        "primary_driver": "hazard",
        "temporal_context_id": "era5-temporal:pilot_v1:2026-07-31T03Z",
        "source_ids": [
          "LC09_L2SP_119039_20260731_02_T1",
          "S2C_MSIL2A_20260731T023551_R089_T51RTP_20260731T060913",
          "chn_pop_2026_CN_100m_R2025A_v1.tif"
        ],
        "analysis_reasons": [],
        "landsat_quality_flag": "HIGH",
        "sentinel_quality_flag": "HIGH"
      }
    },
    {
      "type": "Feature",
      "id": "M4B-R-5EEC8B7710-G-R00-C13",
      "geometry": {
        "type": "Polygon",
        "coordinates": [
          [
            [
              120.15533147101803,
              30.233536921419866
            ],
            [
              120.1553328934271,
              30.235792090361368
            ],
            [
              120.15273569002154,
              30.23579329947299
            ],
            [
              120.15273432687948,
              30.233538130477083
            ],
            [
              120.15533147101803,
              30.233536921419866
            ]
          ]
        ]
      },
      "properties": {
        "grid_id": "M4B-R-5EEC8B7710-G-R00-C13",
        "row": 0,
        "column": 13,
        "analysis_status": "ANALYZABLE_LAND",
        "ranking_eligible": true,
        "source_mode": "REAL",
        "population_total": 407.7810718882665,
        "population_age_0_14": 42.965202953560144,
        "population_age_65_plus": 42.480331012310096,
        "elderly_share": 0.10417435712648737,
        "child_share": 0.10536340677757786,
        "vulnerability_share_raw": 0.10453107202181451,
        "lst_median_c": 44.91039623,
        "lst_valid_fraction": 1.0,
        "ndvi_median_land": 0.5402562124057214,
        "green_fraction_land": 0.7888,
        "green_fraction_grid_legacy": 0.7888,
        "water_fraction_grid": 0.0,
        "sentinel_valid_fraction": 1.0,
        "spatial_heat_score": 0.3662420382165605,
        "temporal_severity_score": 0.5238709677419354,
        "hazard_score": 0.4135307170741729,
        "exposure_score": 0.7127643335311588,
        "vulnerability_score": 0.051120872966049336,
        "adaptive_capacity_score": 0.7888,
        "risk_score": 38.550754480566866,
        "risk_percentile_within_aoi": 0.321656050955414,
        "hazard_contribution_points": 16.541228682966917,
        "exposure_contribution_points": 17.81910833827897,
        "vulnerability_contribution_points": 1.0224174593209867,
        "adaptive_deficit_contribution_points": 3.168000000000001,
        "primary_driver": "exposure",
        "temporal_context_id": "era5-temporal:pilot_v1:2026-07-31T03Z",
        "source_ids": [
          "LC09_L2SP_119039_20260731_02_T1",
          "S2C_MSIL2A_20260731T023551_R089_T51RTP_20260731T060913",
          "chn_pop_2026_CN_100m_R2025A_v1.tif"
        ],
        "analysis_reasons": [],
        "landsat_quality_flag": "HIGH",
        "sentinel_quality_flag": "HIGH"
      }
    },
    {
      "type": "Feature",
      "id": "M4B-R-5EEC8B7710-G-R00-C14",
      "geometry": {
        "type": "Polygon",
        "coordinates": [
          [
            [
              120.1579286150917,
              30.233535660913454
            ],
            [
              120.15793009676773,
              30.23579082979822
            ],
            [
              120.1553328934271,
              30.235792090361368
            ],
            [
              120.15533147101803,
              30.233536921419866
            ],
            [
              120.1579286150917,
              30.233535660913454
            ]
          ]
        ]
      },
      "properties": {
        "grid_id": "M4B-R-5EEC8B7710-G-R00-C14",
        "row": 0,
        "column": 14,
        "analysis_status": "ANALYZABLE_LAND",
        "ranking_eligible": true,
        "source_mode": "REAL",
        "population_total": 123.62027445865513,
        "population_age_0_14": 12.805181504024361,
        "population_age_65_plus": 12.612368042685885,
        "elderly_share": 0.10202507718023307,
        "child_share": 0.10358480079501087,
        "vulnerability_share_raw": 0.1024929942646664,
        "lst_median_c": 39.940595150000036,
        "lst_valid_fraction": 1.0,
        "ndvi_median_land": 0.8835319614251497,
        "green_fraction_land": 0.9776,
        "green_fraction_grid_legacy": 0.9776,
        "water_fraction_grid": 0.0,
        "sentinel_valid_fraction": 1.0,
        "spatial_heat_score": 0.18152866242038215,
        "temporal_severity_score": 0.5238709677419354,
        "hazard_score": 0.28423135401684807,
        "exposure_score": 0.4615975907179317,
        "vulnerability_score": 0.0,
        "adaptive_capacity_score": 0.9776,
        "risk_score": 23.245193928622218,
        "risk_percentile_within_aoi": 0.1624203821656051,
        "hazard_contribution_points": 11.369254160673922,
        "exposure_contribution_points": 11.539939767948294,
        "vulnerability_contribution_points": 0.0,
        "adaptive_deficit_contribution_points": 0.33599999999999963,
        "primary_driver": "exposure",
        "temporal_context_id": "era5-temporal:pilot_v1:2026-07-31T03Z",
        "source_ids": [
          "LC09_L2SP_119039_20260731_02_T1",
          "S2C_MSIL2A_20260731T023551_R089_T51RTP_20260731T060913",
          "chn_pop_2026_CN_100m_R2025A_v1.tif"
        ],
        "analysis_reasons": [],
        "landsat_quality_flag": "HIGH",
        "sentinel_quality_flag": "HIGH"
      }
    },
    {
      "type": "Feature",
      "id": "M4B-R-5EEC8B7710-G-R00-C15",
      "geometry": {
        "type": "Polygon",
        "coordinates": [
          [
            [
              120.16052575909777,
              30.23353434895782
            ],
            [
              120.16052730004074,
              30.23578951778355
            ],
            [
              120.15793009676773,
              30.23579082979822
            ],
            [
              120.1579286150917,
              30.233535660913454
            ],
            [
              120.16052575909777,
              30.23353434895782
            ]
          ]
        ]
      },
      "properties": {
        "grid_id": "M4B-R-5EEC8B7710-G-R00-C15",
        "row": 0,
        "column": 15,
        "analysis_status": "ANALYZABLE_LAND",
        "ranking_eligible": true,
        "source_mode": "REAL",
        "population_total": 25.175424490979374,
        "population_age_0_14": 2.607788742847894,
        "population_age_65_plus": 2.5685230063387383,
        "elderly_share": 0.10202501281593357,
        "child_share": 0.10358469799713975,
        "vulnerability_share_raw": 0.10249291837029541,
        "lst_median_c": 39.28604432000003,
        "lst_valid_fraction": 1.0,
        "ndvi_median_land": 0.9044232043224253,
        "green_fraction_land": 0.9936,
        "green_fraction_grid_legacy": 0.9936,
        "water_fraction_grid": 0.0,
        "sentinel_valid_fraction": 1.0,
        "spatial_heat_score": 0.13694267515923567,
        "temporal_severity_score": 0.5238709677419354,
        "hazard_score": 0.2530211629340456,
        "exposure_score": 0.13166203401646082,
        "vulnerability_score": 0.0,
        "adaptive_capacity_score": 0.9936,
        "risk_score": 13.508397367773343,
        "risk_percentile_within_aoi": 0.044585987261146494,
        "hazard_contribution_points": 10.120846517361823,
        "exposure_contribution_points": 3.2915508504115203,
        "vulnerability_contribution_points": 0.0,
        "adaptive_deficit_contribution_points": 0.09599999999999942,
        "primary_driver": "hazard",
        "temporal_context_id": "era5-temporal:pilot_v1:2026-07-31T03Z",
        "source_ids": [
          "LC09_L2SP_119039_20260731_02_T1",
          "S2C_MSIL2A_20260731T023551_R089_T51RTP_20260731T060913",
          "chn_pop_2026_CN_100m_R2025A_v1.tif"
        ],
        "analysis_reasons": [],
        "landsat_quality_flag": "HIGH",
        "sentinel_quality_flag": "HIGH"
      }
    },
    {
      "type": "Feature",
      "id": "M4B-R-5EEC8B7710-G-R00-C16",
      "geometry": {
        "type": "Polygon",
        "coordinates": [
          [
            [
              120.16312290303352,
              30.233532985552987
            ],
            [
              120.16312450324344,
              30.23578815431736
            ],
            [
              120.16052730004074,
              30.23578951778355
            ],
            [
              120.16052575909777,
              30.23353434895782
            ],
            [
              120.16312290303352,
              30.233532985552987
            ]
          ]
        ]
      },
      "properties": {
        "grid_id": "M4B-R-5EEC8B7710-G-R00-C16",
        "row": 0,
        "column": 16,
        "analysis_status": "ANALYZABLE_LAND",
        "ranking_eligible": true,
        "source_mode": "REAL",
        "population_total": 48.158148389650094,
        "population_age_0_14": 4.988454132034974,
        "population_age_65_plus": 4.913339554359815,
        "elderly_share": 0.10202509271340185,
        "child_share": 0.1035848407557768,
        "vulnerability_share_raw": 0.10249301712611432,
        "lst_median_c": 40.48235132000002,
        "lst_valid_fraction": 1.0,
        "ndvi_median_land": 0.8953008747887216,
        "green_fraction_land": 1.0,
        "green_fraction_grid_legacy": 1.0,
        "water_fraction_grid": 0.0,
        "sentinel_valid_fraction": 1.0,
        "spatial_heat_score": 0.21656050955414013,
        "temporal_severity_score": 0.5238709677419354,
        "hazard_score": 0.3087536470104787,
        "exposure_score": 0.2649136502679868,
        "vulnerability_score": 4.4060540663096886e-07,
        "adaptive_capacity_score": 1.0,
        "risk_score": 18.972995949226952,
        "risk_percentile_within_aoi": 0.09554140127388536,
        "hazard_contribution_points": 12.350145880419149,
        "exposure_contribution_points": 6.62284125669967,
        "vulnerability_contribution_points": 8.812108132619378e-06,
        "adaptive_deficit_contribution_points": 0.0,
        "primary_driver": "hazard",
        "temporal_context_id": "era5-temporal:pilot_v1:2026-07-31T03Z",
        "source_ids": [
          "LC09_L2SP_119039_20260731_02_T1",
          "S2C_MSIL2A_20260731T023551_R089_T51RTP_20260731T060913",
          "chn_pop_2026_CN_100m_R2025A_v1.tif"
        ],
        "analysis_reasons": [],
        "landsat_quality_flag": "HIGH",
        "sentinel_quality_flag": "HIGH"
      }
    },
    {
      "type": "Feature",
      "id": "M4B-R-5EEC8B7710-G-R00-C17",
      "geometry": {
        "type": "Polygon",
        "coordinates": [
          [
            [
              120.16572004689627,
              30.233531570698958
            ],
            [
              120.1657217063731,
              30.23578673939966
            ],
            [
              120.16312450324344,
              30.23578815431736
            ],
            [
              120.16312290303352,
              30.233532985552987
            ],
            [
              120.16572004689627,
              30.233531570698958
            ]
          ]
        ]
      },
      "properties": {
        "grid_id": "M4B-R-5EEC8B7710-G-R00-C17",
        "row": 0,
        "column": 17,
        "analysis_status": "ANALYZABLE_LAND",
        "ranking_eligible": true,
        "source_mode": "REAL",
        "population_total": 418.3893634144251,
        "population_age_0_14": 43.3387850005662,
        "population_age_65_plus": 42.686207821893206,
        "elderly_share": 0.10202507892059258,
        "child_share": 0.10358481546204618,
        "vulnerability_share_raw": 0.10249299988302865,
        "lst_median_c": 47.51321846000002,
        "lst_valid_fraction": 1.0,
        "ndvi_median_land": 0.5077595447301505,
        "green_fraction_land": 0.728,
        "green_fraction_grid_legacy": 0.728,
        "water_fraction_grid": 0.0,
        "sentinel_valid_fraction": 1.0,
        "spatial_heat_score": 0.5573248407643312,
        "temporal_severity_score": 0.5238709677419354,
        "hazard_score": 0.5472886788576125,
        "exposure_score": 0.7181813311419127,
        "vulnerability_score": 8.097922940983118e-09,
        "adaptive_capacity_score": 0.728,
        "risk_score": 43.92608059481077,
        "risk_percentile_within_aoi": 0.36942675159235666,
        "hazard_contribution_points": 21.891547154304497,
        "exposure_contribution_points": 17.954533278547817,
        "vulnerability_contribution_points": 1.6195845881966237e-07,
        "adaptive_deficit_contribution_points": 4.08,
        "primary_driver": "hazard",
        "temporal_context_id": "era5-temporal:pilot_v1:2026-07-31T03Z",
        "source_ids": [
          "LC09_L2SP_119039_20260731_02_T1",
          "S2C_MSIL2A_20260731T023551_R089_T51RTP_20260731T060913",
          "chn_pop_2026_CN_100m_R2025A_v1.tif"
        ],
        "analysis_reasons": [],
        "landsat_quality_flag": "HIGH",
        "sentinel_quality_flag": "HIGH"
      }
    },
    {
      "type": "Feature",
      "id": "M4B-R-5EEC8B7710-G-R00-C18",
      "geometry": {
        "type": "Polygon",
        "coordinates": [
          [
            [
              120.16831719068328,
              30.233530104395737
            ],
            [
              120.16831890942707,
              30.235785273030437
            ],
            [
              120.1657217063731,
              30.23578673939966
            ],
            [
              120.16572004689627,
              30.233531570698958
            ],
            [
              120.16831719068328,
              30.233530104395737
            ]
          ]
        ]
      },
      "properties": {
        "grid_id": "M4B-R-5EEC8B7710-G-R00-C18",
        "row": 0,
        "column": 18,
        "analysis_status": "ANALYZABLE_LAND",
        "ranking_eligible": true,
        "source_mode": "REAL",
        "population_total": 716.0307676201915,
        "population_age_0_14": 74.1699195751256,
        "population_age_65_plus": 73.05309419758925,
        "elderly_share": 0.10202507699548917,
        "child_share": 0.10358482195065115,
        "vulnerability_share_raw": 0.10249300048203777,
        "lst_median_c": 47.85843848000002,
        "lst_valid_fraction": 1.0,
        "ndvi_median_land": 0.3349169675874086,
        "green_fraction_land": 0.5584,
        "green_fraction_grid_legacy": 0.5584,
        "water_fraction_grid": 0.0,
        "sentinel_valid_fraction": 1.0,
        "spatial_heat_score": 0.6019108280254777,
        "temporal_severity_score": 0.5238709677419354,
        "hazard_score": 0.578498869940415,
        "exposure_score": 0.831578535798474,
        "vulnerability_score": 2.312283972376738e-08,
        "adaptive_capacity_score": 0.5584,
        "risk_score": 50.553418655035244,
        "risk_percentile_within_aoi": 0.4394904458598726,
        "hazard_contribution_points": 23.1399547976166,
        "exposure_contribution_points": 20.78946339496185,
        "vulnerability_contribution_points": 4.624567944753476e-07,
        "adaptive_deficit_contribution_points": 6.624,
        "primary_driver": "hazard",
        "temporal_context_id": "era5-temporal:pilot_v1:2026-07-31T03Z",
        "source_ids": [
          "LC09_L2SP_119039_20260731_02_T1",
          "S2C_MSIL2A_20260731T023551_R089_T51RTP_20260731T060913",
          "chn_pop_2026_CN_100m_R2025A_v1.tif"
        ],
        "analysis_reasons": [],
        "landsat_quality_flag": "HIGH",
        "sentinel_quality_flag": "HIGH"
      }
    },
    {
      "type": "Feature",
      "id": "M4B-R-5EEC8B7710-G-R00-C19",
      "geometry": {
        "type": "Polygon",
        "coordinates": [
          [
            [
              120.1709143343919,
              30.233528586643313
            ],
            [
              120.1709161124026,
              30.235783755209727
            ],
            [
              120.16831890942707,
              30.235785273030437
            ],
            [
              120.16831719068328,
              30.233530104395737
            ],
            [
              120.1709143343919,
              30.233528586643313
            ]
          ]
        ]
      },
      "properties": {
        "grid_id": "M4B-R-5EEC8B7710-G-R00-C19",
        "row": 0,
        "column": 19,
        "analysis_status": "ANALYZABLE_LAND",
        "ranking_eligible": true,
        "source_mode": "REAL",
        "population_total": 652.1498526947486,
        "population_age_0_14": 67.55282592869068,
        "population_age_65_plus": 66.53563804772234,
        "elderly_share": 0.10202507563681938,
        "child_share": 0.10358482126394053,
        "vulnerability_share_raw": 0.10249299932495573,
        "lst_median_c": 49.83063602000004,
        "lst_valid_fraction": 1.0,
        "ndvi_median_land": 0.26190869563301444,
        "green_fraction_land": 0.4384,
        "green_fraction_grid_legacy": 0.4384,
        "water_fraction_grid": 0.0,
        "sentinel_valid_fraction": 1.0,
        "spatial_heat_score": 0.8885350318471338,
        "temporal_severity_score": 0.5238709677419354,
        "hazard_score": 0.7791358126155743,
        "exposure_score": 0.8118489741661755,
        "vulnerability_score": 0.0,
        "adaptive_capacity_score": 0.4384,
        "risk_score": 59.88565685877736,
        "risk_percentile_within_aoi": 0.6305732484076433,
        "hazard_contribution_points": 31.16543250462297,
        "exposure_contribution_points": 20.296224354154386,
        "vulnerability_contribution_points": 0.0,
        "adaptive_deficit_contribution_points": 8.424,
        "primary_driver": "hazard",
        "temporal_context_id": "era5-temporal:pilot_v1:2026-07-31T03Z",
        "source_ids": [
          "LC09_L2SP_119039_20260731_02_T1",
          "S2C_MSIL2A_20260731T023551_R089_T51RTP_20260731T060913",
          "chn_pop_2026_CN_100m_R2025A_v1.tif"
        ],
        "analysis_reasons": [],
        "landsat_quality_flag": "HIGH",
        "sentinel_quality_flag": "HIGH"
      }
    },
    {
      "type": "Feature",
      "id": "M4B-R-5EEC8B7710-G-R01-C00",
      "geometry": {
        "type": "Polygon",
        "coordinates": [
          [
            [
              120.12156924507673,
              30.235803795592105
            ],
            [
              120.12156989707364,
              30.23805896428347
            ],
            [
              120.11897263379798,
              30.23805950454927
            ],
            [
              120.11897204107349,
              30.23580433583358
            ],
            [
              120.12156924507673,
              30.235803795592105
            ]
          ]
        ]
      },
      "properties": {
        "grid_id": "M4B-R-5EEC8B7710-G-R01-C00",
        "row": 1,
        "column": 0,
        "analysis_status": "ANALYZABLE_LAND",
        "ranking_eligible": true,
        "source_mode": "REAL",
        "population_total": 71.68936341627095,
        "population_age_0_14": 7.974665100293716,
        "population_age_65_plus": 7.977213151198447,
        "elderly_share": 0.11127471037618256,
        "child_share": 0.11123916743392018,
        "vulnerability_share_raw": 0.11126404749350384,
        "lst_median_c": 38.91518915,
        "lst_valid_fraction": 1.0,
        "ndvi_median_land": 0.8474324507364782,
        "green_fraction_land": 0.9744,
        "green_fraction_grid_legacy": 0.9744,
        "water_fraction_grid": 0.0,
        "sentinel_valid_fraction": 1.0,
        "spatial_heat_score": 0.10828025477707007,
        "temporal_severity_score": 0.5238709677419354,
        "hazard_score": 0.23295746866652967,
        "exposure_score": 0.3476174040522979,
        "vulnerability_score": 0.22000377102366533,
        "adaptive_capacity_score": 0.9744,
        "risk_score": 22.79280926844194,
        "risk_percentile_within_aoi": 0.15605095541401273,
        "hazard_contribution_points": 9.318298746661187,
        "exposure_contribution_points": 8.690435101307447,
        "vulnerability_contribution_points": 4.400075420473307,
        "adaptive_deficit_contribution_points": 0.38399999999999934,
        "primary_driver": "hazard",
        "temporal_context_id": "era5-temporal:pilot_v1:2026-07-31T03Z",
        "source_ids": [
          "LC09_L2SP_119039_20260731_02_T1",
          "S2C_MSIL2A_20260731T023551_R089_T51RTP_20260731T060913",
          "chn_pop_2026_CN_100m_R2025A_v1.tif"
        ],
        "analysis_reasons": [],
        "landsat_quality_flag": "HIGH",
        "sentinel_quality_flag": "HIGH"
      }
    },
    {
      "type": "Feature",
      "id": "M4B-R-5EEC8B7710-G-R01-C01",
      "geometry": {
        "type": "Polygon",
        "coordinates": [
          [
            [
              120.12416644905022,
              30.23580320389906
            ],
            [
              120.12416716031954,
              30.238058372563795
            ],
            [
              120.12156989707364,
              30.23805896428347
            ],
            [
              120.12156924507673,
              30.235803795592105
            ],
            [
              120.12416644905022,
              30.23580320389906
            ]
          ]
        ]
      },
      "properties": {
        "grid_id": "M4B-R-5EEC8B7710-G-R01-C01",
        "row": 1,
        "column": 1,
        "analysis_status": "ANALYZABLE_LAND",
        "ranking_eligible": true,
        "source_mode": "REAL",
        "population_total": 92.11789128229458,
        "population_age_0_14": 10.247116500150794,
        "population_age_65_plus": 10.250389881021214,
        "elderly_share": 0.11127469092414384,
        "child_share": 0.11123915623240423,
        "vulnerability_share_raw": 0.11126403051662195,
        "lst_median_c": 41.62738802000001,
        "lst_valid_fraction": 1.0,
        "ndvi_median_land": 0.8354989459547884,
        "green_fraction_land": 0.9408,
        "green_fraction_grid_legacy": 0.9408,
        "water_fraction_grid": 0.0,
        "sentinel_valid_fraction": 1.0,
        "spatial_heat_score": 0.2770700636942675,
        "temporal_severity_score": 0.5238709677419354,
        "hazard_score": 0.35111033490856786,
        "exposure_score": 0.39998405575207713,
        "vulnerability_score": 0.2200033451933582,
        "adaptive_capacity_score": 0.9408,
        "risk_score": 29.3320816940118,
        "risk_percentile_within_aoi": 0.24522292993630573,
        "hazard_contribution_points": 14.044413396342714,
        "exposure_contribution_points": 9.999601393801928,
        "vulnerability_contribution_points": 4.400066903867164,
        "adaptive_deficit_contribution_points": 0.8880000000000005,
        "primary_driver": "hazard",
        "temporal_context_id": "era5-temporal:pilot_v1:2026-07-31T03Z",
        "source_ids": [
          "LC09_L2SP_119039_20260731_02_T1",
          "S2C_MSIL2A_20260731T023551_R089_T51RTP_20260731T060913",
          "chn_pop_2026_CN_100m_R2025A_v1.tif"
        ],
        "analysis_reasons": [],
        "landsat_quality_flag": "HIGH",
        "sentinel_quality_flag": "HIGH"
      }
    },
    {
      "type": "Feature",
      "id": "M4B-R-5EEC8B7710-G-R01-C02",
      "geometry": {
        "type": "Polygon",
        "coordinates": [
          [
            [
              120.12676365299124,
              30.235802560754447
            ],
            [
              120.126764423533,
              30.238057729390242
            ],
            [
              120.12416716031954,
              30.238058372563795
            ],
            [
              120.12416644905022,
              30.23580320389906
            ],
            [
              120.12676365299124,
              30.235802560754447
            ]
          ]
        ]
      },
      "properties": {
        "grid_id": "M4B-R-5EEC8B7710-G-R01-C02",
        "row": 1,
        "column": 2,
        "analysis_status": "ANALYZABLE_LAND",
        "ranking_eligible": true,
        "source_mode": "REAL",
        "population_total": 107.08652803334161,
        "population_age_0_14": 11.912217148424219,
        "population_age_65_plus": 11.916024838439162,
        "elderly_share": 0.1112747332206819,
        "child_share": 0.11123917608679335,
        "vulnerability_share_raw": 0.11126406608051533,
        "lst_median_c": 42.45967589,
        "lst_valid_fraction": 1.0,
        "ndvi_median_land": 0.7960115469531484,
        "green_fraction_land": 0.9216,
        "green_fraction_grid_legacy": 0.9216,
        "water_fraction_grid": 0.0,
        "sentinel_valid_fraction": 1.0,
        "spatial_heat_score": 0.2898089171974522,
        "temporal_severity_score": 0.5238709677419354,
        "hazard_score": 0.36002753236079715,
        "exposure_score": 0.43150193951687127,
        "vulnerability_score": 0.2200042372407753,
        "adaptive_capacity_score": 0.9216,
        "risk_score": 30.764734527169175,
        "risk_percentile_within_aoi": 0.267515923566879,
        "hazard_contribution_points": 14.401101294431886,
        "exposure_contribution_points": 10.787548487921782,
        "vulnerability_contribution_points": 4.400084744815506,
        "adaptive_deficit_contribution_points": 1.1760000000000004,
        "primary_driver": "hazard",
        "temporal_context_id": "era5-temporal:pilot_v1:2026-07-31T03Z",
        "source_ids": [
          "LC09_L2SP_119039_20260731_02_T1",
          "S2C_MSIL2A_20260731T023551_R089_T51RTP_20260731T060913",
          "chn_pop_2026_CN_100m_R2025A_v1.tif"
        ],
        "analysis_reasons": [],
        "landsat_quality_flag": "HIGH",
        "sentinel_quality_flag": "HIGH"
      }
    },
    {
      "type": "Feature",
      "id": "M4B-R-5EEC8B7710-G-R01-C03",
      "geometry": {
        "type": "Polygon",
        "coordinates": [
          [
            [
              120.1293608568971,
              30.23580186615827
            ],
            [
              120.12936168671128,
              30.23805703476281
            ],
            [
              120.126764423533,
              30.238057729390242
            ],
            [
              120.12676365299124,
              30.235802560754447
            ],
            [
              120.1293608568971,
              30.23580186615827
            ]
          ]
        ]
      },
      "properties": {
        "grid_id": "M4B-R-5EEC8B7710-G-R01-C03",
        "row": 1,
        "column": 3,
        "analysis_status": "ANALYZABLE_LAND",
        "ranking_eligible": true,
        "source_mode": "REAL",
        "population_total": 93.9349580615908,
        "population_age_0_14": 10.449245440754797,
        "population_age_65_plus": 10.452586526847918,
        "elderly_share": 0.11127472394243705,
        "child_share": 0.11123915586254361,
        "vulnerability_share_raw": 0.111264053518469,
        "lst_median_c": 41.39667167000002,
        "lst_valid_fraction": 1.0,
        "ndvi_median_land": 0.78190429217825,
        "green_fraction_land": 0.9456,
        "green_fraction_grid_legacy": 0.9456,
        "water_fraction_grid": 0.0,
        "sentinel_valid_fraction": 1.0,
        "spatial_heat_score": 0.2611464968152866,
        "temporal_severity_score": 0.5238709677419354,
        "hazard_score": 0.33996383809328123,
        "exposure_score": 0.4040701996137858,
        "vulnerability_score": 0.22000392214757514,
        "adaptive_capacity_score": 0.9456,
        "risk_score": 28.916386957027402,
        "risk_percentile_within_aoi": 0.23248407643312102,
        "hazard_contribution_points": 13.59855352373125,
        "exposure_contribution_points": 10.101754990344645,
        "vulnerability_contribution_points": 4.400078442951503,
        "adaptive_deficit_contribution_points": 0.8160000000000001,
        "primary_driver": "hazard",
        "temporal_context_id": "era5-temporal:pilot_v1:2026-07-31T03Z",
        "source_ids": [
          "LC09_L2SP_119039_20260731_02_T1",
          "S2C_MSIL2A_20260731T023551_R089_T51RTP_20260731T060913",
          "chn_pop_2026_CN_100m_R2025A_v1.tif"
        ],
        "analysis_reasons": [],
        "landsat_quality_flag": "HIGH",
        "sentinel_quality_flag": "HIGH"
      }
    },
    {
      "type": "Feature",
      "id": "M4B-R-5EEC8B7710-G-R01-C04",
      "geometry": {
        "type": "Polygon",
        "coordinates": [
          [
            [
              120.13195806076513,
              30.23580112011055
            ],
            [
              120.13195894985171,
              30.238056288681513
            ],
            [
              120.12936168671128,
              30.23805703476281
            ],
            [
              120.1293608568971,
              30.23580186615827
            ],
            [
              120.13195806076513,
              30.23580112011055
            ]
          ]
        ]
      },
      "properties": {
        "grid_id": "M4B-R-5EEC8B7710-G-R01-C04",
        "row": 1,
        "column": 4,
        "analysis_status": "ANALYZABLE_LAND",
        "ranking_eligible": true,
        "source_mode": "REAL",
        "population_total": 25.67281574349194,
        "population_age_0_14": 2.8558230699045524,
        "population_age_65_plus": 2.8567354808809653,
        "elderly_share": 0.11127472379437568,
        "child_share": 0.11123918382924178,
        "vulnerability_share_raw": 0.11126406180483549,
        "lst_median_c": 38.35292486000003,
        "lst_valid_fraction": 1.0,
        "ndvi_median_land": 0.7447902415873331,
        "green_fraction_land": 0.7272727272727273,
        "green_fraction_grid_legacy": 0.6656,
        "water_fraction_grid": 0.0848,
        "sentinel_valid_fraction": 1.0,
        "spatial_heat_score": 0.06369426751592357,
        "temporal_severity_score": 0.5238709677419354,
        "hazard_score": 0.2017472775837271,
        "exposure_score": 0.13564209386395687,
        "vulnerability_score": 0.22000412999410476,
        "adaptive_capacity_score": 0.7272727272727273,
        "risk_score": 19.95193514073919,
        "risk_percentile_within_aoi": 0.11464968152866242,
        "hazard_contribution_points": 8.069891103349084,
        "exposure_contribution_points": 3.3910523465989217,
        "vulnerability_contribution_points": 4.400082599882095,
        "adaptive_deficit_contribution_points": 4.090909090909091,
        "primary_driver": "hazard",
        "temporal_context_id": "era5-temporal:pilot_v1:2026-07-31T03Z",
        "source_ids": [
          "LC09_L2SP_119039_20260731_02_T1",
          "S2C_MSIL2A_20260731T023551_R089_T51RTP_20260731T060913",
          "chn_pop_2026_CN_100m_R2025A_v1.tif"
        ],
        "analysis_reasons": [],
        "landsat_quality_flag": "HIGH",
        "sentinel_quality_flag": "HIGH"
      }
    },
    {
      "type": "Feature",
      "id": "M4B-R-5EEC8B7710-G-R01-C05",
      "geometry": {
        "type": "Polygon",
        "coordinates": [
          [
            [
              120.13455526459254,
              30.235800322611272
            ],
            [
              120.13455621295155,
              30.238055491146344
            ],
            [
              120.13195894985171,
              30.238056288681513
            ],
            [
              120.13195806076513,
              30.23580112011055
            ],
            [
              120.13455526459254,
              30.235800322611272
            ]
          ]
        ]
      },
      "properties": {
        "grid_id": "M4B-R-5EEC8B7710-G-R01-C05",
        "row": 1,
        "column": 5,
        "analysis_status": "NON_URBAN_WATER",
        "ranking_eligible": false,
        "source_mode": "REAL",
        "population_total": 0.0,
        "population_age_0_14": 0.0,
        "population_age_65_plus": 0.0,
        "elderly_share": 0.0,
        "child_share": 0.0,
        "vulnerability_share_raw": 0.0,
        "lst_median_c": 33.97785926000006,
        "lst_valid_fraction": 1.0,
        "ndvi_median_land": null,
        "green_fraction_land": null,
        "green_fraction_grid_legacy": 0.0,
        "water_fraction_grid": 1.0,
        "sentinel_valid_fraction": 0.9952,
        "spatial_heat_score": null,
        "temporal_severity_score": 0.5238709677419354,
        "hazard_score": null,
        "exposure_score": null,
        "vulnerability_score": 0.0,
        "adaptive_capacity_score": null,
        "risk_score": null,
        "risk_percentile_within_aoi": null,
        "hazard_contribution_points": null,
        "exposure_contribution_points": null,
        "vulnerability_contribution_points": 0.0,
        "adaptive_deficit_contribution_points": null,
        "primary_driver": "vulnerability",
        "temporal_context_id": "era5-temporal:pilot_v1:2026-07-31T03Z",
        "source_ids": [
          "LC09_L2SP_119039_20260731_02_T1",
          "S2C_MSIL2A_20260731T023551_R089_T51RTP_20260731T060913",
          "chn_pop_2026_CN_100m_R2025A_v1.tif"
        ],
        "analysis_reasons": [
          "WATER_EXCLUDED"
        ],
        "landsat_quality_flag": "HIGH",
        "sentinel_quality_flag": "HIGH"
      }
    },
    {
      "type": "Feature",
      "id": "M4B-R-5EEC8B7710-G-R01-C06",
      "geometry": {
        "type": "Polygon",
        "coordinates": [
          [
            [
              120.13715246837673,
              30.235799473660435
            ],
            [
              120.13715347600812,
              30.2380546421573
            ],
            [
              120.13455621295155,
              30.238055491146344
            ],
            [
              120.13455526459254,
              30.235800322611272
            ],
            [
              120.13715246837673,
              30.235799473660435
            ]
          ]
        ]
      },
      "properties": {
        "grid_id": "M4B-R-5EEC8B7710-G-R01-C06",
        "row": 1,
        "column": 6,
        "analysis_status": "NON_URBAN_WATER",
        "ranking_eligible": false,
        "source_mode": "REAL",
        "population_total": 0.0,
        "population_age_0_14": 0.0,
        "population_age_65_plus": 0.0,
        "elderly_share": 0.0,
        "child_share": 0.0,
        "vulnerability_share_raw": 0.0,
        "lst_median_c": 34.38289463000004,
        "lst_valid_fraction": 1.0,
        "ndvi_median_land": 0.8033899363311583,
        "green_fraction_land": 0.9596774193548387,
        "green_fraction_grid_legacy": 0.1907051282051282,
        "water_fraction_grid": 0.8012820512820513,
        "sentinel_valid_fraction": 0.9984,
        "spatial_heat_score": null,
        "temporal_severity_score": 0.5238709677419354,
        "hazard_score": null,
        "exposure_score": null,
        "vulnerability_score": 0.0,
        "adaptive_capacity_score": null,
        "risk_score": null,
        "risk_percentile_within_aoi": null,
        "hazard_contribution_points": null,
        "exposure_contribution_points": null,
        "vulnerability_contribution_points": 0.0,
        "adaptive_deficit_contribution_points": null,
        "primary_driver": "vulnerability",
        "temporal_context_id": "era5-temporal:pilot_v1:2026-07-31T03Z",
        "source_ids": [
          "LC09_L2SP_119039_20260731_02_T1",
          "S2C_MSIL2A_20260731T023551_R089_T51RTP_20260731T060913",
          "chn_pop_2026_CN_100m_R2025A_v1.tif"
        ],
        "analysis_reasons": [
          "WATER_EXCLUDED"
        ],
        "landsat_quality_flag": "HIGH",
        "sentinel_quality_flag": "HIGH"
      }
    },
    {
      "type": "Feature",
      "id": "M4B-R-5EEC8B7710-G-R01-C07",
      "geometry": {
        "type": "Polygon",
        "coordinates": [
          [
            [
              120.1397496721149,
              30.23579857325805
            ],
            [
              120.13975073901871,
              30.2380537417144
            ],
            [
              120.13715347600812,
              30.2380546421573
            ],
            [
              120.13715246837673,
              30.235799473660435
            ],
            [
              120.1397496721149,
              30.23579857325805
            ]
          ]
        ]
      },
      "properties": {
        "grid_id": "M4B-R-5EEC8B7710-G-R01-C07",
        "row": 1,
        "column": 7,
        "analysis_status": "NON_URBAN_WATER",
        "ranking_eligible": false,
        "source_mode": "REAL",
        "population_total": 0.0,
        "population_age_0_14": 0.0,
        "population_age_65_plus": 0.0,
        "elderly_share": 0.0,
        "child_share": 0.0,
        "vulnerability_share_raw": 0.0,
        "lst_median_c": 33.755687960000046,
        "lst_valid_fraction": 1.0,
        "ndvi_median_land": null,
        "green_fraction_land": null,
        "green_fraction_grid_legacy": 0.0,
        "water_fraction_grid": 1.0,
        "sentinel_valid_fraction": 1.0,
        "spatial_heat_score": null,
        "temporal_severity_score": 0.5238709677419354,
        "hazard_score": null,
        "exposure_score": null,
        "vulnerability_score": 0.0,
        "adaptive_capacity_score": null,
        "risk_score": null,
        "risk_percentile_within_aoi": null,
        "hazard_contribution_points": null,
        "exposure_contribution_points": null,
        "vulnerability_contribution_points": 0.0,
        "adaptive_deficit_contribution_points": null,
        "primary_driver": "vulnerability",
        "temporal_context_id": "era5-temporal:pilot_v1:2026-07-31T03Z",
        "source_ids": [
          "LC09_L2SP_119039_20260731_02_T1",
          "S2C_MSIL2A_20260731T023551_R089_T51RTP_20260731T060913",
          "chn_pop_2026_CN_100m_R2025A_v1.tif"
        ],
        "analysis_reasons": [
          "WATER_EXCLUDED"
        ],
        "landsat_quality_flag": "HIGH",
        "sentinel_quality_flag": "HIGH"
      }
    },
    {
      "type": "Feature",
      "id": "M4B-R-5EEC8B7710-G-R01-C08",
      "geometry": {
        "type": "Polygon",
        "coordinates": [
          [
            [
              120.1423468758044,
              30.23579762140412
            ],
            [
              120.1423480019806,
              30.23805278981762
            ],
            [
              120.13975073901871,
              30.2380537417144
            ],
            [
              120.1397496721149,
              30.23579857325805
            ],
            [
              120.1423468758044,
              30.23579762140412
            ]
          ]
        ]
      },
      "properties": {
        "grid_id": "M4B-R-5EEC8B7710-G-R01-C08",
        "row": 1,
        "column": 8,
        "analysis_status": "NON_URBAN_WATER",
        "ranking_eligible": false,
        "source_mode": "REAL",
        "population_total": 0.011538275526522647,
        "population_age_0_14": 0.001283478640768851,
        "population_age_65_plus": 0.0012838650865107817,
        "elderly_share": 0.11127010128676544,
        "child_share": 0.11123660878253094,
        "vulnerability_share_raw": 0.11126005353549509,
        "lst_median_c": 33.77277806000001,
        "lst_valid_fraction": 1.0,
        "ndvi_median_land": null,
        "green_fraction_land": null,
        "green_fraction_grid_legacy": 0.0,
        "water_fraction_grid": 1.0,
        "sentinel_valid_fraction": 1.0,
        "spatial_heat_score": null,
        "temporal_severity_score": 0.5238709677419354,
        "hazard_score": null,
        "exposure_score": null,
        "vulnerability_score": 0.0,
        "adaptive_capacity_score": null,
        "risk_score": null,
        "risk_percentile_within_aoi": null,
        "hazard_contribution_points": null,
        "exposure_contribution_points": null,
        "vulnerability_contribution_points": 0.0,
        "adaptive_deficit_contribution_points": null,
        "primary_driver": "vulnerability",
        "temporal_context_id": "era5-temporal:pilot_v1:2026-07-31T03Z",
        "source_ids": [
          "LC09_L2SP_119039_20260731_02_T1",
          "S2C_MSIL2A_20260731T023551_R089_T51RTP_20260731T060913",
          "chn_pop_2026_CN_100m_R2025A_v1.tif"
        ],
        "analysis_reasons": [
          "WATER_EXCLUDED"
        ],
        "landsat_quality_flag": "HIGH",
        "sentinel_quality_flag": "HIGH"
      }
    },
    {
      "type": "Feature",
      "id": "M4B-R-5EEC8B7710-G-R01-C09",
      "geometry": {
        "type": "Polygon",
        "coordinates": [
          [
            [
              120.14494407944254,
              30.23579661809866
            ],
            [
              120.14494526489112,
              30.238051786466993
            ],
            [
              120.1423480019806,
              30.23805278981762
            ],
            [
              120.1423468758044,
              30.23579762140412
            ],
            [
              120.14494407944254,
              30.23579661809866
            ]
          ]
        ]
      },
      "properties": {
        "grid_id": "M4B-R-5EEC8B7710-G-R01-C09",
        "row": 1,
        "column": 9,
        "analysis_status": "NON_URBAN_WATER",
        "ranking_eligible": false,
        "source_mode": "REAL",
        "population_total": 4.978495152078018,
        "population_age_0_14": 0.553803231743589,
        "population_age_65_plus": 0.5539804750949657,
        "elderly_share": 0.11127468405060813,
        "child_share": 0.11123908225810608,
        "vulnerability_share_raw": 0.11126400351285749,
        "lst_median_c": 34.58968484000002,
        "lst_valid_fraction": 1.0,
        "ndvi_median_land": 0.8172155539295962,
        "green_fraction_land": 0.9191176470588235,
        "green_fraction_grid_legacy": 0.2,
        "water_fraction_grid": 0.7824,
        "sentinel_valid_fraction": 1.0,
        "spatial_heat_score": null,
        "temporal_severity_score": 0.5238709677419354,
        "hazard_score": null,
        "exposure_score": null,
        "vulnerability_score": 0.0,
        "adaptive_capacity_score": null,
        "risk_score": null,
        "risk_percentile_within_aoi": null,
        "hazard_contribution_points": null,
        "exposure_contribution_points": null,
        "vulnerability_contribution_points": 0.0,
        "adaptive_deficit_contribution_points": null,
        "primary_driver": "vulnerability",
        "temporal_context_id": "era5-temporal:pilot_v1:2026-07-31T03Z",
        "source_ids": [
          "LC09_L2SP_119039_20260731_02_T1",
          "S2C_MSIL2A_20260731T023551_R089_T51RTP_20260731T060913",
          "chn_pop_2026_CN_100m_R2025A_v1.tif"
        ],
        "analysis_reasons": [
          "WATER_EXCLUDED"
        ],
        "landsat_quality_flag": "HIGH",
        "sentinel_quality_flag": "HIGH"
      }
    },
    {
      "type": "Feature",
      "id": "M4B-R-5EEC8B7710-G-R01-C10",
      "geometry": {
        "type": "Polygon",
        "coordinates": [
          [
            [
              120.14754128302657,
              30.235795563341636
            ],
            [
              120.14754252774753,
              30.23805073166251
            ],
            [
              120.14494526489112,
              30.238051786466993
            ],
            [
              120.14494407944254,
              30.23579661809866
            ],
            [
              120.14754128302657,
              30.235795563341636
            ]
          ]
        ]
      },
      "properties": {
        "grid_id": "M4B-R-5EEC8B7710-G-R01-C10",
        "row": 1,
        "column": 10,
        "analysis_status": "NON_URBAN_WATER",
        "ranking_eligible": false,
        "source_mode": "REAL",
        "population_total": 16.91694756551242,
        "population_age_0_14": 1.8818281138453075,
        "population_age_65_plus": 1.8824306568608553,
        "elderly_share": 0.11127484137259226,
        "child_share": 0.11123922365768155,
        "vulnerability_share_raw": 0.11126415605811904,
        "lst_median_c": 36.40465346000002,
        "lst_valid_fraction": 1.0,
        "ndvi_median_land": 0.7412720660175607,
        "green_fraction_land": 0.9052132701421801,
        "green_fraction_grid_legacy": 0.3056,
        "water_fraction_grid": 0.6624,
        "sentinel_valid_fraction": 1.0,
        "spatial_heat_score": null,
        "temporal_severity_score": 0.5238709677419354,
        "hazard_score": null,
        "exposure_score": null,
        "vulnerability_score": 0.0,
        "adaptive_capacity_score": null,
        "risk_score": null,
        "risk_percentile_within_aoi": null,
        "hazard_contribution_points": null,
        "exposure_contribution_points": null,
        "vulnerability_contribution_points": 0.0,
        "adaptive_deficit_contribution_points": null,
        "primary_driver": "vulnerability",
        "temporal_context_id": "era5-temporal:pilot_v1:2026-07-31T03Z",
        "source_ids": [
          "LC09_L2SP_119039_20260731_02_T1",
          "S2C_MSIL2A_20260731T023551_R089_T51RTP_20260731T060913",
          "chn_pop_2026_CN_100m_R2025A_v1.tif"
        ],
        "analysis_reasons": [
          "WATER_EXCLUDED"
        ],
        "landsat_quality_flag": "HIGH",
        "sentinel_quality_flag": "HIGH"
      }
    },
    {
      "type": "Feature",
      "id": "M4B-R-5EEC8B7710-G-R01-C11",
      "geometry": {
        "type": "Polygon",
        "coordinates": [
          [
            [
              120.1501384865538,
              30.23579445713308
            ],
            [
              120.15013979054712,
              30.23804962540418
            ],
            [
              120.14754252774753,
              30.23805073166251
            ],
            [
              120.14754128302657,
              30.235795563341636
            ],
            [
              120.1501384865538,
              30.23579445713308
            ]
          ]
        ]
      },
      "properties": {
        "grid_id": "M4B-R-5EEC8B7710-G-R01-C11",
        "row": 1,
        "column": 11,
        "analysis_status": "NON_URBAN_WATER",
        "ranking_eligible": false,
        "source_mode": "REAL",
        "population_total": 6.351268073936764,
        "population_age_0_14": 0.6578955471068789,
        "population_age_65_plus": 0.6479886842635811,
        "elderly_share": 0.10202508801709773,
        "child_share": 0.10358491240617552,
        "vulnerability_share_raw": 0.10249303533382106,
        "lst_median_c": 34.67684435000004,
        "lst_valid_fraction": 1.0,
        "ndvi_median_land": 0.8541396976989313,
        "green_fraction_land": 0.9919354838709677,
        "green_fraction_grid_legacy": 0.1968,
        "water_fraction_grid": 0.8016,
        "sentinel_valid_fraction": 1.0,
        "spatial_heat_score": null,
        "temporal_severity_score": 0.5238709677419354,
        "hazard_score": null,
        "exposure_score": null,
        "vulnerability_score": 0.0,
        "adaptive_capacity_score": null,
        "risk_score": null,
        "risk_percentile_within_aoi": null,
        "hazard_contribution_points": null,
        "exposure_contribution_points": null,
        "vulnerability_contribution_points": 0.0,
        "adaptive_deficit_contribution_points": null,
        "primary_driver": "vulnerability",
        "temporal_context_id": "era5-temporal:pilot_v1:2026-07-31T03Z",
        "source_ids": [
          "LC09_L2SP_119039_20260731_02_T1",
          "S2C_MSIL2A_20260731T023551_R089_T51RTP_20260731T060913",
          "chn_pop_2026_CN_100m_R2025A_v1.tif"
        ],
        "analysis_reasons": [
          "WATER_EXCLUDED"
        ],
        "landsat_quality_flag": "HIGH",
        "sentinel_quality_flag": "HIGH"
      }
    },
    {
      "type": "Feature",
      "id": "M4B-R-5EEC8B7710-G-R01-C12",
      "geometry": {
        "type": "Polygon",
        "coordinates": [
          [
            [
              120.15273569002154,
              30.23579329947299
            ],
            [
              120.15273705328723,
              30.23804846769198
            ],
            [
              120.15013979054712,
              30.23804962540418
            ],
            [
              120.1501384865538,
              30.23579445713308
            ],
            [
              120.15273569002154,
              30.23579329947299
            ]
          ]
        ]
      },
      "properties": {
        "grid_id": "M4B-R-5EEC8B7710-G-R01-C12",
        "row": 1,
        "column": 12,
        "analysis_status": "ANALYZABLE_LAND",
        "ranking_eligible": true,
        "source_mode": "REAL",
        "population_total": 231.63507284498155,
        "population_age_0_14": 24.000462026617924,
        "population_age_65_plus": 23.640540737392175,
        "elderly_share": 0.10205941806236428,
        "child_share": 0.10361324704346431,
        "vulnerability_share_raw": 0.10252556675669429,
        "lst_median_c": 41.606879900000024,
        "lst_valid_fraction": 1.0,
        "ndvi_median_land": 0.813331175591605,
        "green_fraction_land": 0.8512,
        "green_fraction_grid_legacy": 0.8512,
        "water_fraction_grid": 0.0,
        "sentinel_valid_fraction": 1.0,
        "spatial_heat_score": 0.27070063694267515,
        "temporal_severity_score": 0.5238709677419354,
        "hazard_score": 0.3466517361824532,
        "exposure_score": 0.5935759514481992,
        "vulnerability_score": 0.0008168814146987654,
        "adaptive_capacity_score": 0.8512,
        "risk_score": 30.953805861797086,
        "risk_percentile_within_aoi": 0.27070063694267515,
        "hazard_contribution_points": 13.866069447298129,
        "exposure_contribution_points": 14.83939878620498,
        "vulnerability_contribution_points": 0.01633762829397531,
        "adaptive_deficit_contribution_points": 2.2320000000000007,
        "primary_driver": "exposure",
        "temporal_context_id": "era5-temporal:pilot_v1:2026-07-31T03Z",
        "source_ids": [
          "LC09_L2SP_119039_20260731_02_T1",
          "S2C_MSIL2A_20260731T023551_R089_T51RTP_20260731T060913",
          "chn_pop_2026_CN_100m_R2025A_v1.tif"
        ],
        "analysis_reasons": [],
        "landsat_quality_flag": "HIGH",
        "sentinel_quality_flag": "HIGH"
      }
    },
    {
      "type": "Feature",
      "id": "M4B-R-5EEC8B7710-G-R01-C13",
      "geometry": {
        "type": "Polygon",
        "coordinates": [
          [
            [
              120.1553328934271,
              30.235792090361368
            ],
            [
              120.1553343159651,
              30.23804725852595
            ],
            [
              120.15273705328723,
              30.23804846769198
            ],
            [
              120.15273569002154,
              30.23579329947299
            ],
            [
              120.1553328934271,
              30.235792090361368
            ]
          ]
        ]
      },
      "properties": {
        "grid_id": "M4B-R-5EEC8B7710-G-R01-C13",
        "row": 1,
        "column": 13,
        "analysis_status": "ANALYZABLE_LAND",
        "ranking_eligible": true,
        "source_mode": "REAL",
        "population_total": 767.4720618141071,
        "population_age_0_14": 79.4984562562752,
        "population_age_65_plus": 78.30139800186379,
        "elderly_share": 0.10202507934527202,
        "child_share": 0.10358482114431794,
        "vulnerability_share_raw": 0.1024930018849858,
        "lst_median_c": 45.57861914000003,
        "lst_valid_fraction": 1.0,
        "ndvi_median_land": 0.3668897958612245,
        "green_fraction_land": 0.6656,
        "green_fraction_grid_legacy": 0.6656,
        "water_fraction_grid": 0.0,
        "sentinel_valid_fraction": 1.0,
        "spatial_heat_score": 0.3885350318471338,
        "temporal_severity_score": 0.5238709677419354,
        "hazard_score": 0.4291358126155742,
        "exposure_score": 0.8462279836278745,
        "vulnerability_score": 5.831291708493391e-08,
        "adaptive_capacity_score": 0.6656,
        "risk_score": 43.33713326157817,
        "risk_percentile_within_aoi": 0.35668789808917195,
        "hazard_contribution_points": 17.16543250462297,
        "exposure_contribution_points": 21.155699590696862,
        "vulnerability_contribution_points": 1.1662583416986782e-06,
        "adaptive_deficit_contribution_points": 5.016,
        "primary_driver": "exposure",
        "temporal_context_id": "era5-temporal:pilot_v1:2026-07-31T03Z",
        "source_ids": [
          "LC09_L2SP_119039_20260731_02_T1",
          "S2C_MSIL2A_20260731T023551_R089_T51RTP_20260731T060913",
          "chn_pop_2026_CN_100m_R2025A_v1.tif"
        ],
        "analysis_reasons": [],
        "landsat_quality_flag": "HIGH",
        "sentinel_quality_flag": "HIGH"
      }
    },
    {
      "type": "Feature",
      "id": "M4B-R-5EEC8B7710-G-R01-C14",
      "geometry": {
        "type": "Polygon",
        "coordinates": [
          [
            [
              120.15793009676773,
              30.23579082979822
            ],
            [
              120.1579315785781,
              30.238045997906074
            ],
            [
              120.1553343159651,
              30.23804725852595
            ],
            [
              120.1553328934271,
              30.235792090361368
            ],
            [
              120.15793009676773,
              30.23579082979822
            ]
          ]
        ]
      },
      "properties": {
        "grid_id": "M4B-R-5EEC8B7710-G-R01-C14",
        "row": 1,
        "column": 14,
        "analysis_status": "ANALYZABLE_LAND",
        "ranking_eligible": true,
        "source_mode": "REAL",
        "population_total": 707.3293746371834,
        "population_age_0_14": 73.26858417734462,
        "population_age_65_plus": 72.16533875236931,
        "elderly_share": 0.10202508384355691,
        "child_share": 0.10358481749033385,
        "vulnerability_share_raw": 0.10249300393758999,
        "lst_median_c": 44.51903293999999,
        "lst_valid_fraction": 1.0,
        "ndvi_median_land": 0.5589636373685427,
        "green_fraction_land": 0.8688,
        "green_fraction_grid_legacy": 0.8688,
        "water_fraction_grid": 0.0,
        "sentinel_valid_fraction": 1.0,
        "spatial_heat_score": 0.3503184713375796,
        "temporal_severity_score": 0.5238709677419354,
        "hazard_score": 0.4023842202588863,
        "exposure_score": 0.8289969965386534,
        "vulnerability_score": 1.0979828888438689e-07,
        "adaptive_capacity_score": 0.8688,
        "risk_score": 38.788295919787565,
        "risk_percentile_within_aoi": 0.3248407643312102,
        "hazard_contribution_points": 16.095368810355453,
        "exposure_contribution_points": 20.724924913466335,
        "vulnerability_contribution_points": 2.195965777687738e-06,
        "adaptive_deficit_contribution_points": 1.9679999999999997,
        "primary_driver": "exposure",
        "temporal_context_id": "era5-temporal:pilot_v1:2026-07-31T03Z",
        "source_ids": [
          "LC09_L2SP_119039_20260731_02_T1",
          "S2C_MSIL2A_20260731T023551_R089_T51RTP_20260731T060913",
          "chn_pop_2026_CN_100m_R2025A_v1.tif"
        ],
        "analysis_reasons": [],
        "landsat_quality_flag": "HIGH",
        "sentinel_quality_flag": "HIGH"
      }
    },
    {
      "type": "Feature",
      "id": "M4B-R-5EEC8B7710-G-R01-C15",
      "geometry": {
        "type": "Polygon",
        "coordinates": [
          [
            [
              120.16052730004074,
              30.23578951778355
            ],
            [
              120.16052884112347,
              30.23804468583236
            ],
            [
              120.1579315785781,
              30.238045997906074
            ],
            [
              120.15793009676773,
              30.23579082979822
            ],
            [
              120.16052730004074,
              30.23578951778355
            ]
          ]
        ]
      },
      "properties": {
        "grid_id": "M4B-R-5EEC8B7710-G-R01-C15",
        "row": 1,
        "column": 15,
        "analysis_status": "ANALYZABLE_LAND",
        "ranking_eligible": true,
        "source_mode": "REAL",
        "population_total": 195.45234784299214,
        "population_age_0_14": 20.24589584720713,
        "population_age_65_plus": 19.941041976298422,
        "elderly_share": 0.10202508282129802,
        "child_share": 0.10358481783739308,
        "vulnerability_share_raw": 0.10249300332612653,
        "lst_median_c": 41.37274553000003,
        "lst_valid_fraction": 1.0,
        "ndvi_median_land": 0.8649932126624484,
        "green_fraction_land": 0.9584,
        "green_fraction_grid_legacy": 0.9584,
        "water_fraction_grid": 0.0,
        "sentinel_valid_fraction": 1.0,
        "spatial_heat_score": 0.25796178343949044,
        "temporal_severity_score": 0.5238709677419354,
        "hazard_score": 0.3377345387302239,
        "exposure_score": 0.5578324399085484,
        "vulnerability_score": 9.446098041577747e-08,
        "adaptive_capacity_score": 0.9584,
        "risk_score": 28.079194436142274,
        "risk_percentile_within_aoi": 0.2197452229299363,
        "hazard_contribution_points": 13.509381549208957,
        "exposure_contribution_points": 13.945810997713709,
        "vulnerability_contribution_points": 1.8892196083155495e-06,
        "adaptive_deficit_contribution_points": 0.6239999999999996,
        "primary_driver": "exposure",
        "temporal_context_id": "era5-temporal:pilot_v1:2026-07-31T03Z",
        "source_ids": [
          "LC09_L2SP_119039_20260731_02_T1",
          "S2C_MSIL2A_20260731T023551_R089_T51RTP_20260731T060913",
          "chn_pop_2026_CN_100m_R2025A_v1.tif"
        ],
        "analysis_reasons": [],
        "landsat_quality_flag": "HIGH",
        "sentinel_quality_flag": "HIGH"
      }
    },
    {
      "type": "Feature",
      "id": "M4B-R-5EEC8B7710-G-R01-C16",
      "geometry": {
        "type": "Polygon",
        "coordinates": [
          [
            [
              120.16312450324344,
              30.23578815431736
            ],
            [
              120.16312610359847,
              30.238043322304804
            ],
            [
              120.16052884112347,
              30.23804468583236
            ],
            [
              120.16052730004074,
              30.23578951778355
            ],
            [
              120.16312450324344,
              30.23578815431736
            ]
          ]
        ]
      },
      "properties": {
        "grid_id": "M4B-R-5EEC8B7710-G-R01-C16",
        "row": 1,
        "column": 16,
        "analysis_status": "ANALYZABLE_LAND",
        "ranking_eligible": true,
        "source_mode": "REAL",
        "population_total": 454.0518936663393,
        "population_age_0_14": 47.03288527986824,
        "population_age_65_plus": 46.3246825324747,
        "elderly_share": 0.10202508386963463,
        "child_share": 0.10358482353215429,
        "vulnerability_share_raw": 0.10249300576839053,
        "lst_median_c": 44.11057955000001,
        "lst_valid_fraction": 1.0,
        "ndvi_median_land": 0.860699928025738,
        "green_fraction_land": 0.768,
        "green_fraction_grid_legacy": 0.768,
        "water_fraction_grid": 0.0,
        "sentinel_valid_fraction": 1.0,
        "spatial_heat_score": 0.34394904458598724,
        "temporal_severity_score": 0.5238709677419354,
        "hazard_score": 0.39792562153277167,
        "exposure_score": 0.7354369935736551,
        "vulnerability_score": 1.55720170240292e-07,
        "adaptive_capacity_score": 0.768,
        "risk_score": 37.78295281505565,
        "risk_percentile_within_aoi": 0.31528662420382164,
        "hazard_contribution_points": 15.917024861310868,
        "exposure_contribution_points": 18.385924839341378,
        "vulnerability_contribution_points": 3.11440340480584e-06,
        "adaptive_deficit_contribution_points": 3.4799999999999995,
        "primary_driver": "exposure",
        "temporal_context_id": "era5-temporal:pilot_v1:2026-07-31T03Z",
        "source_ids": [
          "LC09_L2SP_119039_20260731_02_T1",
          "S2C_MSIL2A_20260731T023551_R089_T51RTP_20260731T060913",
          "chn_pop_2026_CN_100m_R2025A_v1.tif"
        ],
        "analysis_reasons": [],
        "landsat_quality_flag": "HIGH",
        "sentinel_quality_flag": "HIGH"
      }
    },
    {
      "type": "Feature",
      "id": "M4B-R-5EEC8B7710-G-R01-C17",
      "geometry": {
        "type": "Polygon",
        "coordinates": [
          [
            [
              120.1657217063731,
              30.23578673939966
            ],
            [
              120.16572336600049,
              30.238041907323428
            ],
            [
              120.16312610359847,
              30.238043322304804
            ],
            [
              120.16312450324344,
              30.23578815431736
            ],
            [
              120.1657217063731,
              30.23578673939966
            ]
          ]
        ]
      },
      "properties": {
        "grid_id": "M4B-R-5EEC8B7710-G-R01-C17",
        "row": 1,
        "column": 17,
        "analysis_status": "ANALYZABLE_LAND",
        "ranking_eligible": true,
        "source_mode": "REAL",
        "population_total": 1105.9319123018672,
        "population_age_0_14": 114.55776038590668,
        "population_age_65_plus": 112.83278745437308,
        "elderly_share": 0.1020250760460695,
        "child_share": 0.10358482209584509,
        "vulnerability_share_raw": 0.10249299986100219,
        "lst_median_c": 53.25891008000002,
        "lst_valid_fraction": 1.0,
        "ndvi_median_land": 0.07486878221206957,
        "green_fraction_land": 0.1152,
        "green_fraction_grid_legacy": 0.1152,
        "water_fraction_grid": 0.0,
        "sentinel_valid_fraction": 1.0,
        "spatial_heat_score": 1.0,
        "temporal_severity_score": 0.5238709677419354,
        "hazard_score": 0.8571612903225806,
        "exposure_score": 0.9233901594812539,
        "vulnerability_score": 7.545434210321282e-09,
        "adaptive_capacity_score": 0.1152,
        "risk_score": 70.64320575084326,
        "risk_percentile_within_aoi": 0.8439490445859873,
        "hazard_contribution_points": 34.28645161290322,
        "exposure_contribution_points": 23.08475398703135,
        "vulnerability_contribution_points": 1.5090868420642565e-07,
        "adaptive_deficit_contribution_points": 13.272,
        "primary_driver": "hazard",
        "temporal_context_id": "era5-temporal:pilot_v1:2026-07-31T03Z",
        "source_ids": [
          "LC09_L2SP_119039_20260731_02_T1",
          "S2C_MSIL2A_20260731T023551_R089_T51RTP_20260731T060913",
          "chn_pop_2026_CN_100m_R2025A_v1.tif"
        ],
        "analysis_reasons": [],
        "landsat_quality_flag": "HIGH",
        "sentinel_quality_flag": "HIGH"
      }
    },
    {
      "type": "Feature",
      "id": "M4B-R-5EEC8B7710-G-R01-C18",
      "geometry": {
        "type": "Polygon",
        "coordinates": [
          [
            [
              120.16831890942707,
              30.235785273030437
            ],
            [
              120.16832062832675,
              30.23804044088821
            ],
            [
              120.16572336600049,
              30.238041907323428
            ],
            [
              120.1657217063731,
              30.23578673939966
            ],
            [
              120.16831890942707,
              30.235785273030437
            ]
          ]
        ]
      },
      "properties": {
        "grid_id": "M4B-R-5EEC8B7710-G-R01-C18",
        "row": 1,
        "column": 18,
        "analysis_status": "ANALYZABLE_LAND",
        "ranking_eligible": true,
        "source_mode": "REAL",
        "population_total": 972.8810218644529,
        "population_age_0_14": 100.7757036843736,
        "population_age_65_plus": 99.25826059800589,
        "elderly_share": 0.10202507641457013,
        "child_share": 0.10358481810164678,
        "vulnerability_share_raw": 0.10249299892069312,
        "lst_median_c": 47.868692539999984,
        "lst_valid_fraction": 1.0,
        "ndvi_median_land": 0.38903964475639624,
        "green_fraction_land": 0.5824,
        "green_fraction_grid_legacy": 0.5824,
        "water_fraction_grid": 0.0,
        "sentinel_valid_fraction": 1.0,
        "spatial_heat_score": 0.60828025477707,
        "temporal_severity_score": 0.5238709677419354,
        "hazard_score": 0.5829574686665296,
        "exposure_score": 0.8963140137726345,
        "vulnerability_score": 0.0,
        "adaptive_capacity_score": 0.5824,
        "risk_score": 51.990149090977056,
        "risk_percentile_within_aoi": 0.46496815286624205,
        "hazard_contribution_points": 23.318298746661185,
        "exposure_contribution_points": 22.407850344315865,
        "vulnerability_contribution_points": 0.0,
        "adaptive_deficit_contribution_points": 6.263999999999999,
        "primary_driver": "hazard",
        "temporal_context_id": "era5-temporal:pilot_v1:2026-07-31T03Z",
        "source_ids": [
          "LC09_L2SP_119039_20260731_02_T1",
          "S2C_MSIL2A_20260731T023551_R089_T51RTP_20260731T060913",
          "chn_pop_2026_CN_100m_R2025A_v1.tif"
        ],
        "analysis_reasons": [],
        "landsat_quality_flag": "HIGH",
        "sentinel_quality_flag": "HIGH"
      }
    },
    {
      "type": "Feature",
      "id": "M4B-R-5EEC8B7710-G-R01-C19",
      "geometry": {
        "type": "Polygon",
        "coordinates": [
          [
            [
              120.1709161124026,
              30.235783755209727
            ],
            [
              120.17091789057457,
              30.23803892299918
            ],
            [
              120.16832062832675,
              30.23804044088821
            ],
            [
              120.16831890942707,
              30.235785273030437
            ],
            [
              120.1709161124026,
              30.235783755209727
            ]
          ]
        ]
      },
      "properties": {
        "grid_id": "M4B-R-5EEC8B7710-G-R01-C19",
        "row": 1,
        "column": 19,
        "analysis_status": "ANALYZABLE_LAND",
        "ranking_eligible": true,
        "source_mode": "REAL",
        "population_total": 858.0861145334125,
        "population_age_0_14": 88.88469749830823,
        "population_age_65_plus": 87.54630243036894,
        "elderly_share": 0.10202507760887446,
        "child_share": 0.10358482207422691,
        "vulnerability_share_raw": 0.10249300094848018,
        "lst_median_c": 50.155347920000054,
        "lst_valid_fraction": 1.0,
        "ndvi_median_land": 0.30729367887162995,
        "green_fraction_land": 0.5168,
        "green_fraction_grid_legacy": 0.5168,
        "water_fraction_grid": 0.0,
        "sentinel_valid_fraction": 1.0,
        "spatial_heat_score": 0.9235668789808917,
        "temporal_severity_score": 0.5238709677419354,
        "hazard_score": 0.8036581056092048,
        "exposure_score": 0.8697957014351599,
        "vulnerability_score": 3.4822592192276144e-08,
        "adaptive_capacity_score": 0.5168,
        "risk_score": 61.139217456699036,
        "risk_percentile_within_aoi": 0.6656050955414012,
        "hazard_contribution_points": 32.14632422436819,
        "exposure_contribution_points": 21.744892535879,
        "vulnerability_contribution_points": 6.964518438455228e-07,
        "adaptive_deficit_contribution_points": 7.247999999999999,
        "primary_driver": "hazard",
        "temporal_context_id": "era5-temporal:pilot_v1:2026-07-31T03Z",
        "source_ids": [
          "LC09_L2SP_119039_20260731_02_T1",
          "S2C_MSIL2A_20260731T023551_R089_T51RTP_20260731T060913",
          "chn_pop_2026_CN_100m_R2025A_v1.tif"
        ],
        "analysis_reasons": [],
        "landsat_quality_flag": "HIGH",
        "sentinel_quality_flag": "HIGH"
      }
    },
    {
      "type": "Feature",
      "id": "M4B-R-5EEC8B7710-G-R02-C00",
      "geometry": {
        "type": "Polygon",
        "coordinates": [
          [
            [
              120.12156989707364,
              30.23805896428347
            ],
            [
              120.12157054912967,
              30.240314132197927
            ],
            [
              120.11897322657622,
              30.240314672488044
            ],
            [
              120.11897263379798,
              30.23805950454927
            ],
            [
              120.12156989707364,
              30.23805896428347
            ]
          ]
        ]
      },
      "properties": {
        "grid_id": "M4B-R-5EEC8B7710-G-R02-C00",
        "row": 2,
        "column": 0,
        "analysis_status": "ANALYZABLE_LAND",
        "ranking_eligible": true,
        "source_mode": "REAL",
        "population_total": 84.71889138756079,
        "population_age_0_14": 9.424058437599413,
        "population_age_65_plus": 9.427068126722691,
        "elderly_share": 0.11127468705411861,
        "child_share": 0.11123916145795011,
        "vulnerability_share_raw": 0.11126402937526805,
        "lst_median_c": 39.870525740000005,
        "lst_valid_fraction": 1.0,
        "ndvi_median_land": 0.7643287849718476,
        "green_fraction_land": 0.8438003220611916,
        "green_fraction_grid_legacy": 0.8384,
        "water_fraction_grid": 0.0064,
        "sentinel_valid_fraction": 1.0,
        "spatial_heat_score": 0.17834394904458598,
        "temporal_severity_score": 0.5238709677419354,
        "hazard_score": 0.2820020546537908,
        "exposure_score": 0.38247860412315765,
        "vulnerability_score": 0.22000331656483355,
        "adaptive_capacity_score": 0.8438003220611916,
        "risk_score": 27.585108789609368,
        "risk_percentile_within_aoi": 0.2070063694267516,
        "hazard_contribution_points": 11.280082186151631,
        "exposure_contribution_points": 9.561965103078942,
        "vulnerability_contribution_points": 4.400066331296671,
        "adaptive_deficit_contribution_points": 2.3429951690821262,
        "primary_driver": "hazard",
        "temporal_context_id": "era5-temporal:pilot_v1:2026-07-31T03Z",
        "source_ids": [
          "LC09_L2SP_119039_20260731_02_T1",
          "S2C_MSIL2A_20260731T023551_R089_T51RTP_20260731T060913",
          "chn_pop_2026_CN_100m_R2025A_v1.tif"
        ],
        "analysis_reasons": [],
        "landsat_quality_flag": "HIGH",
        "sentinel_quality_flag": "HIGH"
      }
    },
    {
      "type": "Feature",
      "id": "M4B-R-5EEC8B7710-G-R02-C01",
      "geometry": {
        "type": "Polygon",
        "coordinates": [
          [
            [
              120.12416716031954,
              30.238058372563795
            ],
            [
              120.1241678716534,
              30.24031354045162
            ],
            [
              120.12157054912967,
              30.240314132197927
            ],
            [
              120.12156989707364,
              30.23805896428347
            ],
            [
              120.12416716031954,
              30.238058372563795
            ]
          ]
        ]
      },
      "properties": {
        "grid_id": "M4B-R-5EEC8B7710-G-R02-C01",
        "row": 2,
        "column": 1,
        "analysis_status": "ANALYZABLE_LAND",
        "ranking_eligible": true,
        "source_mode": "REAL",
        "population_total": 34.6972260008783,
        "population_age_0_14": 3.8596895419527133,
        "population_age_65_plus": 3.860921263146957,
        "elderly_share": 0.11127463800850317,
        "child_share": 0.1112391388826015,
        "vulnerability_share_raw": 0.11126398827073267,
        "lst_median_c": 38.56484210000002,
        "lst_valid_fraction": 1.0,
        "ndvi_median_land": 0.8662361780790032,
        "green_fraction_land": 0.9293924466338259,
        "green_fraction_grid_legacy": 0.9056,
        "water_fraction_grid": 0.0256,
        "sentinel_valid_fraction": 1.0,
        "spatial_heat_score": 0.08280254777070063,
        "temporal_severity_score": 0.5238709677419354,
        "hazard_score": 0.21512307376207104,
        "exposure_score": 0.1972605134246925,
        "vulnerability_score": 0.22000228554176082,
        "adaptive_capacity_score": 0.9293924466338259,
        "risk_score": 18.99559479742798,
        "risk_percentile_within_aoi": 0.09872611464968153,
        "hazard_contribution_points": 8.604922950482841,
        "exposure_contribution_points": 4.931512835617313,
        "vulnerability_contribution_points": 4.400045710835217,
        "adaptive_deficit_contribution_points": 1.0591133004926112,
        "primary_driver": "hazard",
        "temporal_context_id": "era5-temporal:pilot_v1:2026-07-31T03Z",
        "source_ids": [
          "LC09_L2SP_119039_20260731_02_T1",
          "S2C_MSIL2A_20260731T023551_R089_T51RTP_20260731T060913",
          "chn_pop_2026_CN_100m_R2025A_v1.tif"
        ],
        "analysis_reasons": [],
        "landsat_quality_flag": "HIGH",
        "sentinel_quality_flag": "HIGH"
      }
    },
    {
      "type": "Feature",
      "id": "M4B-R-5EEC8B7710-G-R02-C02",
      "geometry": {
        "type": "Polygon",
        "coordinates": [
          [
            [
              120.126764423533,
              30.238057729390242
            ],
            [
              120.12676519414464,
              30.24031289724912
            ],
            [
              120.1241678716534,
              30.24031354045162
            ],
            [
              120.12416716031954,
              30.238058372563795
            ],
            [
              120.126764423533,
              30.238057729390242
            ]
          ]
        ]
      },
      "properties": {
        "grid_id": "M4B-R-5EEC8B7710-G-R02-C02",
        "row": 2,
        "column": 2,
        "analysis_status": "ANALYZABLE_LAND",
        "ranking_eligible": true,
        "source_mode": "REAL",
        "population_total": 40.6773111645403,
        "population_age_0_14": 4.524907819711837,
        "population_age_65_plus": 4.526358619943466,
        "elderly_share": 0.1112747743240521,
        "child_share": 0.11123910824411477,
        "vulnerability_share_raw": 0.11126407450007089,
        "lst_median_c": 38.69814488000003,
        "lst_valid_fraction": 1.0,
        "ndvi_median_land": 0.8891597062352781,
        "green_fraction_land": 0.976,
        "green_fraction_grid_legacy": 0.976,
        "water_fraction_grid": 0.0,
        "sentinel_valid_fraction": 1.0,
        "spatial_heat_score": 0.09235668789808917,
        "temporal_severity_score": 0.5238709677419354,
        "hazard_score": 0.22181097185124302,
        "exposure_score": 0.2300085637929927,
        "vulnerability_score": 0.22000444842808028,
        "adaptive_capacity_score": 0.976,
        "risk_score": 19.382741937436144,
        "risk_percentile_within_aoi": 0.10191082802547771,
        "hazard_contribution_points": 8.87243887404972,
        "exposure_contribution_points": 5.750214094824817,
        "vulnerability_contribution_points": 4.400088968561605,
        "adaptive_deficit_contribution_points": 0.3600000000000003,
        "primary_driver": "hazard",
        "temporal_context_id": "era5-temporal:pilot_v1:2026-07-31T03Z",
        "source_ids": [
          "LC09_L2SP_119039_20260731_02_T1",
          "S2C_MSIL2A_20260731T023551_R089_T51RTP_20260731T060913",
          "chn_pop_2026_CN_100m_R2025A_v1.tif"
        ],
        "analysis_reasons": [],
        "landsat_quality_flag": "HIGH",
        "sentinel_quality_flag": "HIGH"
      }
    },
    {
      "type": "Feature",
      "id": "M4B-R-5EEC8B7710-G-R02-C03",
      "geometry": {
        "type": "Polygon",
        "coordinates": [
          [
            [
              120.12936168671128,
              30.23805703476281
            ],
            [
              120.12936251660071,
              30.240312202590424
            ],
            [
              120.12676519414464,
              30.24031289724912
            ],
            [
              120.126764423533,
              30.238057729390242
            ],
            [
              120.12936168671128,
              30.23805703476281
            ]
          ]
        ]
      },
      "properties": {
        "grid_id": "M4B-R-5EEC8B7710-G-R02-C03",
        "row": 2,
        "column": 3,
        "analysis_status": "ANALYZABLE_LAND",
        "ranking_eligible": true,
        "source_mode": "REAL",
        "population_total": 60.05353163265506,
        "population_age_0_14": 6.680305002234253,
        "population_age_65_plus": 6.682441585376624,
        "elderly_share": 0.11127474777424981,
        "child_share": 0.11123916979766318,
        "vulnerability_share_raw": 0.11126407438127381,
        "lst_median_c": 40.241380910000004,
        "lst_valid_fraction": 1.0,
        "ndvi_median_land": 0.8900969032399135,
        "green_fraction_land": 0.976,
        "green_fraction_grid_legacy": 0.976,
        "water_fraction_grid": 0.0,
        "sentinel_valid_fraction": 1.0,
        "spatial_heat_score": 0.19904458598726116,
        "temporal_severity_score": 0.5238709677419354,
        "hazard_score": 0.2964925005136634,
        "exposure_score": 0.31073363840546675,
        "vulnerability_score": 0.2200044454482988,
        "adaptive_capacity_score": 0.976,
        "risk_score": 24.38812988964918,
        "risk_percentile_within_aoi": 0.17197452229299362,
        "hazard_contribution_points": 11.859700020546535,
        "exposure_contribution_points": 7.768340960136669,
        "vulnerability_contribution_points": 4.4000889089659765,
        "adaptive_deficit_contribution_points": 0.3600000000000003,
        "primary_driver": "hazard",
        "temporal_context_id": "era5-temporal:pilot_v1:2026-07-31T03Z",
        "source_ids": [
          "LC09_L2SP_119039_20260731_02_T1",
          "S2C_MSIL2A_20260731T023551_R089_T51RTP_20260731T060913",
          "chn_pop_2026_CN_100m_R2025A_v1.tif"
        ],
        "analysis_reasons": [],
        "landsat_quality_flag": "HIGH",
        "sentinel_quality_flag": "HIGH"
      }
    },
    {
      "type": "Feature",
      "id": "M4B-R-5EEC8B7710-G-R02-C04",
      "geometry": {
        "type": "Polygon",
        "coordinates": [
          [
            [
              120.13195894985171,
              30.238056288681513
            ],
            [
              120.13195983901892,
              30.240311456475553
            ],
            [
              120.12936251660071,
              30.240312202590424
            ],
            [
              120.12936168671128,
              30.23805703476281
            ],
            [
              120.13195894985171,
              30.238056288681513
            ]
          ]
        ]
      },
      "properties": {
        "grid_id": "M4B-R-5EEC8B7710-G-R02-C04",
        "row": 2,
        "column": 4,
        "analysis_status": "ANALYZABLE_LAND",
        "ranking_eligible": true,
        "source_mode": "REAL",
        "population_total": 64.86165546438089,
        "population_age_0_14": 7.215154848032106,
        "population_age_65_plus": 7.217461295291272,
        "elderly_share": 0.11127470064736134,
        "child_share": 0.11123914115936102,
        "vulnerability_share_raw": 0.11126403280096124,
        "lst_median_c": 40.69426856000001,
        "lst_valid_fraction": 1.0,
        "ndvi_median_land": 0.7123172062740533,
        "green_fraction_land": 0.8947368421052632,
        "green_fraction_grid_legacy": 0.8704,
        "water_fraction_grid": 0.0272,
        "sentinel_valid_fraction": 1.0,
        "spatial_heat_score": 0.22611464968152867,
        "temporal_severity_score": 0.5238709677419354,
        "hazard_score": 0.31544154509965067,
        "exposure_score": 0.3267616304230927,
        "vulnerability_score": 0.22000340249133005,
        "adaptive_capacity_score": 0.8947368421052632,
        "risk_score": 26.765717982810997,
        "risk_percentile_within_aoi": 0.1942675159235669,
        "hazard_contribution_points": 12.617661803986026,
        "exposure_contribution_points": 8.169040760577317,
        "vulnerability_contribution_points": 4.400068049826601,
        "adaptive_deficit_contribution_points": 1.5789473684210527,
        "primary_driver": "hazard",
        "temporal_context_id": "era5-temporal:pilot_v1:2026-07-31T03Z",
        "source_ids": [
          "LC09_L2SP_119039_20260731_02_T1",
          "S2C_MSIL2A_20260731T023551_R089_T51RTP_20260731T060913",
          "chn_pop_2026_CN_100m_R2025A_v1.tif"
        ],
        "analysis_reasons": [],
        "landsat_quality_flag": "HIGH",
        "sentinel_quality_flag": "HIGH"
      }
    },
    {
      "type": "Feature",
      "id": "M4B-R-5EEC8B7710-G-R02-C05",
      "geometry": {
        "type": "Polygon",
        "coordinates": [
          [
            [
              120.13455621295155,
              30.238055491146344
            ],
            [
              120.13455716139657,
              30.24031065890449
            ],
            [
              120.13195983901892,
              30.240311456475553
            ],
            [
              120.13195894985171,
              30.238056288681513
            ],
            [
              120.13455621295155,
              30.238055491146344
            ]
          ]
        ]
      },
      "properties": {
        "grid_id": "M4B-R-5EEC8B7710-G-R02-C05",
        "row": 2,
        "column": 5,
        "analysis_status": "NON_URBAN_WATER",
        "ranking_eligible": false,
        "source_mode": "REAL",
        "population_total": 2.2480783200155745,
        "population_age_0_14": 0.25007466665184497,
        "population_age_65_plus": 0.2501548784107437,
        "elderly_share": 0.11127498369763676,
        "child_share": 0.1112393035533177,
        "vulnerability_share_raw": 0.11126427965434105,
        "lst_median_c": 34.907560700000005,
        "lst_valid_fraction": 1.0,
        "ndvi_median_land": 0.7282342122628945,
        "green_fraction_land": 1.0,
        "green_fraction_grid_legacy": 0.0784,
        "water_fraction_grid": 0.9216,
        "sentinel_valid_fraction": 1.0,
        "spatial_heat_score": null,
        "temporal_severity_score": 0.5238709677419354,
        "hazard_score": null,
        "exposure_score": null,
        "vulnerability_score": 0.0,
        "adaptive_capacity_score": null,
        "risk_score": null,
        "risk_percentile_within_aoi": null,
        "hazard_contribution_points": null,
        "exposure_contribution_points": null,
        "vulnerability_contribution_points": 0.0,
        "adaptive_deficit_contribution_points": null,
        "primary_driver": "vulnerability",
        "temporal_context_id": "era5-temporal:pilot_v1:2026-07-31T03Z",
        "source_ids": [
          "LC09_L2SP_119039_20260731_02_T1",
          "S2C_MSIL2A_20260731T023551_R089_T51RTP_20260731T060913",
          "chn_pop_2026_CN_100m_R2025A_v1.tif"
        ],
        "analysis_reasons": [
          "WATER_EXCLUDED"
        ],
        "landsat_quality_flag": "HIGH",
        "sentinel_quality_flag": "HIGH"
      }
    },
    {
      "type": "Feature",
      "id": "M4B-R-5EEC8B7710-G-R02-C06",
      "geometry": {
        "type": "Polygon",
        "coordinates": [
          [
            [
              120.13715347600812,
              30.2380546421573
            ],
            [
              120.1371544837309,
              30.24030980987723
            ],
            [
              120.13455716139657,
              30.24031065890449
            ],
            [
              120.13455621295155,
              30.238055491146344
            ],
            [
              120.13715347600812,
              30.2380546421573
            ]
          ]
        ]
      },
      "properties": {
        "grid_id": "M4B-R-5EEC8B7710-G-R02-C06",
        "row": 2,
        "column": 6,
        "analysis_status": "NON_URBAN_WATER",
        "ranking_eligible": false,
        "source_mode": "REAL",
        "population_total": 0.0,
        "population_age_0_14": 0.0,
        "population_age_65_plus": 0.0,
        "elderly_share": 0.0,
        "child_share": 0.0,
        "vulnerability_share_raw": 0.0,
        "lst_median_c": 34.78793000000002,
        "lst_valid_fraction": 1.0,
        "ndvi_median_land": 0.823701449177108,
        "green_fraction_land": 0.9516129032258065,
        "green_fraction_grid_legacy": 0.1888,
        "water_fraction_grid": 0.8016,
        "sentinel_valid_fraction": 1.0,
        "spatial_heat_score": null,
        "temporal_severity_score": 0.5238709677419354,
        "hazard_score": null,
        "exposure_score": null,
        "vulnerability_score": 0.0,
        "adaptive_capacity_score": null,
        "risk_score": null,
        "risk_percentile_within_aoi": null,
        "hazard_contribution_points": null,
        "exposure_contribution_points": null,
        "vulnerability_contribution_points": 0.0,
        "adaptive_deficit_contribution_points": null,
        "primary_driver": "vulnerability",
        "temporal_context_id": "era5-temporal:pilot_v1:2026-07-31T03Z",
        "source_ids": [
          "LC09_L2SP_119039_20260731_02_T1",
          "S2C_MSIL2A_20260731T023551_R089_T51RTP_20260731T060913",
          "chn_pop_2026_CN_100m_R2025A_v1.tif"
        ],
        "analysis_reasons": [
          "WATER_EXCLUDED"
        ],
        "landsat_quality_flag": "HIGH",
        "sentinel_quality_flag": "HIGH"
      }
    },
    {
      "type": "Feature",
      "id": "M4B-R-5EEC8B7710-G-R02-C07",
      "geometry": {
        "type": "Polygon",
        "coordinates": [
          [
            [
              120.13975073901871,
              30.2380537417144
            ],
            [
              120.13975180601926,
              30.240308909393804
            ],
            [
              120.1371544837309,
              30.24030980987723
            ],
            [
              120.13715347600812,
              30.2380546421573
            ],
            [
              120.13975073901871,
              30.2380537417144
            ]
          ]
        ]
      },
      "properties": {
        "grid_id": "M4B-R-5EEC8B7710-G-R02-C07",
        "row": 2,
        "column": 7,
        "analysis_status": "NON_URBAN_WATER",
        "ranking_eligible": false,
        "source_mode": "REAL",
        "population_total": 0.0,
        "population_age_0_14": 0.0,
        "population_age_65_plus": 0.0,
        "elderly_share": 0.0,
        "child_share": 0.0,
        "vulnerability_share_raw": 0.0,
        "lst_median_c": 34.03767461000004,
        "lst_valid_fraction": 1.0,
        "ndvi_median_land": 0.7337616023176559,
        "green_fraction_land": 0.9166666666666666,
        "green_fraction_grid_legacy": 0.0176,
        "water_fraction_grid": 0.9808,
        "sentinel_valid_fraction": 1.0,
        "spatial_heat_score": null,
        "temporal_severity_score": 0.5238709677419354,
        "hazard_score": null,
        "exposure_score": null,
        "vulnerability_score": 0.0,
        "adaptive_capacity_score": null,
        "risk_score": null,
        "risk_percentile_within_aoi": null,
        "hazard_contribution_points": null,
        "exposure_contribution_points": null,
        "vulnerability_contribution_points": 0.0,
        "adaptive_deficit_contribution_points": null,
        "primary_driver": "vulnerability",
        "temporal_context_id": "era5-temporal:pilot_v1:2026-07-31T03Z",
        "source_ids": [
          "LC09_L2SP_119039_20260731_02_T1",
          "S2C_MSIL2A_20260731T023551_R089_T51RTP_20260731T060913",
          "chn_pop_2026_CN_100m_R2025A_v1.tif"
        ],
        "analysis_reasons": [
          "WATER_EXCLUDED"
        ],
        "landsat_quality_flag": "HIGH",
        "sentinel_quality_flag": "HIGH"
      }
    },
    {
      "type": "Feature",
      "id": "M4B-R-5EEC8B7710-G-R02-C08",
      "geometry": {
        "type": "Polygon",
        "coordinates": [
          [
            [
              120.1423480019806,
              30.23805278981762
            ],
            [
              120.14234912825893,
              30.24030795745419
            ],
            [
              120.13975180601926,
              30.240308909393804
            ],
            [
              120.13975073901871,
              30.2380537417144
            ],
            [
              120.1423480019806,
              30.23805278981762
            ]
          ]
        ]
      },
      "properties": {
        "grid_id": "M4B-R-5EEC8B7710-G-R02-C08",
        "row": 2,
        "column": 8,
        "analysis_status": "NON_URBAN_WATER",
        "ranking_eligible": false,
        "source_mode": "REAL",
        "population_total": 0.0,
        "population_age_0_14": 0.0,
        "population_age_65_plus": 0.0,
        "elderly_share": 0.0,
        "child_share": 0.0,
        "vulnerability_share_raw": 0.0,
        "lst_median_c": 34.15730531,
        "lst_valid_fraction": 1.0,
        "ndvi_median_land": 0.8285124710772923,
        "green_fraction_land": 0.9565217391304348,
        "green_fraction_grid_legacy": 0.176,
        "water_fraction_grid": 0.816,
        "sentinel_valid_fraction": 1.0,
        "spatial_heat_score": null,
        "temporal_severity_score": 0.5238709677419354,
        "hazard_score": null,
        "exposure_score": null,
        "vulnerability_score": 0.0,
        "adaptive_capacity_score": null,
        "risk_score": null,
        "risk_percentile_within_aoi": null,
        "hazard_contribution_points": null,
        "exposure_contribution_points": null,
        "vulnerability_contribution_points": 0.0,
        "adaptive_deficit_contribution_points": null,
        "primary_driver": "vulnerability",
        "temporal_context_id": "era5-temporal:pilot_v1:2026-07-31T03Z",
        "source_ids": [
          "LC09_L2SP_119039_20260731_02_T1",
          "S2C_MSIL2A_20260731T023551_R089_T51RTP_20260731T060913",
          "chn_pop_2026_CN_100m_R2025A_v1.tif"
        ],
        "analysis_reasons": [
          "WATER_EXCLUDED"
        ],
        "landsat_quality_flag": "HIGH",
        "sentinel_quality_flag": "HIGH"
      }
    },
    {
      "type": "Feature",
      "id": "M4B-R-5EEC8B7710-G-R02-C09",
      "geometry": {
        "type": "Polygon",
        "coordinates": [
          [
            [
              120.14494526489112,
              30.238051786466993
            ],
            [
              120.1449464504472,
              30.240306954058408
            ],
            [
              120.14234912825893,
              30.24030795745419
            ],
            [
              120.1423480019806,
              30.23805278981762
            ],
            [
              120.14494526489112,
              30.238051786466993
            ]
          ]
        ]
      },
      "properties": {
        "grid_id": "M4B-R-5EEC8B7710-G-R02-C09",
        "row": 2,
        "column": 9,
        "analysis_status": "NON_URBAN_WATER",
        "ranking_eligible": false,
        "source_mode": "REAL",
        "population_total": 0.0,
        "population_age_0_14": 0.0,
        "population_age_65_plus": 0.0,
        "elderly_share": 0.0,
        "child_share": 0.0,
        "vulnerability_share_raw": 0.0,
        "lst_median_c": 34.056473720000014,
        "lst_valid_fraction": 1.0,
        "ndvi_median_land": null,
        "green_fraction_land": null,
        "green_fraction_grid_legacy": 0.0,
        "water_fraction_grid": 1.0,
        "sentinel_valid_fraction": 1.0,
        "spatial_heat_score": null,
        "temporal_severity_score": 0.5238709677419354,
        "hazard_score": null,
        "exposure_score": null,
        "vulnerability_score": 0.0,
        "adaptive_capacity_score": null,
        "risk_score": null,
        "risk_percentile_within_aoi": null,
        "hazard_contribution_points": null,
        "exposure_contribution_points": null,
        "vulnerability_contribution_points": 0.0,
        "adaptive_deficit_contribution_points": null,
        "primary_driver": "vulnerability",
        "temporal_context_id": "era5-temporal:pilot_v1:2026-07-31T03Z",
        "source_ids": [
          "LC09_L2SP_119039_20260731_02_T1",
          "S2C_MSIL2A_20260731T023551_R089_T51RTP_20260731T060913",
          "chn_pop_2026_CN_100m_R2025A_v1.tif"
        ],
        "analysis_reasons": [
          "WATER_EXCLUDED"
        ],
        "landsat_quality_flag": "HIGH",
        "sentinel_quality_flag": "HIGH"
      }
    },
    {
      "type": "Feature",
      "id": "M4B-R-5EEC8B7710-G-R02-C10",
      "geometry": {
        "type": "Polygon",
        "coordinates": [
          [
            [
              120.14754252774753,
              30.23805073166251
            ],
            [
              120.14754377258134,
              30.240305899206458
            ],
            [
              120.1449464504472,
              30.240306954058408
            ],
            [
              120.14494526489112,
              30.238051786466993
            ],
            [
              120.14754252774753,
              30.23805073166251
            ]
          ]
        ]
      },
      "properties": {
        "grid_id": "M4B-R-5EEC8B7710-G-R02-C10",
        "row": 2,
        "column": 10,
        "analysis_status": "NON_URBAN_WATER",
        "ranking_eligible": false,
        "source_mode": "REAL",
        "population_total": 0.0,
        "population_age_0_14": 0.0,
        "population_age_65_plus": 0.0,
        "elderly_share": 0.0,
        "child_share": 0.0,
        "vulnerability_share_raw": 0.0,
        "lst_median_c": 34.129961150000014,
        "lst_valid_fraction": 1.0,
        "ndvi_median_land": null,
        "green_fraction_land": null,
        "green_fraction_grid_legacy": 0.0,
        "water_fraction_grid": 1.0,
        "sentinel_valid_fraction": 1.0,
        "spatial_heat_score": null,
        "temporal_severity_score": 0.5238709677419354,
        "hazard_score": null,
        "exposure_score": null,
        "vulnerability_score": 0.0,
        "adaptive_capacity_score": null,
        "risk_score": null,
        "risk_percentile_within_aoi": null,
        "hazard_contribution_points": null,
        "exposure_contribution_points": null,
        "vulnerability_contribution_points": 0.0,
        "adaptive_deficit_contribution_points": null,
        "primary_driver": "vulnerability",
        "temporal_context_id": "era5-temporal:pilot_v1:2026-07-31T03Z",
        "source_ids": [
          "LC09_L2SP_119039_20260731_02_T1",
          "S2C_MSIL2A_20260731T023551_R089_T51RTP_20260731T060913",
          "chn_pop_2026_CN_100m_R2025A_v1.tif"
        ],
        "analysis_reasons": [
          "WATER_EXCLUDED"
        ],
        "landsat_quality_flag": "HIGH",
        "sentinel_quality_flag": "HIGH"
      }
    },
    {
      "type": "Feature",
      "id": "M4B-R-5EEC8B7710-G-R02-C11",
      "geometry": {
        "type": "Polygon",
        "coordinates": [
          [
            [
              120.15013979054712,
              30.23804962540418
            ],
            [
              120.15014109465871,
              30.24030479289833
            ],
            [
              120.14754377258134,
              30.240305899206458
            ],
            [
              120.14754252774753,
              30.23805073166251
            ],
            [
              120.15013979054712,
              30.23804962540418
            ]
          ]
        ]
      },
      "properties": {
        "grid_id": "M4B-R-5EEC8B7710-G-R02-C11",
        "row": 2,
        "column": 11,
        "analysis_status": "NON_URBAN_WATER",
        "ranking_eligible": false,
        "source_mode": "REAL",
        "population_total": 18.902348900465228,
        "population_age_0_14": 1.9579977919014784,
        "population_age_65_plus": 1.9285136062640338,
        "elderly_share": 0.10202507722289313,
        "child_share": 0.10358489319035306,
        "vulnerability_share_raw": 0.1024930220131311,
        "lst_median_c": 35.09726081000002,
        "lst_valid_fraction": 1.0,
        "ndvi_median_land": 0.7536756027847316,
        "green_fraction_land": 0.9548872180451128,
        "green_fraction_grid_legacy": 0.2032,
        "water_fraction_grid": 0.7872,
        "sentinel_valid_fraction": 1.0,
        "spatial_heat_score": null,
        "temporal_severity_score": 0.5238709677419354,
        "hazard_score": null,
        "exposure_score": null,
        "vulnerability_score": 0.0,
        "adaptive_capacity_score": null,
        "risk_score": null,
        "risk_percentile_within_aoi": null,
        "hazard_contribution_points": null,
        "exposure_contribution_points": null,
        "vulnerability_contribution_points": 0.0,
        "adaptive_deficit_contribution_points": null,
        "primary_driver": "vulnerability",
        "temporal_context_id": "era5-temporal:pilot_v1:2026-07-31T03Z",
        "source_ids": [
          "LC09_L2SP_119039_20260731_02_T1",
          "S2C_MSIL2A_20260731T023551_R089_T51RTP_20260731T060913",
          "chn_pop_2026_CN_100m_R2025A_v1.tif"
        ],
        "analysis_reasons": [
          "WATER_EXCLUDED"
        ],
        "landsat_quality_flag": "HIGH",
        "sentinel_quality_flag": "HIGH"
      }
    },
    {
      "type": "Feature",
      "id": "M4B-R-5EEC8B7710-G-R02-C12",
      "geometry": {
        "type": "Polygon",
        "coordinates": [
          [
            [
              120.15273705328723,
              30.23804846769198
            ],
            [
              120.15273841667656,
              30.240303635134033
            ],
            [
              120.15014109465871,
              30.24030479289833
            ],
            [
              120.15013979054712,
              30.23804962540418
            ],
            [
              120.15273705328723,
              30.23804846769198
            ]
          ]
        ]
      },
      "properties": {
        "grid_id": "M4B-R-5EEC8B7710-G-R02-C12",
        "row": 2,
        "column": 12,
        "analysis_status": "ANALYZABLE_LAND",
        "ranking_eligible": true,
        "source_mode": "REAL",
        "population_total": 150.1620681403235,
        "population_age_0_14": 15.554513824593897,
        "population_age_65_plus": 15.320296178753052,
        "elderly_share": 0.10202507443115752,
        "child_share": 0.1035848401479028,
        "vulnerability_share_raw": 0.1024930041461811,
        "lst_median_c": 41.007017390000016,
        "lst_valid_fraction": 1.0,
        "ndvi_median_land": 0.8290991048461277,
        "green_fraction_land": 0.9168,
        "green_fraction_grid_legacy": 0.9168,
        "water_fraction_grid": 0.0,
        "sentinel_valid_fraction": 1.0,
        "spatial_heat_score": 0.23885350318471338,
        "temporal_severity_score": 0.5238709677419354,
        "hazard_score": 0.32435874255187996,
        "exposure_score": 0.5024219402622583,
        "vulnerability_score": 1.1503036942369138e-07,
        "adaptive_capacity_score": 0.9168,
        "risk_score": 26.782900509239045,
        "risk_percentile_within_aoi": 0.19745222929936307,
        "hazard_contribution_points": 12.974349702075198,
        "exposure_contribution_points": 12.560548506556458,
        "vulnerability_contribution_points": 2.3006073884738274e-06,
        "adaptive_deficit_contribution_points": 1.2480000000000007,
        "primary_driver": "hazard",
        "temporal_context_id": "era5-temporal:pilot_v1:2026-07-31T03Z",
        "source_ids": [
          "LC09_L2SP_119039_20260731_02_T1",
          "S2C_MSIL2A_20260731T023551_R089_T51RTP_20260731T060913",
          "chn_pop_2026_CN_100m_R2025A_v1.tif"
        ],
        "analysis_reasons": [],
        "landsat_quality_flag": "HIGH",
        "sentinel_quality_flag": "HIGH"
      }
    },
    {
      "type": "Feature",
      "id": "M4B-R-5EEC8B7710-G-R02-C13",
      "geometry": {
        "type": "Polygon",
        "coordinates": [
          [
            [
              120.1553343159651,
              30.23804725852595
            ],
            [
              120.15533573863216,
              30.24030242591358
            ],
            [
              120.15273841667656,
              30.240303635134033
            ],
            [
              120.15273705328723,
              30.23804846769198
            ],
            [
              120.1553343159651,
              30.23804725852595
            ]
          ]
        ]
      },
      "properties": {
        "grid_id": "M4B-R-5EEC8B7710-G-R02-C13",
        "row": 2,
        "column": 13,
        "analysis_status": "ANALYZABLE_LAND",
        "ranking_eligible": true,
        "source_mode": "REAL",
        "population_total": 714.1008786775675,
        "population_age_0_14": 73.97000905109849,
        "population_age_65_plus": 72.85619443356666,
        "elderly_share": 0.1020250732200301,
        "child_share": 0.10358481729931829,
        "vulnerability_share_raw": 0.10249299644381656,
        "lst_median_c": 46.65529544000003,
        "lst_valid_fraction": 1.0,
        "ndvi_median_land": 0.5377638153521058,
        "green_fraction_land": 0.7424,
        "green_fraction_grid_legacy": 0.7424,
        "water_fraction_grid": 0.0,
        "sentinel_valid_fraction": 1.0,
        "spatial_heat_score": 0.4872611464968153,
        "temporal_severity_score": 0.5238709677419354,
        "hazard_score": 0.4982440928703513,
        "exposure_score": 0.831008688091222,
        "vulnerability_score": 0.0,
        "adaptive_capacity_score": 0.7424,
        "risk_score": 44.568980917094606,
        "risk_percentile_within_aoi": 0.3821656050955414,
        "hazard_contribution_points": 19.92976371481405,
        "exposure_contribution_points": 20.77521720228055,
        "vulnerability_contribution_points": 0.0,
        "adaptive_deficit_contribution_points": 3.8640000000000008,
        "primary_driver": "exposure",
        "temporal_context_id": "era5-temporal:pilot_v1:2026-07-31T03Z",
        "source_ids": [
          "LC09_L2SP_119039_20260731_02_T1",
          "S2C_MSIL2A_20260731T023551_R089_T51RTP_20260731T060913",
          "chn_pop_2026_CN_100m_R2025A_v1.tif"
        ],
        "analysis_reasons": [],
        "landsat_quality_flag": "HIGH",
        "sentinel_quality_flag": "HIGH"
      }
    },
    {
      "type": "Feature",
      "id": "M4B-R-5EEC8B7710-G-R02-C14",
      "geometry": {
        "type": "Polygon",
        "coordinates": [
          [
            [
              120.1579315785781,
              30.238045997906074
            ],
            [
              120.15793306052285,
              30.240301165236975
            ],
            [
              120.15533573863216,
              30.24030242591358
            ],
            [
              120.1553343159651,
              30.23804725852595
            ],
            [
              120.1579315785781,
              30.238045997906074
            ]
          ]
        ]
      },
      "properties": {
        "grid_id": "M4B-R-5EEC8B7710-G-R02-C14",
        "row": 2,
        "column": 14,
        "analysis_status": "ANALYZABLE_LAND",
        "ranking_eligible": true,
        "source_mode": "REAL",
        "population_total": 916.6216118056997,
        "population_age_0_14": 94.94808598636669,
        "population_age_65_plus": 93.51839023649228,
        "elderly_share": 0.10202507668596819,
        "child_share": 0.10358482143937629,
        "vulnerability_share_raw": 0.10249300011199063,
        "lst_median_c": 46.52882870000002,
        "lst_valid_fraction": 1.0,
        "ndvi_median_land": 0.49301596072727344,
        "green_fraction_land": 0.8176,
        "green_fraction_grid_legacy": 0.8176,
        "water_fraction_grid": 0.0,
        "sentinel_valid_fraction": 1.0,
        "spatial_heat_score": 0.47611464968152867,
        "temporal_severity_score": 0.5238709677419354,
        "hazard_score": 0.49044154509965066,
        "exposure_score": 0.8837327141136558,
        "vulnerability_score": 1.3840965068625736e-08,
        "adaptive_capacity_score": 0.8176,
        "risk_score": 44.44697993364672,
        "risk_percentile_within_aoi": 0.37898089171974525,
        "hazard_contribution_points": 19.617661803986024,
        "exposure_contribution_points": 22.093317852841395,
        "vulnerability_contribution_points": 2.7681930137251473e-07,
        "adaptive_deficit_contribution_points": 2.736,
        "primary_driver": "exposure",
        "temporal_context_id": "era5-temporal:pilot_v1:2026-07-31T03Z",
        "source_ids": [
          "LC09_L2SP_119039_20260731_02_T1",
          "S2C_MSIL2A_20260731T023551_R089_T51RTP_20260731T060913",
          "chn_pop_2026_CN_100m_R2025A_v1.tif"
        ],
        "analysis_reasons": [],
        "landsat_quality_flag": "HIGH",
        "sentinel_quality_flag": "HIGH"
      }
    },
    {
      "type": "Feature",
      "id": "M4B-R-5EEC8B7710-G-R02-C15",
      "geometry": {
        "type": "Polygon",
        "coordinates": [
          [
            [
              120.16052884112347,
              30.23804468583236
            ],
            [
              120.16053038234593,
              30.24029985310419
            ],
            [
              120.15793306052285,
              30.240301165236975
            ],
            [
              120.1579315785781,
              30.238045997906074
            ],
            [
              120.16052884112347,
              30.23804468583236
            ]
          ]
        ]
      },
      "properties": {
        "grid_id": "M4B-R-5EEC8B7710-G-R02-C15",
        "row": 2,
        "column": 15,
        "analysis_status": "ANALYZABLE_LAND",
        "ranking_eligible": true,
        "source_mode": "REAL",
        "population_total": 429.8574174977536,
        "population_age_0_14": 44.52670604769457,
        "population_age_65_plus": 43.85624069586528,
        "elderly_share": 0.10202508764686949,
        "child_share": 0.1035848265847995,
        "vulnerability_share_raw": 0.10249300932824848,
        "lst_median_c": 41.62226099000003,
        "lst_valid_fraction": 1.0,
        "ndvi_median_land": 0.8347665438366378,
        "green_fraction_land": 0.8864,
        "green_fraction_grid_legacy": 0.8864,
        "water_fraction_grid": 0.0,
        "sentinel_valid_fraction": 1.0,
        "spatial_heat_score": 0.27388535031847133,
        "temporal_severity_score": 0.5238709677419354,
        "hazard_score": 0.34888103554551053,
        "exposure_score": 0.7238853406458939,
        "vulnerability_score": 2.4501191499889193e-07,
        "adaptive_capacity_score": 0.8864,
        "risk_score": 33.756379838206065,
        "risk_percentile_within_aoi": 0.2898089171974522,
        "hazard_contribution_points": 13.955241421820421,
        "exposure_contribution_points": 18.09713351614735,
        "vulnerability_contribution_points": 4.900238299977839e-06,
        "adaptive_deficit_contribution_points": 1.7040000000000006,
        "primary_driver": "exposure",
        "temporal_context_id": "era5-temporal:pilot_v1:2026-07-31T03Z",
        "source_ids": [
          "LC09_L2SP_119039_20260731_02_T1",
          "S2C_MSIL2A_20260731T023551_R089_T51RTP_20260731T060913",
          "chn_pop_2026_CN_100m_R2025A_v1.tif"
        ],
        "analysis_reasons": [],
        "landsat_quality_flag": "HIGH",
        "sentinel_quality_flag": "HIGH"
      }
    },
    {
      "type": "Feature",
      "id": "M4B-R-5EEC8B7710-G-R02-C16",
      "geometry": {
        "type": "Polygon",
        "coordinates": [
          [
            [
              120.16312610359847,
              30.238043322304804
            ],
            [
              120.16312770409866,
              30.240298489515276
            ],
            [
              120.16053038234593,
              30.24029985310419
            ],
            [
              120.16052884112347,
              30.23804468583236
            ],
            [
              120.16312610359847,
              30.238043322304804
            ]
          ]
        ]
      },
      "properties": {
        "grid_id": "M4B-R-5EEC8B7710-G-R02-C16",
        "row": 2,
        "column": 16,
        "analysis_status": "ANALYZABLE_LAND",
        "ranking_eligible": true,
        "source_mode": "REAL",
        "population_total": 289.81188891135656,
        "population_age_0_14": 30.020111405061144,
        "population_age_65_plus": 29.568085525248474,
        "elderly_share": 0.10202509509294952,
        "child_share": 0.10358481675071397,
        "vulnerability_share_raw": 0.10249301159027885,
        "lst_median_c": 43.305635840000036,
        "lst_valid_fraction": 1.0,
        "ndvi_median_land": 0.8592377755390425,
        "green_fraction_land": 0.8368,
        "green_fraction_grid_legacy": 0.8368,
        "water_fraction_grid": 0.0,
        "sentinel_valid_fraction": 1.0,
        "spatial_heat_score": 0.3248407643312102,
        "temporal_severity_score": 0.5238709677419354,
        "hazard_score": 0.3845498253544277,
        "exposure_score": 0.6407696792264398,
        "vulnerability_score": 3.017503133110525e-07,
        "adaptive_capacity_score": 0.8368,
        "risk_score": 33.849241029844364,
        "risk_percentile_within_aoi": 0.2929936305732484,
        "hazard_contribution_points": 15.381993014177109,
        "exposure_contribution_points": 16.019241980660993,
        "vulnerability_contribution_points": 6.03500626622105e-06,
        "adaptive_deficit_contribution_points": 2.4480000000000004,
        "primary_driver": "exposure",
        "temporal_context_id": "era5-temporal:pilot_v1:2026-07-31T03Z",
        "source_ids": [
          "LC09_L2SP_119039_20260731_02_T1",
          "S2C_MSIL2A_20260731T023551_R089_T51RTP_20260731T060913",
          "chn_pop_2026_CN_100m_R2025A_v1.tif"
        ],
        "analysis_reasons": [],
        "landsat_quality_flag": "HIGH",
        "sentinel_quality_flag": "HIGH"
      }
    },
    {
      "type": "Feature",
      "id": "M4B-R-5EEC8B7710-G-R02-C17",
      "geometry": {
        "type": "Polygon",
        "coordinates": [
          [
            [
              120.16572336600049,
              30.238041907323428
            ],
            [
              120.16572502577834,
              30.240297074470213
            ],
            [
              120.16312770409866,
              30.240298489515276
            ],
            [
              120.16312610359847,
              30.238043322304804
            ],
            [
              120.16572336600049,
              30.238041907323428
            ]
          ]
        ]
      },
      "properties": {
        "grid_id": "M4B-R-5EEC8B7710-G-R02-C17",
        "row": 2,
        "column": 17,
        "analysis_status": "ANALYZABLE_LAND",
        "ranking_eligible": true,
        "source_mode": "REAL",
        "population_total": 992.2248283892005,
        "population_age_0_14": 102.77943105268525,
        "population_age_65_plus": 101.23181699330483,
        "elderly_share": 0.1020250794949838,
        "child_share": 0.10358482081076285,
        "vulnerability_share_raw": 0.10249300188971751,
        "lst_median_c": 50.14851188,
        "lst_valid_fraction": 1.0,
        "ndvi_median_land": 0.3021977500957347,
        "green_fraction_land": 0.504,
        "green_fraction_grid_legacy": 0.504,
        "water_fraction_grid": 0.0,
        "sentinel_valid_fraction": 1.0,
        "spatial_heat_score": 0.9203821656050956,
        "temporal_severity_score": 0.5238709677419354,
        "hazard_score": 0.8014288062461475,
        "exposure_score": 0.9004725201833185,
        "vulnerability_score": 5.843160246388514e-08,
        "adaptive_capacity_score": 0.504,
        "risk_score": 62.00896642306092,
        "risk_percentile_within_aoi": 0.6815286624203821,
        "hazard_contribution_points": 32.0571522498459,
        "exposure_contribution_points": 22.51181300458296,
        "vulnerability_contribution_points": 1.1686320492777027e-06,
        "adaptive_deficit_contribution_points": 7.4399999999999995,
        "primary_driver": "hazard",
        "temporal_context_id": "era5-temporal:pilot_v1:2026-07-31T03Z",
        "source_ids": [
          "LC09_L2SP_119039_20260731_02_T1",
          "S2C_MSIL2A_20260731T023551_R089_T51RTP_20260731T060913",
          "chn_pop_2026_CN_100m_R2025A_v1.tif"
        ],
        "analysis_reasons": [],
        "landsat_quality_flag": "HIGH",
        "sentinel_quality_flag": "HIGH"
      }
    },
    {
      "type": "Feature",
      "id": "M4B-R-5EEC8B7710-G-R02-C18",
      "geometry": {
        "type": "Polygon",
        "coordinates": [
          [
            [
              120.16832062832675,
              30.23804044088821
            ],
            [
              120.16832234738229,
              30.240295607969006
            ],
            [
              120.16572502577834,
              30.240297074470213
            ],
            [
              120.16572336600049,
              30.238041907323428
            ],
            [
              120.16832062832675,
              30.23804044088821
            ]
          ]
        ]
      },
      "properties": {
        "grid_id": "M4B-R-5EEC8B7710-G-R02-C18",
        "row": 2,
        "column": 18,
        "analysis_status": "ANALYZABLE_LAND",
        "ranking_eligible": true,
        "source_mode": "REAL",
        "population_total": 998.7793191730086,
        "population_age_0_14": 103.45837590606293,
        "population_age_65_plus": 101.90053667855737,
        "elderly_share": 0.1020250767335984,
        "child_share": 0.10358481990969405,
        "vulnerability_share_raw": 0.10249299968642707,
        "lst_median_c": 47.291047160000005,
        "lst_valid_fraction": 1.0,
        "ndvi_median_land": 0.3852641522290223,
        "green_fraction_land": 0.5984,
        "green_fraction_grid_legacy": 0.5984,
        "water_fraction_grid": 0.0,
        "sentinel_valid_fraction": 1.0,
        "spatial_heat_score": 0.5477707006369427,
        "temporal_severity_score": 0.5238709677419354,
        "hazard_score": 0.5406007807684404,
        "exposure_score": 0.9018632459033898,
        "vulnerability_score": 3.166574964090222e-09,
        "adaptive_capacity_score": 0.5984,
        "risk_score": 50.19461244165386,
        "risk_percentile_within_aoi": 0.4299363057324841,
        "hazard_contribution_points": 21.624031230737618,
        "exposure_contribution_points": 22.546581147584746,
        "vulnerability_contribution_points": 6.333149928180444e-08,
        "adaptive_deficit_contribution_points": 6.023999999999999,
        "primary_driver": "exposure",
        "temporal_context_id": "era5-temporal:pilot_v1:2026-07-31T03Z",
        "source_ids": [
          "LC09_L2SP_119039_20260731_02_T1",
          "S2C_MSIL2A_20260731T023551_R089_T51RTP_20260731T060913",
          "chn_pop_2026_CN_100m_R2025A_v1.tif"
        ],
        "analysis_reasons": [],
        "landsat_quality_flag": "HIGH",
        "sentinel_quality_flag": "HIGH"
      }
    },
    {
      "type": "Feature",
      "id": "M4B-R-5EEC8B7710-G-R02-C19",
      "geometry": {
        "type": "Polygon",
        "coordinates": [
          [
            [
              120.17091789057457,
              30.23803892299918
            ],
            [
              120.17091966890777,
              30.240294090011663
            ],
            [
              120.16832234738229,
              30.240295607969006
            ],
            [
              120.16832062832675,
              30.23804044088821
            ],
            [
              120.17091789057457,
              30.23803892299918
            ]
          ]
        ]
      },
      "properties": {
        "grid_id": "M4B-R-5EEC8B7710-G-R02-C19",
        "row": 2,
        "column": 19,
        "analysis_status": "ANALYZABLE_LAND",
        "ranking_eligible": true,
        "source_mode": "REAL",
        "population_total": 882.2039876184595,
        "population_age_0_14": 91.38294365882668,
        "population_age_65_plus": 90.00692943085232,
        "elderly_share": 0.10202507661955733,
        "child_share": 0.10358482271829006,
        "vulnerability_share_raw": 0.10249300044917714,
        "lst_median_c": 50.00153702,
        "lst_valid_fraction": 1.0,
        "ndvi_median_land": 0.27546164115125493,
        "green_fraction_land": 0.4576,
        "green_fraction_grid_legacy": 0.4576,
        "water_fraction_grid": 0.0,
        "sentinel_valid_fraction": 1.0,
        "spatial_heat_score": 0.9012738853503185,
        "temporal_severity_score": 0.5238709677419354,
        "hazard_score": 0.7880530100678036,
        "exposure_score": 0.8756497381796267,
        "vulnerability_score": 2.2298598108917668e-08,
        "adaptive_capacity_score": 0.4576,
        "risk_score": 61.54936430317477,
        "risk_percentile_within_aoi": 0.6719745222929936,
        "hazard_contribution_points": 31.522120402712144,
        "exposure_contribution_points": 21.891243454490667,
        "vulnerability_contribution_points": 4.4597196217835336e-07,
        "adaptive_deficit_contribution_points": 8.136,
        "primary_driver": "hazard",
        "temporal_context_id": "era5-temporal:pilot_v1:2026-07-31T03Z",
        "source_ids": [
          "LC09_L2SP_119039_20260731_02_T1",
          "S2C_MSIL2A_20260731T023551_R089_T51RTP_20260731T060913",
          "chn_pop_2026_CN_100m_R2025A_v1.tif"
        ],
        "analysis_reasons": [],
        "landsat_quality_flag": "HIGH",
        "sentinel_quality_flag": "HIGH"
      }
    },
    {
      "type": "Feature",
      "id": "M4B-R-5EEC8B7710-G-R03-C00",
      "geometry": {
        "type": "Polygon",
        "coordinates": [
          [
            [
              120.12157054912967,
              30.240314132197927
            ],
            [
              120.12157120124485,
              30.242569299335436
            ],
            [
              120.11897381940821,
              30.24256983964986
            ],
            [
              120.11897322657622,
              30.240314672488044
            ],
            [
              120.12157054912967,
              30.240314132197927
            ]
          ]
        ]
      },
      "properties": {
        "grid_id": "M4B-R-5EEC8B7710-G-R03-C00",
        "row": 3,
        "column": 0,
        "analysis_status": "ANALYZABLE_LAND",
        "ranking_eligible": true,
        "source_mode": "REAL",
        "population_total": 92.2106501114512,
        "population_age_0_14": 10.257435965440749,
        "population_age_65_plus": 10.260711393191565,
        "elderly_share": 0.11127468877824706,
        "child_share": 0.11123916763457377,
        "vulnerability_share_raw": 0.11126403243514507,
        "lst_median_c": 40.59001895,
        "lst_valid_fraction": 1.0,
        "ndvi_median_land": 0.7061003781822845,
        "green_fraction_land": 0.896,
        "green_fraction_grid_legacy": 0.896,
        "water_fraction_grid": 0.0,
        "sentinel_valid_fraction": 1.0,
        "spatial_heat_score": 0.2229299363057325,
        "temporal_severity_score": 0.5238709677419354,
        "hazard_score": 0.31321224573659334,
        "exposure_score": 0.40019457173583206,
        "vulnerability_score": 0.22000339331558078,
        "adaptive_capacity_score": 0.896,
        "risk_score": 28.493421989171154,
        "risk_percentile_within_aoi": 0.22611464968152867,
        "hazard_contribution_points": 12.528489829463734,
        "exposure_contribution_points": 10.004864293395801,
        "vulnerability_contribution_points": 4.400067866311615,
        "adaptive_deficit_contribution_points": 1.5599999999999996,
        "primary_driver": "hazard",
        "temporal_context_id": "era5-temporal:pilot_v1:2026-07-31T03Z",
        "source_ids": [
          "LC09_L2SP_119039_20260731_02_T1",
          "S2C_MSIL2A_20260731T023551_R089_T51RTP_20260731T060913",
          "chn_pop_2026_CN_100m_R2025A_v1.tif"
        ],
        "analysis_reasons": [],
        "landsat_quality_flag": "HIGH",
        "sentinel_quality_flag": "HIGH"
      }
    },
    {
      "type": "Feature",
      "id": "M4B-R-5EEC8B7710-G-R03-C01",
      "geometry": {
        "type": "Polygon",
        "coordinates": [
          [
            [
              120.1241678716534,
              30.24031354045162
            ],
            [
              120.12416858305173,
              30.242568707562487
            ],
            [
              120.12157120124485,
              30.242569299335436
            ],
            [
              120.12157054912967,
              30.240314132197927
            ],
            [
              120.1241678716534,
              30.24031354045162
            ]
          ]
        ]
      },
      "properties": {
        "grid_id": "M4B-R-5EEC8B7710-G-R03-C01",
        "row": 3,
        "column": 1,
        "analysis_status": "NON_URBAN_WATER",
        "ranking_eligible": false,
        "source_mode": "REAL",
        "population_total": 1.6135710627355837,
        "population_age_0_14": 0.17949215333736157,
        "population_age_65_plus": 0.1795489783113725,
        "elderly_share": 0.1112742924423622,
        "child_share": 0.111239075540347,
        "vulnerability_share_raw": 0.11126372737175765,
        "lst_median_c": 34.71956960000003,
        "lst_valid_fraction": 1.0,
        "ndvi_median_land": 0.6313719988575115,
        "green_fraction_land": 0.6456953642384106,
        "green_fraction_grid_legacy": 0.312,
        "water_fraction_grid": 0.5168,
        "sentinel_valid_fraction": 1.0,
        "spatial_heat_score": null,
        "temporal_severity_score": 0.5238709677419354,
        "hazard_score": null,
        "exposure_score": null,
        "vulnerability_score": 0.0,
        "adaptive_capacity_score": null,
        "risk_score": null,
        "risk_percentile_within_aoi": null,
        "hazard_contribution_points": null,
        "exposure_contribution_points": null,
        "vulnerability_contribution_points": 0.0,
        "adaptive_deficit_contribution_points": null,
        "primary_driver": "vulnerability",
        "temporal_context_id": "era5-temporal:pilot_v1:2026-07-31T03Z",
        "source_ids": [
          "LC09_L2SP_119039_20260731_02_T1",
          "S2C_MSIL2A_20260731T023551_R089_T51RTP_20260731T060913",
          "chn_pop_2026_CN_100m_R2025A_v1.tif"
        ],
        "analysis_reasons": [
          "WATER_EXCLUDED"
        ],
        "landsat_quality_flag": "HIGH",
        "sentinel_quality_flag": "HIGH"
      }
    },
    {
      "type": "Feature",
      "id": "M4B-R-5EEC8B7710-G-R03-C02",
      "geometry": {
        "type": "Polygon",
        "coordinates": [
          [
            [
              120.12676519414464,
              30.24031289724912
            ],
            [
              120.12676596482616,
              30.242568064331046
            ],
            [
              120.12416858305173,
              30.242568707562487
            ],
            [
              120.1241678716534,
              30.24031354045162
            ],
            [
              120.12676519414464,
              30.24031289724912
            ]
          ]
        ]
      },
      "properties": {
        "grid_id": "M4B-R-5EEC8B7710-G-R03-C02",
        "row": 3,
        "column": 2,
        "analysis_status": "ANALYZABLE_LAND",
        "ranking_eligible": true,
        "source_mode": "REAL",
        "population_total": 6.352678881455849,
        "population_age_0_14": 0.7066667751489228,
        "population_age_65_plus": 0.7068940141388018,
        "elderly_share": 0.11127494830602902,
        "child_share": 0.1112391777289041,
        "vulnerability_share_raw": 0.11126421713289154,
        "lst_median_c": 37.04040517999999,
        "lst_valid_fraction": 1.0,
        "ndvi_median_land": 0.8386185436078005,
        "green_fraction_land": 0.8147368421052632,
        "green_fraction_grid_legacy": 0.6192,
        "water_fraction_grid": 0.24,
        "sentinel_valid_fraction": 1.0,
        "spatial_heat_score": 0.022292993630573247,
        "temporal_severity_score": 0.5238709677419354,
        "hazard_score": 0.17276638586398188,
        "exposure_score": 0.0,
        "vulnerability_score": 0.22000802608022102,
        "adaptive_capacity_score": 0.8147368421052632,
        "risk_score": 14.089763324584748,
        "risk_percentile_within_aoi": 0.054140127388535034,
        "hazard_contribution_points": 6.910655434559275,
        "exposure_contribution_points": 0.0,
        "vulnerability_contribution_points": 4.400160521604421,
        "adaptive_deficit_contribution_points": 2.778947368421052,
        "primary_driver": "hazard",
        "temporal_context_id": "era5-temporal:pilot_v1:2026-07-31T03Z",
        "source_ids": [
          "LC09_L2SP_119039_20260731_02_T1",
          "S2C_MSIL2A_20260731T023551_R089_T51RTP_20260731T060913",
          "chn_pop_2026_CN_100m_R2025A_v1.tif"
        ],
        "analysis_reasons": [],
        "landsat_quality_flag": "HIGH",
        "sentinel_quality_flag": "HIGH"
      }
    },
    {
      "type": "Feature",
      "id": "M4B-R-5EEC8B7710-G-R03-C03",
      "geometry": {
        "type": "Polygon",
        "coordinates": [
          [
            [
              120.12936251660071,
              30.240312202590424
            ],
            [
              120.12936334656541,
              30.242567369641094
            ],
            [
              120.12676596482616,
              30.242568064331046
            ],
            [
              120.12676519414464,
              30.24031289724912
            ],
            [
              120.12936251660071,
              30.240312202590424
            ]
          ]
        ]
      },
      "properties": {
        "grid_id": "M4B-R-5EEC8B7710-G-R03-C03",
        "row": 3,
        "column": 3,
        "analysis_status": "ANALYZABLE_LAND",
        "ranking_eligible": true,
        "source_mode": "REAL",
        "population_total": 13.341824015821322,
        "population_age_0_14": 1.4841348771243141,
        "population_age_65_plus": 1.4846067481598608,
        "elderly_share": 0.11127464628519675,
        "child_share": 0.11123927847979119,
        "vulnerability_share_raw": 0.11126403594357508,
        "lst_median_c": 37.16858093000002,
        "lst_valid_fraction": 1.0,
        "ndvi_median_land": 0.8956033094641911,
        "green_fraction_land": 0.998389694041868,
        "green_fraction_grid_legacy": 0.992,
        "water_fraction_grid": 0.0064,
        "sentinel_valid_fraction": 1.0,
        "spatial_heat_score": 0.028662420382165606,
        "temporal_severity_score": 0.5238709677419354,
        "hazard_score": 0.17722498459009653,
        "exposure_score": 0.004453409042198398,
        "vulnerability_score": 0.22000348131736086,
        "adaptive_capacity_score": 0.998389694041868,
        "risk_score": 11.624558825378017,
        "risk_percentile_within_aoi": 0.006369426751592357,
        "hazard_contribution_points": 7.088999383603861,
        "exposure_contribution_points": 0.11133522605495995,
        "vulnerability_contribution_points": 4.400069626347217,
        "adaptive_deficit_contribution_points": 0.024154589371980784,
        "primary_driver": "hazard",
        "temporal_context_id": "era5-temporal:pilot_v1:2026-07-31T03Z",
        "source_ids": [
          "LC09_L2SP_119039_20260731_02_T1",
          "S2C_MSIL2A_20260731T023551_R089_T51RTP_20260731T060913",
          "chn_pop_2026_CN_100m_R2025A_v1.tif"
        ],
        "analysis_reasons": [],
        "landsat_quality_flag": "HIGH",
        "sentinel_quality_flag": "HIGH"
      }
    },
    {
      "type": "Feature",
      "id": "M4B-R-5EEC8B7710-G-R03-C04",
      "geometry": {
        "type": "Polygon",
        "coordinates": [
          [
            [
              120.13195983901892,
              30.240311456475553
            ],
            [
              120.13196072826679,
              30.24256662349262
            ],
            [
              120.12936334656541,
              30.242567369641094
            ],
            [
              120.12936251660071,
              30.240312202590424
            ],
            [
              120.13195983901892,
              30.240311456475553
            ]
          ]
        ]
      },
      "properties": {
        "grid_id": "M4B-R-5EEC8B7710-G-R03-C04",
        "row": 3,
        "column": 4,
        "analysis_status": "ANALYZABLE_LAND",
        "ranking_eligible": true,
        "source_mode": "REAL",
        "population_total": 39.083080989229195,
        "population_age_0_14": 4.347570488446891,
        "population_age_65_plus": 4.348958086808826,
        "elderly_share": 0.11127469935155172,
        "child_share": 0.11123919553949768,
        "vulnerability_share_raw": 0.11126404820793552,
        "lst_median_c": 38.85879182000002,
        "lst_valid_fraction": 1.0,
        "ndvi_median_land": 0.8654369910310555,
        "green_fraction_land": 0.9725363489499192,
        "green_fraction_grid_legacy": 0.9632,
        "water_fraction_grid": 0.0096,
        "sentinel_valid_fraction": 1.0,
        "spatial_heat_score": 0.10509554140127389,
        "temporal_severity_score": 0.5238709677419354,
        "hazard_score": 0.23072816930347234,
        "exposure_score": 0.22176201420896025,
        "vulnerability_score": 0.2200037889437206,
        "adaptive_capacity_score": 0.9725363489499192,
        "risk_score": 19.585207671988524,
        "risk_percentile_within_aoi": 0.10828025477707007,
        "hazard_contribution_points": 9.229126772138894,
        "exposure_contribution_points": 5.544050355224006,
        "vulnerability_contribution_points": 4.400075778874412,
        "adaptive_deficit_contribution_points": 0.41195476575121126,
        "primary_driver": "hazard",
        "temporal_context_id": "era5-temporal:pilot_v1:2026-07-31T03Z",
        "source_ids": [
          "LC09_L2SP_119039_20260731_02_T1",
          "S2C_MSIL2A_20260731T023551_R089_T51RTP_20260731T060913",
          "chn_pop_2026_CN_100m_R2025A_v1.tif"
        ],
        "analysis_reasons": [],
        "landsat_quality_flag": "HIGH",
        "sentinel_quality_flag": "HIGH"
      }
    },
    {
      "type": "Feature",
      "id": "M4B-R-5EEC8B7710-G-R03-C05",
      "geometry": {
        "type": "Polygon",
        "coordinates": [
          [
            [
              120.13455716139657,
              30.24031065890449
            ],
            [
              120.13455810992757,
              30.24256582588567
            ],
            [
              120.13196072826679,
              30.24256662349262
            ],
            [
              120.13195983901892,
              30.240311456475553
            ],
            [
              120.13455716139657,
              30.24031065890449
            ]
          ]
        ]
      },
      "properties": {
        "grid_id": "M4B-R-5EEC8B7710-G-R03-C05",
        "row": 3,
        "column": 5,
        "analysis_status": "NON_URBAN_WATER",
        "ranking_eligible": false,
        "source_mode": "REAL",
        "population_total": 1.4055380708588991,
        "population_age_0_14": 0.1563498229513883,
        "population_age_65_plus": 0.15640092576749962,
        "elderly_share": 0.11127477014687039,
        "child_share": 0.1112384119598025,
        "vulnerability_share_raw": 0.11126386269075,
        "lst_median_c": 34.62044702000003,
        "lst_valid_fraction": 1.0,
        "ndvi_median_land": 0.8310044947628531,
        "green_fraction_land": 0.9885057471264368,
        "green_fraction_grid_legacy": 0.1376,
        "water_fraction_grid": 0.8608,
        "sentinel_valid_fraction": 1.0,
        "spatial_heat_score": null,
        "temporal_severity_score": 0.5238709677419354,
        "hazard_score": null,
        "exposure_score": null,
        "vulnerability_score": 0.0,
        "adaptive_capacity_score": null,
        "risk_score": null,
        "risk_percentile_within_aoi": null,
        "hazard_contribution_points": null,
        "exposure_contribution_points": null,
        "vulnerability_contribution_points": 0.0,
        "adaptive_deficit_contribution_points": null,
        "primary_driver": "vulnerability",
        "temporal_context_id": "era5-temporal:pilot_v1:2026-07-31T03Z",
        "source_ids": [
          "LC09_L2SP_119039_20260731_02_T1",
          "S2C_MSIL2A_20260731T023551_R089_T51RTP_20260731T060913",
          "chn_pop_2026_CN_100m_R2025A_v1.tif"
        ],
        "analysis_reasons": [
          "WATER_EXCLUDED"
        ],
        "landsat_quality_flag": "HIGH",
        "sentinel_quality_flag": "HIGH"
      }
    },
    {
      "type": "Feature",
      "id": "M4B-R-5EEC8B7710-G-R03-C06",
      "geometry": {
        "type": "Polygon",
        "coordinates": [
          [
            [
              120.1371544837309,
              30.24030980987723
            ],
            [
              120.13715549154509,
              30.242564976820205
            ],
            [
              120.13455810992757,
              30.24256582588567
            ],
            [
              120.13455716139657,
              30.24031065890449
            ],
            [
              120.1371544837309,
              30.24030980987723
            ]
          ]
        ]
      },
      "properties": {
        "grid_id": "M4B-R-5EEC8B7710-G-R03-C06",
        "row": 3,
        "column": 6,
        "analysis_status": "NON_URBAN_WATER",
        "ranking_eligible": false,
        "source_mode": "REAL",
        "population_total": 0.0,
        "population_age_0_14": 0.0,
        "population_age_65_plus": 0.0,
        "elderly_share": 0.0,
        "child_share": 0.0,
        "vulnerability_share_raw": 0.0,
        "lst_median_c": 34.55550463999998,
        "lst_valid_fraction": 1.0,
        "ndvi_median_land": 0.8263574868468402,
        "green_fraction_land": 0.9880952380952381,
        "green_fraction_grid_legacy": 0.1328,
        "water_fraction_grid": 0.8656,
        "sentinel_valid_fraction": 1.0,
        "spatial_heat_score": null,
        "temporal_severity_score": 0.5238709677419354,
        "hazard_score": null,
        "exposure_score": null,
        "vulnerability_score": 0.0,
        "adaptive_capacity_score": null,
        "risk_score": null,
        "risk_percentile_within_aoi": null,
        "hazard_contribution_points": null,
        "exposure_contribution_points": null,
        "vulnerability_contribution_points": 0.0,
        "adaptive_deficit_contribution_points": null,
        "primary_driver": "vulnerability",
        "temporal_context_id": "era5-temporal:pilot_v1:2026-07-31T03Z",
        "source_ids": [
          "LC09_L2SP_119039_20260731_02_T1",
          "S2C_MSIL2A_20260731T023551_R089_T51RTP_20260731T060913",
          "chn_pop_2026_CN_100m_R2025A_v1.tif"
        ],
        "analysis_reasons": [
          "WATER_EXCLUDED"
        ],
        "landsat_quality_flag": "HIGH",
        "sentinel_quality_flag": "HIGH"
      }
    },
    {
      "type": "Feature",
      "id": "M4B-R-5EEC8B7710-G-R03-C07",
      "geometry": {
        "type": "Polygon",
        "coordinates": [
          [
            [
              120.13975180601926,
              30.240308909393804
            ],
            [
              120.13975287311658,
              30.242564076296247
            ],
            [
              120.13715549154509,
              30.242564976820205
            ],
            [
              120.1371544837309,
              30.24030980987723
            ],
            [
              120.13975180601926,
              30.240308909393804
            ]
          ]
        ]
      },
      "properties": {
        "grid_id": "M4B-R-5EEC8B7710-G-R03-C07",
        "row": 3,
        "column": 7,
        "analysis_status": "NON_URBAN_WATER",
        "ranking_eligible": false,
        "source_mode": "REAL",
        "population_total": 0.0,
        "population_age_0_14": 0.0,
        "population_age_65_plus": 0.0,
        "elderly_share": 0.0,
        "child_share": 0.0,
        "vulnerability_share_raw": 0.0,
        "lst_median_c": 34.35725948000004,
        "lst_valid_fraction": 1.0,
        "ndvi_median_land": 0.8643838891348817,
        "green_fraction_land": 0.9383561643835616,
        "green_fraction_grid_legacy": 0.2192,
        "water_fraction_grid": 0.7664,
        "sentinel_valid_fraction": 1.0,
        "spatial_heat_score": null,
        "temporal_severity_score": 0.5238709677419354,
        "hazard_score": null,
        "exposure_score": null,
        "vulnerability_score": 0.0,
        "adaptive_capacity_score": null,
        "risk_score": null,
        "risk_percentile_within_aoi": null,
        "hazard_contribution_points": null,
        "exposure_contribution_points": null,
        "vulnerability_contribution_points": 0.0,
        "adaptive_deficit_contribution_points": null,
        "primary_driver": "vulnerability",
        "temporal_context_id": "era5-temporal:pilot_v1:2026-07-31T03Z",
        "source_ids": [
          "LC09_L2SP_119039_20260731_02_T1",
          "S2C_MSIL2A_20260731T023551_R089_T51RTP_20260731T060913",
          "chn_pop_2026_CN_100m_R2025A_v1.tif"
        ],
        "analysis_reasons": [
          "WATER_EXCLUDED"
        ],
        "landsat_quality_flag": "HIGH",
        "sentinel_quality_flag": "HIGH"
      }
    },
    {
      "type": "Feature",
      "id": "M4B-R-5EEC8B7710-G-R03-C08",
      "geometry": {
        "type": "Polygon",
        "coordinates": [
          [
            [
              120.14234912825893,
              30.24030795745419
            ],
            [
              120.1423502546394,
              30.242563124313797
            ],
            [
              120.13975287311658,
              30.242564076296247
            ],
            [
              120.13975180601926,
              30.240308909393804
            ],
            [
              120.14234912825893,
              30.24030795745419
            ]
          ]
        ]
      },
      "properties": {
        "grid_id": "M4B-R-5EEC8B7710-G-R03-C08",
        "row": 3,
        "column": 8,
        "analysis_status": "ANALYZABLE_LAND",
        "ranking_eligible": false,
        "source_mode": "REAL",
        "population_total": 0.6292152404140674,
        "population_age_0_14": 0.06999403859728778,
        "population_age_65_plus": 0.0700153976450918,
        "elderly_share": 0.1112741604907993,
        "child_share": 0.11124021495605675,
        "vulnerability_share_raw": 0.11126397683037653,
        "lst_median_c": 35.46640697000001,
        "lst_valid_fraction": 1.0,
        "ndvi_median_land": 0.7677359178573007,
        "green_fraction_land": 0.9369369369369369,
        "green_fraction_grid_legacy": 0.6656,
        "water_fraction_grid": 0.2896,
        "sentinel_valid_fraction": 1.0,
        "spatial_heat_score": 0.0,
        "temporal_severity_score": 0.5238709677419354,
        "hazard_score": 0.1571612903225806,
        "exposure_score": 0.0,
        "vulnerability_score": 0.0,
        "adaptive_capacity_score": 0.9369369369369369,
        "risk_score": 7.232397558849171,
        "risk_percentile_within_aoi": 0.0,
        "hazard_contribution_points": 6.286451612903225,
        "exposure_contribution_points": 0.0,
        "vulnerability_contribution_points": 0.0,
        "adaptive_deficit_contribution_points": 0.9459459459459463,
        "primary_driver": "hazard",
        "temporal_context_id": "era5-temporal:pilot_v1:2026-07-31T03Z",
        "source_ids": [
          "LC09_L2SP_119039_20260731_02_T1",
          "S2C_MSIL2A_20260731T023551_R089_T51RTP_20260731T060913",
          "chn_pop_2026_CN_100m_R2025A_v1.tif"
        ],
        "analysis_reasons": [],
        "landsat_quality_flag": "HIGH",
        "sentinel_quality_flag": "HIGH"
      }
    },
    {
      "type": "Feature",
      "id": "M4B-R-5EEC8B7710-G-R03-C09",
      "geometry": {
        "type": "Polygon",
        "coordinates": [
          [
            [
              120.1449464504472,
              30.240306954058408
            ],
            [
              120.14494763611081,
              30.24256212087285
            ],
            [
              120.1423502546394,
              30.242563124313797
            ],
            [
              120.14234912825893,
              30.24030795745419
            ],
            [
              120.1449464504472,
              30.240306954058408
            ]
          ]
        ]
      },
      "properties": {
        "grid_id": "M4B-R-5EEC8B7710-G-R03-C09",
        "row": 3,
        "column": 9,
        "analysis_status": "NON_URBAN_WATER",
        "ranking_eligible": false,
        "source_mode": "REAL",
        "population_total": 0.13675773150213272,
        "population_age_0_14": 0.015212959449199936,
        "population_age_65_plus": 0.015217601763525955,
        "elderly_share": 0.1112741604907993,
        "child_share": 0.11124021495605674,
        "vulnerability_share_raw": 0.11126397683037653,
        "lst_median_c": 33.98127728000003,
        "lst_valid_fraction": 1.0,
        "ndvi_median_land": null,
        "green_fraction_land": null,
        "green_fraction_grid_legacy": 0.0,
        "water_fraction_grid": 1.0,
        "sentinel_valid_fraction": 1.0,
        "spatial_heat_score": null,
        "temporal_severity_score": 0.5238709677419354,
        "hazard_score": null,
        "exposure_score": null,
        "vulnerability_score": 0.0,
        "adaptive_capacity_score": null,
        "risk_score": null,
        "risk_percentile_within_aoi": null,
        "hazard_contribution_points": null,
        "exposure_contribution_points": null,
        "vulnerability_contribution_points": 0.0,
        "adaptive_deficit_contribution_points": null,
        "primary_driver": "vulnerability",
        "temporal_context_id": "era5-temporal:pilot_v1:2026-07-31T03Z",
        "source_ids": [
          "LC09_L2SP_119039_20260731_02_T1",
          "S2C_MSIL2A_20260731T023551_R089_T51RTP_20260731T060913",
          "chn_pop_2026_CN_100m_R2025A_v1.tif"
        ],
        "analysis_reasons": [
          "WATER_EXCLUDED"
        ],
        "landsat_quality_flag": "HIGH",
        "sentinel_quality_flag": "HIGH"
      }
    },
    {
      "type": "Feature",
      "id": "M4B-R-5EEC8B7710-G-R03-C10",
      "geometry": {
        "type": "Polygon",
        "coordinates": [
          [
            [
              120.14754377258134,
              30.240305899206458
            ],
            [
              120.14754501752809,
              30.24256106597342
            ],
            [
              120.14494763611081,
              30.24256212087285
            ],
            [
              120.1449464504472,
              30.240306954058408
            ],
            [
              120.14754377258134,
              30.240305899206458
            ]
          ]
        ]
      },
      "properties": {
        "grid_id": "M4B-R-5EEC8B7710-G-R03-C10",
        "row": 3,
        "column": 10,
        "analysis_status": "NON_URBAN_WATER",
        "ranking_eligible": false,
        "source_mode": "REAL",
        "population_total": 0.0,
        "population_age_0_14": 0.0,
        "population_age_65_plus": 0.0,
        "elderly_share": 0.0,
        "child_share": 0.0,
        "vulnerability_share_raw": 0.0,
        "lst_median_c": 34.268390960000005,
        "lst_valid_fraction": 1.0,
        "ndvi_median_land": null,
        "green_fraction_land": null,
        "green_fraction_grid_legacy": 0.0,
        "water_fraction_grid": 1.0,
        "sentinel_valid_fraction": 1.0,
        "spatial_heat_score": null,
        "temporal_severity_score": 0.5238709677419354,
        "hazard_score": null,
        "exposure_score": null,
        "vulnerability_score": 0.0,
        "adaptive_capacity_score": null,
        "risk_score": null,
        "risk_percentile_within_aoi": null,
        "hazard_contribution_points": null,
        "exposure_contribution_points": null,
        "vulnerability_contribution_points": 0.0,
        "adaptive_deficit_contribution_points": null,
        "primary_driver": "vulnerability",
        "temporal_context_id": "era5-temporal:pilot_v1:2026-07-31T03Z",
        "source_ids": [
          "LC09_L2SP_119039_20260731_02_T1",
          "S2C_MSIL2A_20260731T023551_R089_T51RTP_20260731T060913",
          "chn_pop_2026_CN_100m_R2025A_v1.tif"
        ],
        "analysis_reasons": [
          "WATER_EXCLUDED"
        ],
        "landsat_quality_flag": "HIGH",
        "sentinel_quality_flag": "HIGH"
      }
    },
    {
      "type": "Feature",
      "id": "M4B-R-5EEC8B7710-G-R03-C11",
      "geometry": {
        "type": "Polygon",
        "coordinates": [
          [
            [
              120.15014109465871,
              30.24030479289833
            ],
            [
              120.15014239888856,
              30.242559959615495
            ],
            [
              120.14754501752809,
              30.24256106597342
            ],
            [
              120.14754377258134,
              30.240305899206458
            ],
            [
              120.15014109465871,
              30.24030479289833
            ]
          ]
        ]
      },
      "properties": {
        "grid_id": "M4B-R-5EEC8B7710-G-R03-C11",
        "row": 3,
        "column": 11,
        "analysis_status": "NON_URBAN_WATER",
        "ranking_eligible": false,
        "source_mode": "REAL",
        "population_total": 6.09303447933598,
        "population_age_0_14": 0.6311455237593524,
        "population_age_65_plus": 0.6216414044207678,
        "elderly_share": 0.10202492805990396,
        "child_share": 0.10358476156664302,
        "vulnerability_share_raw": 0.10249287811192569,
        "lst_median_c": 35.034027440000045,
        "lst_valid_fraction": 1.0,
        "ndvi_median_land": 0.7399321022111255,
        "green_fraction_land": 0.9323308270676691,
        "green_fraction_grid_legacy": 0.1984,
        "water_fraction_grid": 0.7872,
        "sentinel_valid_fraction": 1.0,
        "spatial_heat_score": null,
        "temporal_severity_score": 0.5238709677419354,
        "hazard_score": null,
        "exposure_score": null,
        "vulnerability_score": 0.0,
        "adaptive_capacity_score": null,
        "risk_score": null,
        "risk_percentile_within_aoi": null,
        "hazard_contribution_points": null,
        "exposure_contribution_points": null,
        "vulnerability_contribution_points": 0.0,
        "adaptive_deficit_contribution_points": null,
        "primary_driver": "vulnerability",
        "temporal_context_id": "era5-temporal:pilot_v1:2026-07-31T03Z",
        "source_ids": [
          "LC09_L2SP_119039_20260731_02_T1",
          "S2C_MSIL2A_20260731T023551_R089_T51RTP_20260731T060913",
          "chn_pop_2026_CN_100m_R2025A_v1.tif"
        ],
        "analysis_reasons": [
          "WATER_EXCLUDED"
        ],
        "landsat_quality_flag": "HIGH",
        "sentinel_quality_flag": "HIGH"
      }
    },
    {
      "type": "Feature",
      "id": "M4B-R-5EEC8B7710-G-R03-C12",
      "geometry": {
        "type": "Polygon",
        "coordinates": [
          [
            [
              120.15273841667656,
              30.240303635134033
            ],
            [
              120.1527397801895,
              30.242558801799102
            ],
            [
              120.15014239888856,
              30.242559959615495
            ],
            [
              120.15014109465871,
              30.24030479289833
            ],
            [
              120.15273841667656,
              30.240303635134033
            ]
          ]
        ]
      },
      "properties": {
        "grid_id": "M4B-R-5EEC8B7710-G-R03-C12",
        "row": 3,
        "column": 12,
        "analysis_status": "ANALYZABLE_LAND",
        "ranking_eligible": true,
        "source_mode": "REAL",
        "population_total": 66.16013816264069,
        "population_age_0_14": 6.853186845018076,
        "population_age_65_plus": 6.7499948868712245,
        "elderly_share": 0.10202510264228577,
        "child_share": 0.10358483273071419,
        "vulnerability_share_raw": 0.10249302166881429,
        "lst_median_c": 39.40567501999999,
        "lst_valid_fraction": 1.0,
        "ndvi_median_land": 0.8603211344291218,
        "green_fraction_land": 0.9968,
        "green_fraction_grid_legacy": 0.9968,
        "water_fraction_grid": 0.0,
        "sentinel_valid_fraction": 1.0,
        "spatial_heat_score": 0.15286624203821655,
        "temporal_severity_score": 0.5238709677419354,
        "hazard_score": 0.2641676597493322,
        "exposure_score": 0.3308895984848675,
        "vulnerability_score": 5.545497301358806e-07,
        "adaptive_capacity_score": 0.9968,
        "risk_score": 18.88695744308958,
        "risk_percentile_within_aoi": 0.09235668789808917,
        "hazard_contribution_points": 10.566706389973287,
        "exposure_contribution_points": 8.272239962121688,
        "vulnerability_contribution_points": 1.1090994602717613e-05,
        "adaptive_deficit_contribution_points": 0.04799999999999971,
        "primary_driver": "hazard",
        "temporal_context_id": "era5-temporal:pilot_v1:2026-07-31T03Z",
        "source_ids": [
          "LC09_L2SP_119039_20260731_02_T1",
          "S2C_MSIL2A_20260731T023551_R089_T51RTP_20260731T060913",
          "chn_pop_2026_CN_100m_R2025A_v1.tif"
        ],
        "analysis_reasons": [],
        "landsat_quality_flag": "HIGH",
        "sentinel_quality_flag": "HIGH"
      }
    },
    {
      "type": "Feature",
      "id": "M4B-R-5EEC8B7710-G-R03-C13",
      "geometry": {
        "type": "Polygon",
        "coordinates": [
          [
            [
              120.15533573863216,
              30.24030242591358
            ],
            [
              120.15533716142824,
              30.242557592524225
            ],
            [
              120.1527397801895,
              30.242558801799102
            ],
            [
              120.15273841667656,
              30.240303635134033
            ],
            [
              120.15533573863216,
              30.24030242591358
            ]
          ]
        ]
      },
      "properties": {
        "grid_id": "M4B-R-5EEC8B7710-G-R03-C13",
        "row": 3,
        "column": 13,
        "analysis_status": "ANALYZABLE_LAND",
        "ranking_eligible": true,
        "source_mode": "REAL",
        "population_total": 594.9674516888759,
        "population_age_0_14": 61.629598634200306,
        "population_age_65_plus": 60.701600854000475,
        "elderly_share": 0.10202507831595287,
        "child_share": 0.10358482377356676,
        "vulnerability_share_raw": 0.10249300195323703,
        "lst_median_c": 45.23681714,
        "lst_valid_fraction": 1.0,
        "ndvi_median_land": 0.5718904877008283,
        "green_fraction_land": 0.7264,
        "green_fraction_grid_legacy": 0.7264,
        "water_fraction_grid": 0.0,
        "sentinel_valid_fraction": 1.0,
        "spatial_heat_score": 0.3821656050955414,
        "temporal_severity_score": 0.5238709677419354,
        "hazard_score": 0.42467721388945956,
        "exposure_score": 0.7924770847997445,
        "vulnerability_score": 6.002485958598895e-08,
        "adaptive_capacity_score": 0.7264,
        "risk_score": 40.90301687606919,
        "risk_percentile_within_aoi": 0.34076433121019106,
        "hazard_contribution_points": 16.98708855557838,
        "exposure_contribution_points": 19.811927119993612,
        "vulnerability_contribution_points": 1.200497191719779e-06,
        "adaptive_deficit_contribution_points": 4.103999999999999,
        "primary_driver": "exposure",
        "temporal_context_id": "era5-temporal:pilot_v1:2026-07-31T03Z",
        "source_ids": [
          "LC09_L2SP_119039_20260731_02_T1",
          "S2C_MSIL2A_20260731T023551_R089_T51RTP_20260731T060913",
          "chn_pop_2026_CN_100m_R2025A_v1.tif"
        ],
        "analysis_reasons": [],
        "landsat_quality_flag": "HIGH",
        "sentinel_quality_flag": "HIGH"
      }
    },
    {
      "type": "Feature",
      "id": "M4B-R-5EEC8B7710-G-R03-C14",
      "geometry": {
        "type": "Polygon",
        "coordinates": [
          [
            [
              120.15793306052285,
              30.240301165236975
            ],
            [
              120.15793454260202,
              30.242556331790865
            ],
            [
              120.15533716142824,
              30.242557592524225
            ],
            [
              120.15533573863216,
              30.24030242591358
            ],
            [
              120.15793306052285,
              30.240301165236975
            ]
          ]
        ]
      },
      "properties": {
        "grid_id": "M4B-R-5EEC8B7710-G-R03-C14",
        "row": 3,
        "column": 14,
        "analysis_status": "ANALYZABLE_LAND",
        "ranking_eligible": true,
        "source_mode": "REAL",
        "population_total": 1178.376503622933,
        "population_age_0_14": 122.06191911563872,
        "population_age_65_plus": 120.22395349872112,
        "elderly_share": 0.10202507698438582,
        "child_share": 0.10358482092977742,
        "vulnerability_share_raw": 0.10249300016800329,
        "lst_median_c": 48.35234237000003,
        "lst_valid_fraction": 1.0,
        "ndvi_median_land": 0.3223801170095188,
        "green_fraction_land": 0.552,
        "green_fraction_grid_legacy": 0.552,
        "water_fraction_grid": 0.0,
        "sentinel_valid_fraction": 1.0,
        "spatial_heat_score": 0.6847133757961783,
        "temporal_severity_score": 0.5238709677419354,
        "hazard_score": 0.6364606533799054,
        "exposure_score": 0.9367938912410043,
        "vulnerability_score": 1.5245928078601957e-08,
        "adaptive_capacity_score": 0.552,
        "risk_score": 55.59827372113989,
        "risk_percentile_within_aoi": 0.5509554140127388,
        "hazard_contribution_points": 25.458426135196216,
        "exposure_contribution_points": 23.419847281025106,
        "vulnerability_contribution_points": 3.049185615720392e-07,
        "adaptive_deficit_contribution_points": 6.719999999999999,
        "primary_driver": "hazard",
        "temporal_context_id": "era5-temporal:pilot_v1:2026-07-31T03Z",
        "source_ids": [
          "LC09_L2SP_119039_20260731_02_T1",
          "S2C_MSIL2A_20260731T023551_R089_T51RTP_20260731T060913",
          "chn_pop_2026_CN_100m_R2025A_v1.tif"
        ],
        "analysis_reasons": [],
        "landsat_quality_flag": "HIGH",
        "sentinel_quality_flag": "HIGH"
      }
    },
    {
      "type": "Feature",
      "id": "M4B-R-5EEC8B7710-G-R03-C15",
      "geometry": {
        "type": "Polygon",
        "coordinates": [
          [
            [
              120.16053038234593,
              30.24029985310419
            ],
            [
              120.16053192370816,
              30.242555019599045
            ],
            [
              120.15793454260202,
              30.242556331790865
            ],
            [
              120.15793306052285,
              30.240301165236975
            ],
            [
              120.16053038234593,
              30.24029985310419
            ]
          ]
        ]
      },
      "properties": {
        "grid_id": "M4B-R-5EEC8B7710-G-R03-C15",
        "row": 3,
        "column": 15,
        "analysis_status": "ANALYZABLE_LAND",
        "ranking_eligible": true,
        "source_mode": "REAL",
        "population_total": 918.0252153262458,
        "population_age_0_14": 95.09348005835659,
        "population_age_65_plus": 93.66159400672184,
        "elderly_share": 0.10202507778986941,
        "child_share": 0.10358482367454633,
        "vulnerability_share_raw": 0.10249300155527248,
        "lst_median_c": 45.585455180000054,
        "lst_valid_fraction": 1.0,
        "ndvi_median_land": 0.4641995042856964,
        "green_fraction_land": 0.6608,
        "green_fraction_grid_legacy": 0.6608,
        "water_fraction_grid": 0.0,
        "sentinel_valid_fraction": 1.0,
        "spatial_heat_score": 0.39171974522292996,
        "temporal_severity_score": 0.5238709677419354,
        "hazard_score": 0.4313651119786316,
        "exposure_score": 0.8840558818875469,
        "vulnerability_score": 5.0042734024259925e-08,
        "adaptive_capacity_score": 0.6608,
        "risk_score": 44.44400252718862,
        "risk_percentile_within_aoi": 0.37579617834394907,
        "hazard_contribution_points": 17.254604479145264,
        "exposure_contribution_points": 22.101397047188673,
        "vulnerability_contribution_points": 1.0008546804851984e-06,
        "adaptive_deficit_contribution_points": 5.087999999999999,
        "primary_driver": "exposure",
        "temporal_context_id": "era5-temporal:pilot_v1:2026-07-31T03Z",
        "source_ids": [
          "LC09_L2SP_119039_20260731_02_T1",
          "S2C_MSIL2A_20260731T023551_R089_T51RTP_20260731T060913",
          "chn_pop_2026_CN_100m_R2025A_v1.tif"
        ],
        "analysis_reasons": [],
        "landsat_quality_flag": "HIGH",
        "sentinel_quality_flag": "HIGH"
      }
    },
    {
      "type": "Feature",
      "id": "M4B-R-5EEC8B7710-G-R03-C16",
      "geometry": {
        "type": "Polygon",
        "coordinates": [
          [
            [
              120.16312770409866,
              30.240298489515276
            ],
            [
              120.16312930474398,
              30.242553655948758
            ],
            [
              120.16053192370816,
              30.242555019599045
            ],
            [
              120.16053038234593,
              30.24029985310419
            ],
            [
              120.16312770409866,
              30.240298489515276
            ]
          ]
        ]
      },
      "properties": {
        "grid_id": "M4B-R-5EEC8B7710-G-R03-C16",
        "row": 3,
        "column": 16,
        "analysis_status": "ANALYZABLE_LAND",
        "ranking_eligible": true,
        "source_mode": "REAL",
        "population_total": 642.9622633913824,
        "population_age_0_14": 66.60113079864624,
        "population_age_65_plus": 65.5982774844214,
        "elderly_share": 0.10202508174961207,
        "child_share": 0.10358482074414523,
        "vulnerability_share_raw": 0.10249300344797202,
        "lst_median_c": 44.816400680000015,
        "lst_valid_fraction": 1.0,
        "ndvi_median_land": 0.6837847673456273,
        "green_fraction_land": 0.7488,
        "green_fraction_grid_legacy": 0.7488,
        "water_fraction_grid": 0.0,
        "sentinel_valid_fraction": 1.0,
        "spatial_heat_score": 0.35668789808917195,
        "temporal_severity_score": 0.5238709677419354,
        "hazard_score": 0.40684281898500096,
        "exposure_score": 0.8088536730615067,
        "vulnerability_score": 9.751722499823457e-08,
        "adaptive_capacity_score": 0.7488,
        "risk_score": 40.26305653628221,
        "risk_percentile_within_aoi": 0.33121019108280253,
        "hazard_contribution_points": 16.273712759400038,
        "exposure_contribution_points": 20.221341826537667,
        "vulnerability_contribution_points": 1.9503444999646913e-06,
        "adaptive_deficit_contribution_points": 3.768,
        "primary_driver": "exposure",
        "temporal_context_id": "era5-temporal:pilot_v1:2026-07-31T03Z",
        "source_ids": [
          "LC09_L2SP_119039_20260731_02_T1",
          "S2C_MSIL2A_20260731T023551_R089_T51RTP_20260731T060913",
          "chn_pop_2026_CN_100m_R2025A_v1.tif"
        ],
        "analysis_reasons": [],
        "landsat_quality_flag": "HIGH",
        "sentinel_quality_flag": "HIGH"
      }
    },
    {
      "type": "Feature",
      "id": "M4B-R-5EEC8B7710-G-R03-C17",
      "geometry": {
        "type": "Polygon",
        "coordinates": [
          [
            [
              120.16572502577834,
              30.240297074470213
            ],
            [
              120.16572668570673,
              30.242552240840006
            ],
            [
              120.16312930474398,
              30.242553655948758
            ],
            [
              120.16312770409866,
              30.240298489515276
            ],
            [
              120.16572502577834,
              30.240297074470213
            ]
          ]
        ]
      },
      "properties": {
        "grid_id": "M4B-R-5EEC8B7710-G-R03-C17",
        "row": 3,
        "column": 17,
        "analysis_status": "ANALYZABLE_LAND",
        "ranking_eligible": true,
        "source_mode": "REAL",
        "population_total": 819.0210128013879,
        "population_age_0_14": 84.83814451088125,
        "population_age_65_plus": 83.56068244235163,
        "elderly_share": 0.10202507766747011,
        "child_share": 0.10358482039514467,
        "vulnerability_share_raw": 0.10249300048577246,
        "lst_median_c": 48.31645316000004,
        "lst_valid_fraction": 1.0,
        "ndvi_median_land": 0.4097550798765699,
        "green_fraction_land": 0.5632,
        "green_fraction_grid_legacy": 0.5632,
        "water_fraction_grid": 0.0,
        "sentinel_valid_fraction": 1.0,
        "spatial_heat_score": 0.6751592356687898,
        "temporal_severity_score": 0.5238709677419354,
        "hazard_score": 0.6297727552907334,
        "exposure_score": 0.8599556334900502,
        "vulnerability_score": 2.3216516850392813e-08,
        "adaptive_capacity_score": 0.5632,
        "risk_score": 53.24180151321093,
        "risk_percentile_within_aoi": 0.4872611464968153,
        "hazard_contribution_points": 25.190910211629337,
        "exposure_contribution_points": 21.498890837251256,
        "vulnerability_contribution_points": 4.6433033700785626e-07,
        "adaptive_deficit_contribution_points": 6.552,
        "primary_driver": "hazard",
        "temporal_context_id": "era5-temporal:pilot_v1:2026-07-31T03Z",
        "source_ids": [
          "LC09_L2SP_119039_20260731_02_T1",
          "S2C_MSIL2A_20260731T023551_R089_T51RTP_20260731T060913",
          "chn_pop_2026_CN_100m_R2025A_v1.tif"
        ],
        "analysis_reasons": [],
        "landsat_quality_flag": "HIGH",
        "sentinel_quality_flag": "HIGH"
      }
    },
    {
      "type": "Feature",
      "id": "M4B-R-5EEC8B7710-G-R03-C18",
      "geometry": {
        "type": "Polygon",
        "coordinates": [
          [
            [
              120.16832234738229,
              30.240295607969006
            ],
            [
              120.16832406659371,
              30.242550774272804
            ],
            [
              120.16572668570673,
              30.242552240840006
            ],
            [
              120.16572502577834,
              30.240297074470213
            ],
            [
              120.16832234738229,
              30.240295607969006
            ]
          ]
        ]
      },
      "properties": {
        "grid_id": "M4B-R-5EEC8B7710-G-R03-C18",
        "row": 3,
        "column": 18,
        "analysis_status": "ANALYZABLE_LAND",
        "ranking_eligible": true,
        "source_mode": "REAL",
        "population_total": 943.4820379715932,
        "population_age_0_14": 97.7304208917351,
        "population_age_65_plus": 96.25882930506195,
        "elderly_share": 0.10202507883669976,
        "child_share": 0.1035848240437595,
        "vulnerability_share_raw": 0.10249300239881767,
        "lst_median_c": 50.09724158000003,
        "lst_valid_fraction": 1.0,
        "ndvi_median_land": 0.24840881800271858,
        "green_fraction_land": 0.4512,
        "green_fraction_grid_legacy": 0.4512,
        "water_fraction_grid": 0.0,
        "sentinel_valid_fraction": 1.0,
        "spatial_heat_score": 0.910828025477707,
        "temporal_severity_score": 0.5238709677419354,
        "hazard_score": 0.7947409081569755,
        "exposure_score": 0.8898329740110783,
        "vulnerability_score": 7.120133727058703e-08,
        "adaptive_capacity_score": 0.4512,
        "risk_score": 62.26746210058272,
        "risk_percentile_within_aoi": 0.6878980891719745,
        "hazard_contribution_points": 31.78963632627902,
        "exposure_contribution_points": 22.24582435027696,
        "vulnerability_contribution_points": 1.4240267454117406e-06,
        "adaptive_deficit_contribution_points": 8.232,
        "primary_driver": "hazard",
        "temporal_context_id": "era5-temporal:pilot_v1:2026-07-31T03Z",
        "source_ids": [
          "LC09_L2SP_119039_20260731_02_T1",
          "S2C_MSIL2A_20260731T023551_R089_T51RTP_20260731T060913",
          "chn_pop_2026_CN_100m_R2025A_v1.tif"
        ],
        "analysis_reasons": [],
        "landsat_quality_flag": "HIGH",
        "sentinel_quality_flag": "HIGH"
      }
    },
    {
      "type": "Feature",
      "id": "M4B-R-5EEC8B7710-G-R03-C19",
      "geometry": {
        "type": "Polygon",
        "coordinates": [
          [
            [
              120.17091966890777,
              30.240294090011663
            ],
            [
              120.17092144740225,
              30.242549256247145
            ],
            [
              120.16832406659371,
              30.242550774272804
            ],
            [
              120.16832234738229,
              30.240295607969006
            ],
            [
              120.17091966890777,
              30.240294090011663
            ]
          ]
        ]
      },
      "properties": {
        "grid_id": "M4B-R-5EEC8B7710-G-R03-C19",
        "row": 3,
        "column": 19,
        "analysis_status": "ANALYZABLE_LAND",
        "ranking_eligible": true,
        "source_mode": "REAL",
        "population_total": 762.329632931817,
        "population_age_0_14": 78.96577640507702,
        "population_age_65_plus": 77.77674147355137,
        "elderly_share": 0.10202507958982587,
        "child_share": 0.10358481815981008,
        "vulnerability_share_raw": 0.10249300116082112,
        "lst_median_c": 50.71077617,
        "lst_valid_fraction": 1.0,
        "ndvi_median_land": 0.2425611879520397,
        "green_fraction_land": 0.4256,
        "green_fraction_grid_legacy": 0.4256,
        "water_fraction_grid": 0.0,
        "sentinel_valid_fraction": 1.0,
        "spatial_heat_score": 0.9554140127388535,
        "temporal_severity_score": 0.5238709677419354,
        "hazard_score": 0.825951099239778,
        "exposure_score": 0.8448083491237632,
        "vulnerability_score": 4.014872963081144e-08,
        "adaptive_capacity_score": 0.4256,
        "risk_score": 62.7742535006598,
        "risk_percentile_within_aoi": 0.7070063694267515,
        "hazard_contribution_points": 33.03804396959112,
        "exposure_contribution_points": 21.12020872809408,
        "vulnerability_contribution_points": 8.029745926162289e-07,
        "adaptive_deficit_contribution_points": 8.616,
        "primary_driver": "hazard",
        "temporal_context_id": "era5-temporal:pilot_v1:2026-07-31T03Z",
        "source_ids": [
          "LC09_L2SP_119039_20260731_02_T1",
          "S2C_MSIL2A_20260731T023551_R089_T51RTP_20260731T060913",
          "chn_pop_2026_CN_100m_R2025A_v1.tif"
        ],
        "analysis_reasons": [],
        "landsat_quality_flag": "HIGH",
        "sentinel_quality_flag": "HIGH"
      }
    },
    {
      "type": "Feature",
      "id": "M4B-R-5EEC8B7710-G-R04-C00",
      "geometry": {
        "type": "Polygon",
        "coordinates": [
          [
            [
              120.12157120124485,
              30.242569299335436
            ],
            [
              120.12157185341917,
              30.24482446569595
            ],
            [
              120.11897441229395,
              30.2448250060347
            ],
            [
              120.11897381940821,
              30.24256983964986
            ],
            [
              120.12157120124485,
              30.242569299335436
            ]
          ]
        ]
      },
      "properties": {
        "grid_id": "M4B-R-5EEC8B7710-G-R04-C00",
        "row": 4,
        "column": 0,
        "analysis_status": "ANALYZABLE_LAND",
        "ranking_eligible": true,
        "source_mode": "REAL",
        "population_total": 83.98227264808389,
        "population_age_0_14": 9.342117725432006,
        "population_age_65_plus": 9.34510353741302,
        "elderly_share": 0.1112747159936048,
        "child_share": 0.11123916310980127,
        "vulnerability_share_raw": 0.11126405012846376,
        "lst_median_c": 41.094176900000036,
        "lst_valid_fraction": 1.0,
        "ndvi_median_land": 0.6256825842048913,
        "green_fraction_land": 0.7389162561576355,
        "green_fraction_grid_legacy": 0.72,
        "water_fraction_grid": 0.0256,
        "sentinel_valid_fraction": 1.0,
        "spatial_heat_score": 0.25477707006369427,
        "temporal_severity_score": 0.5238709677419354,
        "hazard_score": 0.3355052393671666,
        "exposure_score": 0.38065379206391015,
        "vulnerability_score": 0.22000383711623747,
        "adaptive_capacity_score": 0.7389162561576355,
        "risk_score": 31.252887276244635,
        "risk_percentile_within_aoi": 0.27388535031847133,
        "hazard_contribution_points": 13.420209574686663,
        "exposure_contribution_points": 9.516344801597754,
        "vulnerability_contribution_points": 4.4000767423247495,
        "adaptive_deficit_contribution_points": 3.916256157635468,
        "primary_driver": "hazard",
        "temporal_context_id": "era5-temporal:pilot_v1:2026-07-31T03Z",
        "source_ids": [
          "LC09_L2SP_119039_20260731_02_T1",
          "S2C_MSIL2A_20260731T023551_R089_T51RTP_20260731T060913",
          "chn_pop_2026_CN_100m_R2025A_v1.tif"
        ],
        "analysis_reasons": [],
        "landsat_quality_flag": "HIGH",
        "sentinel_quality_flag": "HIGH"
      }
    },
    {
      "type": "Feature",
      "id": "M4B-R-5EEC8B7710-G-R04-C01",
      "geometry": {
        "type": "Polygon",
        "coordinates": [
          [
            [
              120.12416858305173,
              30.242568707562487
            ],
            [
              120.12416929451462,
              30.244823873896376
            ],
            [
              120.12157185341917,
              30.24482446569595
            ],
            [
              120.12157120124485,
              30.242569299335436
            ],
            [
              120.12416858305173,
              30.242568707562487
            ]
          ]
        ]
      },
      "properties": {
        "grid_id": "M4B-R-5EEC8B7710-G-R04-C01",
        "row": 4,
        "column": 1,
        "analysis_status": "ANALYZABLE_LAND",
        "ranking_eligible": true,
        "source_mode": "REAL",
        "population_total": 86.7005666621315,
        "population_age_0_14": 9.644496995112496,
        "population_age_65_plus": 9.647578254960393,
        "elderly_share": 0.11127468511891744,
        "child_share": 0.1112391460219251,
        "vulnerability_share_raw": 0.11126402338981974,
        "lst_median_c": 39.79532930000005,
        "lst_valid_fraction": 1.0,
        "ndvi_median_land": 0.5936560255500134,
        "green_fraction_land": 0.756140350877193,
        "green_fraction_grid_legacy": 0.6907051282051282,
        "water_fraction_grid": 0.08653846153846154,
        "sentinel_valid_fraction": 0.9984,
        "spatial_heat_score": 0.1751592356687898,
        "temporal_severity_score": 0.5238709677419354,
        "hazard_score": 0.2797727552907335,
        "exposure_score": 0.3873110025727414,
        "vulnerability_score": 0.22000316643212292,
        "adaptive_capacity_score": 0.756140350877193,
        "risk_score": 28.93164334143244,
        "risk_percentile_within_aoi": 0.2356687898089172,
        "hazard_contribution_points": 11.190910211629339,
        "exposure_contribution_points": 9.682775064318536,
        "vulnerability_contribution_points": 4.400063328642458,
        "adaptive_deficit_contribution_points": 3.657894736842105,
        "primary_driver": "hazard",
        "temporal_context_id": "era5-temporal:pilot_v1:2026-07-31T03Z",
        "source_ids": [
          "LC09_L2SP_119039_20260731_02_T1",
          "S2C_MSIL2A_20260731T023551_R089_T51RTP_20260731T060913",
          "chn_pop_2026_CN_100m_R2025A_v1.tif"
        ],
        "analysis_reasons": [],
        "landsat_quality_flag": "HIGH",
        "sentinel_quality_flag": "HIGH"
      }
    },
    {
      "type": "Feature",
      "id": "M4B-R-5EEC8B7710-G-R04-C02",
      "geometry": {
        "type": "Polygon",
        "coordinates": [
          [
            [
              120.12676596482616,
              30.242568064331046
            ],
            [
              120.12676673557759,
              30.244823230635976
            ],
            [
              120.12416929451462,
              30.244823873896376
            ],
            [
              120.12416858305173,
              30.242568707562487
            ],
            [
              120.12676596482616,
              30.242568064331046
            ]
          ]
        ]
      },
      "properties": {
        "grid_id": "M4B-R-5EEC8B7710-G-R04-C02",
        "row": 4,
        "column": 2,
        "analysis_status": "ANALYZABLE_LAND",
        "ranking_eligible": true,
        "source_mode": "REAL",
        "population_total": 12.021090386960761,
        "population_age_0_14": 1.3372167086400928,
        "population_age_65_plus": 1.337643480715719,
        "elderly_share": 0.11127472114897802,
        "child_share": 0.1112392192051536,
        "vulnerability_share_raw": 0.11126407056583068,
        "lst_median_c": 36.30553088000002,
        "lst_valid_fraction": 1.0,
        "ndvi_median_land": 0.815523120990712,
        "green_fraction_land": 0.7429643527204502,
        "green_fraction_grid_legacy": 0.6336,
        "water_fraction_grid": 0.1472,
        "sentinel_valid_fraction": 1.0,
        "spatial_heat_score": 0.006369426751592357,
        "temporal_severity_score": 0.5238709677419354,
        "hazard_score": 0.16161988904869526,
        "exposure_score": 0.0,
        "vulnerability_score": 0.2200043497457234,
        "adaptive_capacity_score": 0.7429643527204502,
        "risk_score": 14.720417266055524,
        "risk_percentile_within_aoi": 0.06050955414012739,
        "hazard_contribution_points": 6.464795561947811,
        "exposure_contribution_points": 0.0,
        "vulnerability_contribution_points": 4.400086994914468,
        "adaptive_deficit_contribution_points": 3.8555347091932464,
        "primary_driver": "hazard",
        "temporal_context_id": "era5-temporal:pilot_v1:2026-07-31T03Z",
        "source_ids": [
          "LC09_L2SP_119039_20260731_02_T1",
          "S2C_MSIL2A_20260731T023551_R089_T51RTP_20260731T060913",
          "chn_pop_2026_CN_100m_R2025A_v1.tif"
        ],
        "analysis_reasons": [],
        "landsat_quality_flag": "HIGH",
        "sentinel_quality_flag": "HIGH"
      }
    },
    {
      "type": "Feature",
      "id": "M4B-R-5EEC8B7710-G-R04-C03",
      "geometry": {
        "type": "Polygon",
        "coordinates": [
          [
            [
              120.12936334656541,
              30.242567369641094
            ],
            [
              120.1293641766054,
              30.244822535914754
            ],
            [
              120.12676673557759,
              30.244823230635976
            ],
            [
              120.12676596482616,
              30.242568064331046
            ],
            [
              120.12936334656541,
              30.242567369641094
            ]
          ]
        ]
      },
      "properties": {
        "grid_id": "M4B-R-5EEC8B7710-G-R04-C03",
        "row": 4,
        "column": 3,
        "analysis_status": "ANALYZABLE_LAND",
        "ranking_eligible": false,
        "source_mode": "REAL",
        "population_total": 0.0,
        "population_age_0_14": 0.0,
        "population_age_65_plus": 0.0,
        "elderly_share": 0.0,
        "child_share": 0.0,
        "vulnerability_share_raw": 0.0,
        "lst_median_c": 36.17906414000001,
        "lst_valid_fraction": 1.0,
        "ndvi_median_land": 0.81176174443367,
        "green_fraction_land": 0.8049382716049382,
        "green_fraction_grid_legacy": 0.5216,
        "water_fraction_grid": 0.352,
        "sentinel_valid_fraction": 1.0,
        "spatial_heat_score": 0.0031847133757961785,
        "temporal_severity_score": 0.5238709677419354,
        "hazard_score": 0.15939058968563793,
        "exposure_score": 0.0,
        "vulnerability_score": 0.0,
        "adaptive_capacity_score": 0.8049382716049382,
        "risk_score": 9.301549513351445,
        "risk_percentile_within_aoi": 0.0031847133757961785,
        "hazard_contribution_points": 6.375623587425517,
        "exposure_contribution_points": 0.0,
        "vulnerability_contribution_points": 0.0,
        "adaptive_deficit_contribution_points": 2.9259259259259265,
        "primary_driver": "hazard",
        "temporal_context_id": "era5-temporal:pilot_v1:2026-07-31T03Z",
        "source_ids": [
          "LC09_L2SP_119039_20260731_02_T1",
          "S2C_MSIL2A_20260731T023551_R089_T51RTP_20260731T060913",
          "chn_pop_2026_CN_100m_R2025A_v1.tif"
        ],
        "analysis_reasons": [],
        "landsat_quality_flag": "HIGH",
        "sentinel_quality_flag": "HIGH"
      }
    },
    {
      "type": "Feature",
      "id": "M4B-R-5EEC8B7710-G-R04-C04",
      "geometry": {
        "type": "Polygon",
        "coordinates": [
          [
            [
              120.13196072826679,
              30.24256662349262
            ],
            [
              120.1319616175953,
              30.244821789732715
            ],
            [
              120.1293641766054,
              30.244822535914754
            ],
            [
              120.12936334656541,
              30.242567369641094
            ],
            [
              120.13196072826679,
              30.24256662349262
            ]
          ]
        ]
      },
      "properties": {
        "grid_id": "M4B-R-5EEC8B7710-G-R04-C04",
        "row": 4,
        "column": 4,
        "analysis_status": "NON_URBAN_WATER",
        "ranking_eligible": false,
        "source_mode": "REAL",
        "population_total": 0.0,
        "population_age_0_14": 0.0,
        "population_age_65_plus": 0.0,
        "elderly_share": 0.0,
        "child_share": 0.0,
        "vulnerability_share_raw": 0.0,
        "lst_median_c": 34.19490353000003,
        "lst_valid_fraction": 1.0,
        "ndvi_median_land": 0.8501606317731508,
        "green_fraction_land": 0.9689922480620154,
        "green_fraction_grid_legacy": 0.2,
        "water_fraction_grid": 0.7936,
        "sentinel_valid_fraction": 1.0,
        "spatial_heat_score": null,
        "temporal_severity_score": 0.5238709677419354,
        "hazard_score": null,
        "exposure_score": null,
        "vulnerability_score": 0.0,
        "adaptive_capacity_score": null,
        "risk_score": null,
        "risk_percentile_within_aoi": null,
        "hazard_contribution_points": null,
        "exposure_contribution_points": null,
        "vulnerability_contribution_points": 0.0,
        "adaptive_deficit_contribution_points": null,
        "primary_driver": "vulnerability",
        "temporal_context_id": "era5-temporal:pilot_v1:2026-07-31T03Z",
        "source_ids": [
          "LC09_L2SP_119039_20260731_02_T1",
          "S2C_MSIL2A_20260731T023551_R089_T51RTP_20260731T060913",
          "chn_pop_2026_CN_100m_R2025A_v1.tif"
        ],
        "analysis_reasons": [
          "WATER_EXCLUDED"
        ],
        "landsat_quality_flag": "HIGH",
        "sentinel_quality_flag": "HIGH"
      }
    },
    {
      "type": "Feature",
      "id": "M4B-R-5EEC8B7710-G-R04-C05",
      "geometry": {
        "type": "Polygon",
        "coordinates": [
          [
            [
              120.13455810992757,
              30.24256582588567
            ],
            [
              120.13455905854464,
              30.244820992089846
            ],
            [
              120.1319616175953,
              30.244821789732715
            ],
            [
              120.13196072826679,
              30.24256662349262
            ],
            [
              120.13455810992757,
              30.24256582588567
            ]
          ]
        ]
      },
      "properties": {
        "grid_id": "M4B-R-5EEC8B7710-G-R04-C05",
        "row": 4,
        "column": 5,
        "analysis_status": "NON_URBAN_WATER",
        "ranking_eligible": false,
        "source_mode": "REAL",
        "population_total": 0.0,
        "population_age_0_14": 0.0,
        "population_age_65_plus": 0.0,
        "elderly_share": 0.0,
        "child_share": 0.0,
        "vulnerability_share_raw": 0.0,
        "lst_median_c": 34.47347216000003,
        "lst_valid_fraction": 1.0,
        "ndvi_median_land": 0.8090955078244308,
        "green_fraction_land": 0.82,
        "green_fraction_grid_legacy": 0.1968,
        "water_fraction_grid": 0.76,
        "sentinel_valid_fraction": 1.0,
        "spatial_heat_score": null,
        "temporal_severity_score": 0.5238709677419354,
        "hazard_score": null,
        "exposure_score": null,
        "vulnerability_score": 0.0,
        "adaptive_capacity_score": null,
        "risk_score": null,
        "risk_percentile_within_aoi": null,
        "hazard_contribution_points": null,
        "exposure_contribution_points": null,
        "vulnerability_contribution_points": 0.0,
        "adaptive_deficit_contribution_points": null,
        "primary_driver": "vulnerability",
        "temporal_context_id": "era5-temporal:pilot_v1:2026-07-31T03Z",
        "source_ids": [
          "LC09_L2SP_119039_20260731_02_T1",
          "S2C_MSIL2A_20260731T023551_R089_T51RTP_20260731T060913",
          "chn_pop_2026_CN_100m_R2025A_v1.tif"
        ],
        "analysis_reasons": [
          "WATER_EXCLUDED"
        ],
        "landsat_quality_flag": "HIGH",
        "sentinel_quality_flag": "HIGH"
      }
    },
    {
      "type": "Feature",
      "id": "M4B-R-5EEC8B7710-G-R04-C06",
      "geometry": {
        "type": "Polygon",
        "coordinates": [
          [
            [
              120.13715549154509,
              30.242564976820205
            ],
            [
              120.13715649945068,
              30.244820142986182
            ],
            [
              120.13455905854464,
              30.244820992089846
            ],
            [
              120.13455810992757,
              30.24256582588567
            ],
            [
              120.13715549154509,
              30.242564976820205
            ]
          ]
        ]
      },
      "properties": {
        "grid_id": "M4B-R-5EEC8B7710-G-R04-C06",
        "row": 4,
        "column": 6,
        "analysis_status": "NON_URBAN_WATER",
        "ranking_eligible": false,
        "source_mode": "REAL",
        "population_total": 0.0,
        "population_age_0_14": 0.0,
        "population_age_65_plus": 0.0,
        "elderly_share": 0.0,
        "child_share": 0.0,
        "vulnerability_share_raw": 0.0,
        "lst_median_c": 34.54866860000004,
        "lst_valid_fraction": 1.0,
        "ndvi_median_land": 0.6376640708678435,
        "green_fraction_land": 0.75,
        "green_fraction_grid_legacy": 0.0096,
        "water_fraction_grid": 0.9872,
        "sentinel_valid_fraction": 1.0,
        "spatial_heat_score": null,
        "temporal_severity_score": 0.5238709677419354,
        "hazard_score": null,
        "exposure_score": null,
        "vulnerability_score": 0.0,
        "adaptive_capacity_score": null,
        "risk_score": null,
        "risk_percentile_within_aoi": null,
        "hazard_contribution_points": null,
        "exposure_contribution_points": null,
        "vulnerability_contribution_points": 0.0,
        "adaptive_deficit_contribution_points": null,
        "primary_driver": "vulnerability",
        "temporal_context_id": "era5-temporal:pilot_v1:2026-07-31T03Z",
        "source_ids": [
          "LC09_L2SP_119039_20260731_02_T1",
          "S2C_MSIL2A_20260731T023551_R089_T51RTP_20260731T060913",
          "chn_pop_2026_CN_100m_R2025A_v1.tif"
        ],
        "analysis_reasons": [
          "WATER_EXCLUDED"
        ],
        "landsat_quality_flag": "HIGH",
        "sentinel_quality_flag": "HIGH"
      }
    },
    {
      "type": "Feature",
      "id": "M4B-R-5EEC8B7710-G-R04-C07",
      "geometry": {
        "type": "Polygon",
        "coordinates": [
          [
            [
              120.13975287311658,
              30.242564076296247
            ],
            [
              120.13975394031068,
              30.244819242421684
            ],
            [
              120.13715649945068,
              30.244820142986182
            ],
            [
              120.13715549154509,
              30.242564976820205
            ],
            [
              120.13975287311658,
              30.242564076296247
            ]
          ]
        ]
      },
      "properties": {
        "grid_id": "M4B-R-5EEC8B7710-G-R04-C07",
        "row": 4,
        "column": 7,
        "analysis_status": "NON_URBAN_WATER",
        "ranking_eligible": false,
        "source_mode": "REAL",
        "population_total": 0.0,
        "population_age_0_14": 0.0,
        "population_age_65_plus": 0.0,
        "elderly_share": 0.0,
        "child_share": 0.0,
        "vulnerability_share_raw": 0.0,
        "lst_median_c": 34.09919897,
        "lst_valid_fraction": 1.0,
        "ndvi_median_land": null,
        "green_fraction_land": null,
        "green_fraction_grid_legacy": 0.0,
        "water_fraction_grid": 1.0,
        "sentinel_valid_fraction": 1.0,
        "spatial_heat_score": null,
        "temporal_severity_score": 0.5238709677419354,
        "hazard_score": null,
        "exposure_score": null,
        "vulnerability_score": 0.0,
        "adaptive_capacity_score": null,
        "risk_score": null,
        "risk_percentile_within_aoi": null,
        "hazard_contribution_points": null,
        "exposure_contribution_points": null,
        "vulnerability_contribution_points": 0.0,
        "adaptive_deficit_contribution_points": null,
        "primary_driver": "vulnerability",
        "temporal_context_id": "era5-temporal:pilot_v1:2026-07-31T03Z",
        "source_ids": [
          "LC09_L2SP_119039_20260731_02_T1",
          "S2C_MSIL2A_20260731T023551_R089_T51RTP_20260731T060913",
          "chn_pop_2026_CN_100m_R2025A_v1.tif"
        ],
        "analysis_reasons": [
          "WATER_EXCLUDED"
        ],
        "landsat_quality_flag": "HIGH",
        "sentinel_quality_flag": "HIGH"
      }
    },
    {
      "type": "Feature",
      "id": "M4B-R-5EEC8B7710-G-R04-C08",
      "geometry": {
        "type": "Polygon",
        "coordinates": [
          [
            [
              120.1423502546394,
              30.242563124313797
            ],
            [
              120.14235138112201,
              30.244818290396392
            ],
            [
              120.13975394031068,
              30.244819242421684
            ],
            [
              120.13975287311658,
              30.242564076296247
            ],
            [
              120.1423502546394,
              30.242563124313797
            ]
          ]
        ]
      },
      "properties": {
        "grid_id": "M4B-R-5EEC8B7710-G-R04-C08",
        "row": 4,
        "column": 8,
        "analysis_status": "NON_URBAN_WATER",
        "ranking_eligible": false,
        "source_mode": "REAL",
        "population_total": 0.0,
        "population_age_0_14": 0.0,
        "population_age_65_plus": 0.0,
        "elderly_share": 0.0,
        "child_share": 0.0,
        "vulnerability_share_raw": 0.0,
        "lst_median_c": 34.29231709999999,
        "lst_valid_fraction": 1.0,
        "ndvi_median_land": 0.7753703546104939,
        "green_fraction_land": 0.7777777777777778,
        "green_fraction_grid_legacy": 0.0336,
        "water_fraction_grid": 0.9568,
        "sentinel_valid_fraction": 1.0,
        "spatial_heat_score": null,
        "temporal_severity_score": 0.5238709677419354,
        "hazard_score": null,
        "exposure_score": null,
        "vulnerability_score": 0.0,
        "adaptive_capacity_score": null,
        "risk_score": null,
        "risk_percentile_within_aoi": null,
        "hazard_contribution_points": null,
        "exposure_contribution_points": null,
        "vulnerability_contribution_points": 0.0,
        "adaptive_deficit_contribution_points": null,
        "primary_driver": "vulnerability",
        "temporal_context_id": "era5-temporal:pilot_v1:2026-07-31T03Z",
        "source_ids": [
          "LC09_L2SP_119039_20260731_02_T1",
          "S2C_MSIL2A_20260731T023551_R089_T51RTP_20260731T060913",
          "chn_pop_2026_CN_100m_R2025A_v1.tif"
        ],
        "analysis_reasons": [
          "WATER_EXCLUDED"
        ],
        "landsat_quality_flag": "HIGH",
        "sentinel_quality_flag": "HIGH"
      }
    },
    {
      "type": "Feature",
      "id": "M4B-R-5EEC8B7710-G-R04-C09",
      "geometry": {
        "type": "Polygon",
        "coordinates": [
          [
            [
              120.14494763611081,
              30.24256212087285
            ],
            [
              120.14494882188193,
              30.244817286910276
            ],
            [
              120.14235138112201,
              30.244818290396392
            ],
            [
              120.1423502546394,
              30.242563124313797
            ],
            [
              120.14494763611081,
              30.24256212087285
            ]
          ]
        ]
      },
      "properties": {
        "grid_id": "M4B-R-5EEC8B7710-G-R04-C09",
        "row": 4,
        "column": 9,
        "analysis_status": "NON_URBAN_WATER",
        "ranking_eligible": false,
        "source_mode": "REAL",
        "population_total": 0.0,
        "population_age_0_14": 0.0,
        "population_age_65_plus": 0.0,
        "elderly_share": 0.0,
        "child_share": 0.0,
        "vulnerability_share_raw": 0.0,
        "lst_median_c": 34.15559630000001,
        "lst_valid_fraction": 1.0,
        "ndvi_median_land": null,
        "green_fraction_land": null,
        "green_fraction_grid_legacy": 0.0,
        "water_fraction_grid": 1.0,
        "sentinel_valid_fraction": 1.0,
        "spatial_heat_score": null,
        "temporal_severity_score": 0.5238709677419354,
        "hazard_score": null,
        "exposure_score": null,
        "vulnerability_score": 0.0,
        "adaptive_capacity_score": null,
        "risk_score": null,
        "risk_percentile_within_aoi": null,
        "hazard_contribution_points": null,
        "exposure_contribution_points": null,
        "vulnerability_contribution_points": 0.0,
        "adaptive_deficit_contribution_points": null,
        "primary_driver": "vulnerability",
        "temporal_context_id": "era5-temporal:pilot_v1:2026-07-31T03Z",
        "source_ids": [
          "LC09_L2SP_119039_20260731_02_T1",
          "S2C_MSIL2A_20260731T023551_R089_T51RTP_20260731T060913",
          "chn_pop_2026_CN_100m_R2025A_v1.tif"
        ],
        "analysis_reasons": [
          "WATER_EXCLUDED"
        ],
        "landsat_quality_flag": "HIGH",
        "sentinel_quality_flag": "HIGH"
      }
    },
    {
      "type": "Feature",
      "id": "M4B-R-5EEC8B7710-G-R04-C10",
      "geometry": {
        "type": "Polygon",
        "coordinates": [
          [
            [
              120.14754501752809,
              30.24256106597342
            ],
            [
              120.14754626258774,
              30.244816231963366
            ],
            [
              120.14494882188193,
              30.244817286910276
            ],
            [
              120.14494763611081,
              30.24256212087285
            ],
            [
              120.14754501752809,
              30.24256106597342
            ]
          ]
        ]
      },
      "properties": {
        "grid_id": "M4B-R-5EEC8B7710-G-R04-C10",
        "row": 4,
        "column": 10,
        "analysis_status": "NON_URBAN_WATER",
        "ranking_eligible": false,
        "source_mode": "REAL",
        "population_total": 0.0,
        "population_age_0_14": 0.0,
        "population_age_65_plus": 0.0,
        "elderly_share": 0.0,
        "child_share": 0.0,
        "vulnerability_share_raw": 0.0,
        "lst_median_c": 34.083817880000026,
        "lst_valid_fraction": 1.0,
        "ndvi_median_land": null,
        "green_fraction_land": null,
        "green_fraction_grid_legacy": 0.0,
        "water_fraction_grid": 1.0,
        "sentinel_valid_fraction": 1.0,
        "spatial_heat_score": null,
        "temporal_severity_score": 0.5238709677419354,
        "hazard_score": null,
        "exposure_score": null,
        "vulnerability_score": 0.0,
        "adaptive_capacity_score": null,
        "risk_score": null,
        "risk_percentile_within_aoi": null,
        "hazard_contribution_points": null,
        "exposure_contribution_points": null,
        "vulnerability_contribution_points": 0.0,
        "adaptive_deficit_contribution_points": null,
        "primary_driver": "vulnerability",
        "temporal_context_id": "era5-temporal:pilot_v1:2026-07-31T03Z",
        "source_ids": [
          "LC09_L2SP_119039_20260731_02_T1",
          "S2C_MSIL2A_20260731T023551_R089_T51RTP_20260731T060913",
          "chn_pop_2026_CN_100m_R2025A_v1.tif"
        ],
        "analysis_reasons": [
          "WATER_EXCLUDED"
        ],
        "landsat_quality_flag": "HIGH",
        "sentinel_quality_flag": "HIGH"
      }
    },
    {
      "type": "Feature",
      "id": "M4B-R-5EEC8B7710-G-R04-C11",
      "geometry": {
        "type": "Polygon",
        "coordinates": [
          [
            [
              120.15014239888856,
              30.242559959615495
            ],
            [
              120.15014370323668,
              30.244815125555654
            ],
            [
              120.14754626258774,
              30.244816231963366
            ],
            [
              120.14754501752809,
              30.24256106597342
            ],
            [
              120.15014239888856,
              30.242559959615495
            ]
          ]
        ]
      },
      "properties": {
        "grid_id": "M4B-R-5EEC8B7710-G-R04-C11",
        "row": 4,
        "column": 11,
        "analysis_status": "NON_URBAN_WATER",
        "ranking_eligible": false,
        "source_mode": "REAL",
        "population_total": 0.0,
        "population_age_0_14": 0.0,
        "population_age_65_plus": 0.0,
        "elderly_share": 0.0,
        "child_share": 0.0,
        "vulnerability_share_raw": 0.0,
        "lst_median_c": 34.54695959,
        "lst_valid_fraction": 1.0,
        "ndvi_median_land": 0.7062809569082977,
        "green_fraction_land": 0.8571428571428571,
        "green_fraction_grid_legacy": 0.048,
        "water_fraction_grid": 0.944,
        "sentinel_valid_fraction": 1.0,
        "spatial_heat_score": null,
        "temporal_severity_score": 0.5238709677419354,
        "hazard_score": null,
        "exposure_score": null,
        "vulnerability_score": 0.0,
        "adaptive_capacity_score": null,
        "risk_score": null,
        "risk_percentile_within_aoi": null,
        "hazard_contribution_points": null,
        "exposure_contribution_points": null,
        "vulnerability_contribution_points": 0.0,
        "adaptive_deficit_contribution_points": null,
        "primary_driver": "vulnerability",
        "temporal_context_id": "era5-temporal:pilot_v1:2026-07-31T03Z",
        "source_ids": [
          "LC09_L2SP_119039_20260731_02_T1",
          "S2C_MSIL2A_20260731T023551_R089_T51RTP_20260731T060913",
          "chn_pop_2026_CN_100m_R2025A_v1.tif"
        ],
        "analysis_reasons": [
          "WATER_EXCLUDED"
        ],
        "landsat_quality_flag": "HIGH",
        "sentinel_quality_flag": "HIGH"
      }
    },
    {
      "type": "Feature",
      "id": "M4B-R-5EEC8B7710-G-R04-C12",
      "geometry": {
        "type": "Polygon",
        "coordinates": [
          [
            [
              120.1527397801895,
              30.242558801799102
            ],
            [
              120.15274114382613,
              30.244813967687147
            ],
            [
              120.15014370323668,
              30.244815125555654
            ],
            [
              120.15014239888856,
              30.242559959615495
            ],
            [
              120.1527397801895,
              30.242558801799102
            ]
          ]
        ]
      },
      "properties": {
        "grid_id": "M4B-R-5EEC8B7710-G-R04-C12",
        "row": 4,
        "column": 12,
        "analysis_status": "ANALYZABLE_LAND",
        "ranking_eligible": true,
        "source_mode": "REAL",
        "population_total": 51.15360422790931,
        "population_age_0_14": 5.298737647628467,
        "population_age_65_plus": 5.21895129803592,
        "elderly_share": 0.10202509435666451,
        "child_share": 0.10358483488319843,
        "vulnerability_share_raw": 0.10249301651462467,
        "lst_median_c": 39.19888481000004,
        "lst_valid_fraction": 1.0,
        "ndvi_median_land": 0.8370034610165474,
        "green_fraction_land": 0.96,
        "green_fraction_grid_legacy": 0.8832,
        "water_fraction_grid": 0.08,
        "sentinel_valid_fraction": 1.0,
        "spatial_heat_score": 0.12738853503184713,
        "temporal_severity_score": 0.5238709677419354,
        "hazard_score": 0.2463332648448736,
        "exposure_score": 0.2774202387208906,
        "vulnerability_score": 4.252674413054334e-07,
        "adaptive_capacity_score": 0.96,
        "risk_score": 17.388845067166038,
        "risk_percentile_within_aoi": 0.08280254777070063,
        "hazard_contribution_points": 9.853330593794944,
        "exposure_contribution_points": 6.935505968022265,
        "vulnerability_contribution_points": 8.505348826108668e-06,
        "adaptive_deficit_contribution_points": 0.6000000000000005,
        "primary_driver": "hazard",
        "temporal_context_id": "era5-temporal:pilot_v1:2026-07-31T03Z",
        "source_ids": [
          "LC09_L2SP_119039_20260731_02_T1",
          "S2C_MSIL2A_20260731T023551_R089_T51RTP_20260731T060913",
          "chn_pop_2026_CN_100m_R2025A_v1.tif"
        ],
        "analysis_reasons": [],
        "landsat_quality_flag": "HIGH",
        "sentinel_quality_flag": "HIGH"
      }
    },
    {
      "type": "Feature",
      "id": "M4B-R-5EEC8B7710-G-R04-C13",
      "geometry": {
        "type": "Polygon",
        "coordinates": [
          [
            [
              120.15533716142824,
              30.242557592524225
            ],
            [
              120.15533858435333,
              30.244812758357842
            ],
            [
              120.15274114382613,
              30.244813967687147
            ],
            [
              120.1527397801895,
              30.242558801799102
            ],
            [
              120.15533716142824,
              30.242557592524225
            ]
          ]
        ]
      },
      "properties": {
        "grid_id": "M4B-R-5EEC8B7710-G-R04-C13",
        "row": 4,
        "column": 13,
        "analysis_status": "ANALYZABLE_LAND",
        "ranking_eligible": true,
        "source_mode": "REAL",
        "population_total": 592.2429563874462,
        "population_age_0_14": 61.34738050750825,
        "population_age_65_plus": 60.423634344109885,
        "elderly_share": 0.10202507888431629,
        "child_share": 0.10358482080008852,
        "vulnerability_share_raw": 0.10249300145904795,
        "lst_median_c": 45.39233705000001,
        "lst_valid_fraction": 1.0,
        "ndvi_median_land": 0.6241426379621418,
        "green_fraction_land": 0.856,
        "green_fraction_grid_legacy": 0.856,
        "water_fraction_grid": 0.0,
        "sentinel_valid_fraction": 1.0,
        "spatial_heat_score": 0.3853503184713376,
        "temporal_severity_score": 0.5238709677419354,
        "hazard_score": 0.42690651325251694,
        "exposure_score": 0.7915082777559453,
        "vulnerability_score": 4.7629138834507686e-08,
        "adaptive_capacity_score": 0.856,
        "risk_score": 39.023968426582094,
        "risk_percentile_within_aoi": 0.32802547770700635,
        "hazard_contribution_points": 17.076260530100676,
        "exposure_contribution_points": 19.787706943898634,
        "vulnerability_contribution_points": 9.525827766901537e-07,
        "adaptive_deficit_contribution_points": 2.16,
        "primary_driver": "exposure",
        "temporal_context_id": "era5-temporal:pilot_v1:2026-07-31T03Z",
        "source_ids": [
          "LC09_L2SP_119039_20260731_02_T1",
          "S2C_MSIL2A_20260731T023551_R089_T51RTP_20260731T060913",
          "chn_pop_2026_CN_100m_R2025A_v1.tif"
        ],
        "analysis_reasons": [],
        "landsat_quality_flag": "HIGH",
        "sentinel_quality_flag": "HIGH"
      }
    },
    {
      "type": "Feature",
      "id": "M4B-R-5EEC8B7710-G-R04-C14",
      "geometry": {
        "type": "Polygon",
        "coordinates": [
          [
            [
              120.15793454260202,
              30.242556331790865
            ],
            [
              120.1579360248156,
              30.244811497567742
            ],
            [
              120.15533858435333,
              30.244812758357842
            ],
            [
              120.15533716142824,
              30.242557592524225
            ],
            [
              120.15793454260202,
              30.242556331790865
            ]
          ]
        ]
      },
      "properties": {
        "grid_id": "M4B-R-5EEC8B7710-G-R04-C14",
        "row": 4,
        "column": 14,
        "analysis_status": "ANALYZABLE_LAND",
        "ranking_eligible": true,
        "source_mode": "REAL",
        "population_total": 1289.2503048697613,
        "population_age_0_14": 133.54676475652485,
        "population_age_65_plus": 131.5358591755274,
        "elderly_share": 0.10202507509883042,
        "child_share": 0.10358482309609816,
        "vulnerability_share_raw": 0.10249299949801075,
        "lst_median_c": 47.68411946000003,
        "lst_valid_fraction": 1.0,
        "ndvi_median_land": 0.44651172849652054,
        "green_fraction_land": 0.7536,
        "green_fraction_grid_legacy": 0.7536,
        "water_fraction_grid": 0.0,
        "sentinel_valid_fraction": 1.0,
        "spatial_heat_score": 0.5859872611464968,
        "temporal_severity_score": 0.5238709677419354,
        "hazard_score": 0.5673523731251283,
        "exposure_score": 0.9557914943189351,
        "vulnerability_score": 0.0,
        "adaptive_capacity_score": 0.7536,
        "risk_score": 50.284882282978515,
        "risk_percentile_within_aoi": 0.43312101910828027,
        "hazard_contribution_points": 22.694094925005132,
        "exposure_contribution_points": 23.894787357973378,
        "vulnerability_contribution_points": 0.0,
        "adaptive_deficit_contribution_points": 3.6959999999999993,
        "primary_driver": "exposure",
        "temporal_context_id": "era5-temporal:pilot_v1:2026-07-31T03Z",
        "source_ids": [
          "LC09_L2SP_119039_20260731_02_T1",
          "S2C_MSIL2A_20260731T023551_R089_T51RTP_20260731T060913",
          "chn_pop_2026_CN_100m_R2025A_v1.tif"
        ],
        "analysis_reasons": [],
        "landsat_quality_flag": "HIGH",
        "sentinel_quality_flag": "HIGH"
      }
    },
    {
      "type": "Feature",
      "id": "M4B-R-5EEC8B7710-G-R04-C15",
      "geometry": {
        "type": "Polygon",
        "coordinates": [
          [
            [
              120.16053192370816,
              30.242555019599045
            ],
            [
              120.1605334652102,
              30.244810185316872
            ],
            [
              120.1579360248156,
              30.244811497567742
            ],
            [
              120.15793454260202,
              30.242556331790865
            ],
            [
              120.16053192370816,
              30.242555019599045
            ]
          ]
        ]
      },
      "properties": {
        "grid_id": "M4B-R-5EEC8B7710-G-R04-C15",
        "row": 4,
        "column": 15,
        "analysis_status": "ANALYZABLE_LAND",
        "ranking_eligible": true,
        "source_mode": "REAL",
        "population_total": 1238.6136997364433,
        "population_age_0_14": 128.30157933102274,
        "population_age_65_plus": 126.3696557955203,
        "elderly_share": 0.10202507514845806,
        "child_share": 0.10358482177156865,
        "vulnerability_share_raw": 0.10249299913539123,
        "lst_median_c": 47.97636017000002,
        "lst_valid_fraction": 1.0,
        "ndvi_median_land": 0.38307606154081325,
        "green_fraction_land": 0.6112,
        "green_fraction_grid_legacy": 0.6112,
        "water_fraction_grid": 0.0,
        "sentinel_valid_fraction": 1.0,
        "spatial_heat_score": 0.6305732484076433,
        "temporal_severity_score": 0.5238709677419354,
        "hazard_score": 0.5985625642079309,
        "exposure_score": 0.9473263458877399,
        "vulnerability_score": 0.0,
        "adaptive_capacity_score": 0.6112,
        "risk_score": 53.45766121551073,
        "risk_percentile_within_aoi": 0.5,
        "hazard_contribution_points": 23.942502568317234,
        "exposure_contribution_points": 23.683158647193498,
        "vulnerability_contribution_points": 0.0,
        "adaptive_deficit_contribution_points": 5.832000000000001,
        "primary_driver": "hazard",
        "temporal_context_id": "era5-temporal:pilot_v1:2026-07-31T03Z",
        "source_ids": [
          "LC09_L2SP_119039_20260731_02_T1",
          "S2C_MSIL2A_20260731T023551_R089_T51RTP_20260731T060913",
          "chn_pop_2026_CN_100m_R2025A_v1.tif"
        ],
        "analysis_reasons": [],
        "landsat_quality_flag": "HIGH",
        "sentinel_quality_flag": "HIGH"
      }
    },
    {
      "type": "Feature",
      "id": "M4B-R-5EEC8B7710-G-R04-C16",
      "geometry": {
        "type": "Polygon",
        "coordinates": [
          [
            [
              120.16312930474398,
              30.242553655948758
            ],
            [
              120.16313090553444,
              30.244808821605204
            ],
            [
              120.1605334652102,
              30.244810185316872
            ],
            [
              120.16053192370816,
              30.242555019599045
            ],
            [
              120.16312930474398,
              30.242553655948758
            ]
          ]
        ]
      },
      "properties": {
        "grid_id": "M4B-R-5EEC8B7710-G-R04-C16",
        "row": 4,
        "column": 16,
        "analysis_status": "ANALYZABLE_LAND",
        "ranking_eligible": true,
        "source_mode": "REAL",
        "population_total": 1685.997074835733,
        "population_age_0_14": 174.64370456625568,
        "population_age_65_plus": 172.01398088563934,
        "elderly_share": 0.10202507670566315,
        "child_share": 0.1035848206221065,
        "vulnerability_share_raw": 0.10249299988059615,
        "lst_median_c": 50.10920465000004,
        "lst_valid_fraction": 1.0,
        "ndvi_median_land": 0.2072694140462618,
        "green_fraction_land": 0.3712,
        "green_fraction_grid_legacy": 0.3712,
        "water_fraction_grid": 0.0,
        "sentinel_valid_fraction": 1.0,
        "spatial_heat_score": 0.9171974522292994,
        "temporal_severity_score": 0.5238709677419354,
        "hazard_score": 0.7991995068830902,
        "exposure_score": 1.0,
        "vulnerability_score": 8.036908695090476e-09,
        "adaptive_capacity_score": 0.3712,
        "risk_score": 66.3999804360618,
        "risk_percentile_within_aoi": 0.7707006369426752,
        "hazard_contribution_points": 31.967980275323605,
        "exposure_contribution_points": 25.0,
        "vulnerability_contribution_points": 1.6073817390180952e-07,
        "adaptive_deficit_contribution_points": 9.432,
        "primary_driver": "hazard",
        "temporal_context_id": "era5-temporal:pilot_v1:2026-07-31T03Z",
        "source_ids": [
          "LC09_L2SP_119039_20260731_02_T1",
          "S2C_MSIL2A_20260731T023551_R089_T51RTP_20260731T060913",
          "chn_pop_2026_CN_100m_R2025A_v1.tif"
        ],
        "analysis_reasons": [],
        "landsat_quality_flag": "HIGH",
        "sentinel_quality_flag": "HIGH"
      }
    },
    {
      "type": "Feature",
      "id": "M4B-R-5EEC8B7710-G-R04-C17",
      "geometry": {
        "type": "Polygon",
        "coordinates": [
          [
            [
              120.16572668570673,
              30.242552240840006
            ],
            [
              120.16572834578564,
              30.244807406432766
            ],
            [
              120.16313090553444,
              30.244808821605204
            ],
            [
              120.16312930474398,
              30.242553655948758
            ],
            [
              120.16572668570673,
              30.242552240840006
            ]
          ]
        ]
      },
      "properties": {
        "grid_id": "M4B-R-5EEC8B7710-G-R04-C17",
        "row": 4,
        "column": 17,
        "analysis_status": "ANALYZABLE_LAND",
        "ranking_eligible": true,
        "source_mode": "REAL",
        "population_total": 1549.3065434313146,
        "population_age_0_14": 160.48463894765155,
        "population_age_65_plus": 158.06812008731677,
        "elderly_share": 0.10202507744996457,
        "child_share": 0.10358481969114998,
        "vulnerability_share_raw": 0.10249300012232018,
        "lst_median_c": 51.71567405000002,
        "lst_valid_fraction": 1.0,
        "ndvi_median_land": 0.09892316880575329,
        "green_fraction_land": 0.2464,
        "green_fraction_grid_legacy": 0.2464,
        "water_fraction_grid": 0.0,
        "sentinel_valid_fraction": 1.0,
        "spatial_heat_score": 0.9936305732484076,
        "temporal_severity_score": 0.5238709677419354,
        "hazard_score": 0.852702691596466,
        "exposure_score": 0.9946146425374521,
        "vulnerability_score": 1.4100060838511337e-08,
        "adaptive_capacity_score": 0.2464,
        "risk_score": 70.27747400929616,
        "risk_percentile_within_aoi": 0.8375796178343949,
        "hazard_contribution_points": 34.10810766385864,
        "exposure_contribution_points": 24.865366063436305,
        "vulnerability_contribution_points": 2.8200121677022673e-07,
        "adaptive_deficit_contribution_points": 11.304,
        "primary_driver": "hazard",
        "temporal_context_id": "era5-temporal:pilot_v1:2026-07-31T03Z",
        "source_ids": [
          "LC09_L2SP_119039_20260731_02_T1",
          "S2C_MSIL2A_20260731T023551_R089_T51RTP_20260731T060913",
          "chn_pop_2026_CN_100m_R2025A_v1.tif"
        ],
        "analysis_reasons": [],
        "landsat_quality_flag": "HIGH",
        "sentinel_quality_flag": "HIGH"
      }
    },
    {
      "type": "Feature",
      "id": "M4B-R-5EEC8B7710-G-R04-C18",
      "geometry": {
        "type": "Polygon",
        "coordinates": [
          [
            [
              120.16832406659371,
              30.242550774272804
            ],
            [
              120.16832578596109,
              30.244805939799548
            ],
            [
              120.16572834578564,
              30.244807406432766
            ],
            [
              120.16572668570673,
              30.242552240840006
            ],
            [
              120.16832406659371,
              30.242550774272804
            ]
          ]
        ]
      },
      "properties": {
        "grid_id": "M4B-R-5EEC8B7710-G-R04-C18",
        "row": 4,
        "column": 18,
        "analysis_status": "ANALYZABLE_LAND",
        "ranking_eligible": true,
        "source_mode": "REAL",
        "population_total": 1566.741539239832,
        "population_age_0_14": 162.29063870713895,
        "population_age_65_plus": 159.8469269386814,
        "elderly_share": 0.10202507748421454,
        "child_share": 0.10358481896502267,
        "vulnerability_share_raw": 0.10249299992845697,
        "lst_median_c": 49.411928570000015,
        "lst_valid_fraction": 1.0,
        "ndvi_median_land": 0.20579133470567595,
        "green_fraction_land": 0.3984,
        "green_fraction_grid_legacy": 0.3984,
        "water_fraction_grid": 0.0,
        "sentinel_valid_fraction": 1.0,
        "spatial_heat_score": 0.8280254777070064,
        "temporal_severity_score": 0.5238709677419354,
        "hazard_score": 0.7367791247174851,
        "exposure_score": 0.9969792155672692,
        "vulnerability_score": 9.237399140712096e-09,
        "adaptive_capacity_score": 0.3984,
        "risk_score": 63.419645562629114,
        "risk_percentile_within_aoi": 0.7197452229299363,
        "hazard_contribution_points": 29.471164988699403,
        "exposure_contribution_points": 24.92448038918173,
        "vulnerability_contribution_points": 1.8474798281424191e-07,
        "adaptive_deficit_contribution_points": 9.024000000000001,
        "primary_driver": "hazard",
        "temporal_context_id": "era5-temporal:pilot_v1:2026-07-31T03Z",
        "source_ids": [
          "LC09_L2SP_119039_20260731_02_T1",
          "S2C_MSIL2A_20260731T023551_R089_T51RTP_20260731T060913",
          "chn_pop_2026_CN_100m_R2025A_v1.tif"
        ],
        "analysis_reasons": [],
        "landsat_quality_flag": "HIGH",
        "sentinel_quality_flag": "HIGH"
      }
    },
    {
      "type": "Feature",
      "id": "M4B-R-5EEC8B7710-G-R04-C19",
      "geometry": {
        "type": "Polygon",
        "coordinates": [
          [
            [
              120.17092144740225,
              30.242549256247145
            ],
            [
              120.17092322605804,
              30.244804421705563
            ],
            [
              120.16832578596109,
              30.244805939799548
            ],
            [
              120.16832406659371,
              30.242550774272804
            ],
            [
              120.17092144740225,
              30.242549256247145
            ]
          ]
        ]
      },
      "properties": {
        "grid_id": "M4B-R-5EEC8B7710-G-R04-C19",
        "row": 4,
        "column": 19,
        "analysis_status": "ANALYZABLE_LAND",
        "ranking_eligible": true,
        "source_mode": "REAL",
        "population_total": 901.015827027278,
        "population_age_0_14": 93.33156254260838,
        "population_age_65_plus": 91.92621102129989,
        "elderly_share": 0.10202507909832405,
        "child_share": 0.10358482031390864,
        "vulnerability_share_raw": 0.10249300146299942,
        "lst_median_c": 49.30255192999999,
        "lst_valid_fraction": 1.0,
        "ndvi_median_land": 0.41018206587381517,
        "green_fraction_land": 0.7072,
        "green_fraction_grid_legacy": 0.7072,
        "water_fraction_grid": 0.0,
        "sentinel_valid_fraction": 1.0,
        "spatial_heat_score": 0.8089171974522293,
        "temporal_severity_score": 0.5238709677419354,
        "hazard_score": 0.7234033285391411,
        "exposure_score": 0.8801059395278535,
        "vulnerability_score": 4.772825321878284e-08,
        "adaptive_capacity_score": 0.7072,
        "risk_score": 55.33078258432704,
        "risk_percentile_within_aoi": 0.5414012738853503,
        "hazard_contribution_points": 28.936133141565644,
        "exposure_contribution_points": 22.00264848819634,
        "vulnerability_contribution_points": 9.545650643756568e-07,
        "adaptive_deficit_contribution_points": 4.3919999999999995,
        "primary_driver": "hazard",
        "temporal_context_id": "era5-temporal:pilot_v1:2026-07-31T03Z",
        "source_ids": [
          "LC09_L2SP_119039_20260731_02_T1",
          "S2C_MSIL2A_20260731T023551_R089_T51RTP_20260731T060913",
          "chn_pop_2026_CN_100m_R2025A_v1.tif"
        ],
        "analysis_reasons": [],
        "landsat_quality_flag": "HIGH",
        "sentinel_quality_flag": "HIGH"
      }
    },
    {
      "type": "Feature",
      "id": "M4B-R-5EEC8B7710-G-R05-C00",
      "geometry": {
        "type": "Polygon",
        "coordinates": [
          [
            [
              120.12157185341917,
              30.24482446569595
            ],
            [
              120.12157250565261,
              30.24707963127944
            ],
            [
              120.11897500523347,
              30.247080171642516
            ],
            [
              120.11897441229395,
              30.2448250060347
            ],
            [
              120.12157185341917,
              30.24482446569595
            ]
          ]
        ]
      },
      "properties": {
        "grid_id": "M4B-R-5EEC8B7710-G-R05-C00",
        "row": 5,
        "column": 0,
        "analysis_status": "ANALYZABLE_LAND",
        "ranking_eligible": true,
        "source_mode": "REAL",
        "population_total": 118.28535039555847,
        "population_age_0_14": 13.157962793260367,
        "population_age_65_plus": 13.162166775664756,
        "elderly_share": 0.11127469912080495,
        "child_share": 0.11123915809742099,
        "vulnerability_share_raw": 0.11126403681378977,
        "lst_median_c": 41.036070559999985,
        "lst_valid_fraction": 1.0,
        "ndvi_median_land": 0.7523393316769611,
        "green_fraction_land": 0.9712,
        "green_fraction_grid_legacy": 0.9712,
        "water_fraction_grid": 0.0,
        "sentinel_valid_fraction": 1.0,
        "spatial_heat_score": 0.2484076433121019,
        "temporal_severity_score": 0.5238709677419354,
        "hazard_score": 0.33104664064105194,
        "exposure_score": 0.45234667198929096,
        "vulnerability_score": 0.2200035031449139,
        "adaptive_capacity_score": 0.9712,
        "risk_score": 29.382602488272624,
        "risk_percentile_within_aoi": 0.2484076433121019,
        "hazard_contribution_points": 13.241865625642077,
        "exposure_contribution_points": 11.308666799732274,
        "vulnerability_contribution_points": 4.400070062898278,
        "adaptive_deficit_contribution_points": 0.4320000000000007,
        "primary_driver": "hazard",
        "temporal_context_id": "era5-temporal:pilot_v1:2026-07-31T03Z",
        "source_ids": [
          "LC09_L2SP_119039_20260731_02_T1",
          "S2C_MSIL2A_20260731T023551_R089_T51RTP_20260731T060913",
          "chn_pop_2026_CN_100m_R2025A_v1.tif"
        ],
        "analysis_reasons": [],
        "landsat_quality_flag": "HIGH",
        "sentinel_quality_flag": "HIGH"
      }
    },
    {
      "type": "Feature",
      "id": "M4B-R-5EEC8B7710-G-R05-C01",
      "geometry": {
        "type": "Polygon",
        "coordinates": [
          [
            [
              120.12416929451462,
              30.244823873896376
            ],
            [
              120.124170006042,
              30.247079039453233
            ],
            [
              120.12157250565261,
              30.24707963127944
            ],
            [
              120.12157185341917,
              30.24482446569595
            ],
            [
              120.12416929451462,
              30.244823873896376
            ]
          ]
        ]
      },
      "properties": {
        "grid_id": "M4B-R-5EEC8B7710-G-R05-C01",
        "row": 5,
        "column": 1,
        "analysis_status": "ANALYZABLE_LAND",
        "ranking_eligible": true,
        "source_mode": "REAL",
        "population_total": 246.92577322855374,
        "population_age_0_14": 27.467817036573734,
        "population_age_65_plus": 27.476593157290694,
        "elderly_share": 0.11127470736664836,
        "child_share": 0.11123916583284163,
        "vulnerability_share_raw": 0.11126404490650633,
        "lst_median_c": 43.77390458000002,
        "lst_valid_fraction": 1.0,
        "ndvi_median_land": 0.6053942151691478,
        "green_fraction_land": 0.8224,
        "green_fraction_grid_legacy": 0.8224,
        "water_fraction_grid": 0.0,
        "sentinel_valid_fraction": 1.0,
        "spatial_heat_score": 0.33121019108280253,
        "temporal_severity_score": 0.5238709677419354,
        "hazard_score": 0.38900842408054237,
        "exposure_score": 0.6070356330772614,
        "vulnerability_score": 0.22000370613413206,
        "adaptive_capacity_score": 0.8224,
        "risk_score": 37.80030191283587,
        "risk_percentile_within_aoi": 0.3184713375796178,
        "hazard_contribution_points": 15.560336963221694,
        "exposure_contribution_points": 15.175890826931534,
        "vulnerability_contribution_points": 4.400074122682641,
        "adaptive_deficit_contribution_points": 2.6639999999999997,
        "primary_driver": "hazard",
        "temporal_context_id": "era5-temporal:pilot_v1:2026-07-31T03Z",
        "source_ids": [
          "LC09_L2SP_119039_20260731_02_T1",
          "S2C_MSIL2A_20260731T023551_R089_T51RTP_20260731T060913",
          "chn_pop_2026_CN_100m_R2025A_v1.tif"
        ],
        "analysis_reasons": [],
        "landsat_quality_flag": "HIGH",
        "sentinel_quality_flag": "HIGH"
      }
    },
    {
      "type": "Feature",
      "id": "M4B-R-5EEC8B7710-G-R05-C02",
      "geometry": {
        "type": "Polygon",
        "coordinates": [
          [
            [
              120.12676673557759,
              30.244823230635976
            ],
            [
              120.1267675063989,
              30.247078396163886
            ],
            [
              120.124170006042,
              30.247079039453233
            ],
            [
              120.12416929451462,
              30.244823873896376
            ],
            [
              120.12676673557759,
              30.244823230635976
            ]
          ]
        ]
      },
      "properties": {
        "grid_id": "M4B-R-5EEC8B7710-G-R05-C02",
        "row": 5,
        "column": 2,
        "analysis_status": "ANALYZABLE_LAND",
        "ranking_eligible": true,
        "source_mode": "REAL",
        "population_total": 74.9635189399247,
        "population_age_0_14": 8.338880419573368,
        "population_age_65_plus": 8.341543653819397,
        "elderly_share": 0.11127470764151638,
        "child_share": 0.11123918057069992,
        "vulnerability_share_raw": 0.11126404952027144,
        "lst_median_c": 39.374912840000036,
        "lst_valid_fraction": 1.0,
        "ndvi_median_land": 0.8053615086046685,
        "green_fraction_land": 0.9424,
        "green_fraction_grid_legacy": 0.9424,
        "water_fraction_grid": 0.0,
        "sentinel_valid_fraction": 1.0,
        "spatial_heat_score": 0.1464968152866242,
        "temporal_severity_score": 0.5238709677419354,
        "hazard_score": 0.25970906102321756,
        "exposure_score": 0.3569328871006584,
        "vulnerability_score": 0.22000382186097903,
        "adaptive_capacity_score": 0.9424,
        "risk_score": 24.575761055664742,
        "risk_percentile_within_aoi": 0.1751592356687898,
        "hazard_contribution_points": 10.388362440928702,
        "exposure_contribution_points": 8.92332217751646,
        "vulnerability_contribution_points": 4.400076437219581,
        "adaptive_deficit_contribution_points": 0.8639999999999998,
        "primary_driver": "hazard",
        "temporal_context_id": "era5-temporal:pilot_v1:2026-07-31T03Z",
        "source_ids": [
          "LC09_L2SP_119039_20260731_02_T1",
          "S2C_MSIL2A_20260731T023551_R089_T51RTP_20260731T060913",
          "chn_pop_2026_CN_100m_R2025A_v1.tif"
        ],
        "analysis_reasons": [],
        "landsat_quality_flag": "HIGH",
        "sentinel_quality_flag": "HIGH"
      }
    },
    {
      "type": "Feature",
      "id": "M4B-R-5EEC8B7710-G-R05-C03",
      "geometry": {
        "type": "Polygon",
        "coordinates": [
          [
            [
              120.1293641766054,
              30.244822535914754
            ],
            [
              120.12936500672063,
              30.247077701411403
            ],
            [
              120.1267675063989,
              30.247078396163886
            ],
            [
              120.12676673557759,
              30.244823230635976
            ],
            [
              120.1293641766054,
              30.244822535914754
            ]
          ]
        ]
      },
      "properties": {
        "grid_id": "M4B-R-5EEC8B7710-G-R05-C03",
        "row": 5,
        "column": 3,
        "analysis_status": "NON_URBAN_WATER",
        "ranking_eligible": false,
        "source_mode": "REAL",
        "population_total": 3.7087322889305567,
        "population_age_0_14": 0.41255600805739784,
        "population_age_65_plus": 0.4126885507971427,
        "elderly_share": 0.11127482887586496,
        "child_share": 0.11123909085828401,
        "vulnerability_share_raw": 0.11126410747059068,
        "lst_median_c": 36.937864579999996,
        "lst_valid_fraction": 1.0,
        "ndvi_median_land": 0.8301018011615453,
        "green_fraction_land": 0.9863945578231292,
        "green_fraction_grid_legacy": 0.464,
        "water_fraction_grid": 0.5296,
        "sentinel_valid_fraction": 1.0,
        "spatial_heat_score": null,
        "temporal_severity_score": 0.5238709677419354,
        "hazard_score": null,
        "exposure_score": null,
        "vulnerability_score": 0.0,
        "adaptive_capacity_score": null,
        "risk_score": null,
        "risk_percentile_within_aoi": null,
        "hazard_contribution_points": null,
        "exposure_contribution_points": null,
        "vulnerability_contribution_points": 0.0,
        "adaptive_deficit_contribution_points": null,
        "primary_driver": "vulnerability",
        "temporal_context_id": "era5-temporal:pilot_v1:2026-07-31T03Z",
        "source_ids": [
          "LC09_L2SP_119039_20260731_02_T1",
          "S2C_MSIL2A_20260731T023551_R089_T51RTP_20260731T060913",
          "chn_pop_2026_CN_100m_R2025A_v1.tif"
        ],
        "analysis_reasons": [
          "WATER_EXCLUDED"
        ],
        "landsat_quality_flag": "HIGH",
        "sentinel_quality_flag": "HIGH"
      }
    },
    {
      "type": "Feature",
      "id": "M4B-R-5EEC8B7710-G-R05-C04",
      "geometry": {
        "type": "Polygon",
        "coordinates": [
          [
            [
              120.1319616175953,
              30.244821789732715
            ],
            [
              120.13196250700447,
              30.24707695519577
            ],
            [
              120.12936500672063,
              30.247077701411403
            ],
            [
              120.1293641766054,
              30.244822535914754
            ],
            [
              120.1319616175953,
              30.244821789732715
            ]
          ]
        ]
      },
      "properties": {
        "grid_id": "M4B-R-5EEC8B7710-G-R05-C04",
        "row": 5,
        "column": 4,
        "analysis_status": "NON_URBAN_WATER",
        "ranking_eligible": false,
        "source_mode": "REAL",
        "population_total": 0.0,
        "population_age_0_14": 0.0,
        "population_age_65_plus": 0.0,
        "elderly_share": 0.0,
        "child_share": 0.0,
        "vulnerability_share_raw": 0.0,
        "lst_median_c": 34.08039986000006,
        "lst_valid_fraction": 1.0,
        "ndvi_median_land": null,
        "green_fraction_land": null,
        "green_fraction_grid_legacy": 0.0,
        "water_fraction_grid": 1.0,
        "sentinel_valid_fraction": 0.9984,
        "spatial_heat_score": null,
        "temporal_severity_score": 0.5238709677419354,
        "hazard_score": null,
        "exposure_score": null,
        "vulnerability_score": 0.0,
        "adaptive_capacity_score": null,
        "risk_score": null,
        "risk_percentile_within_aoi": null,
        "hazard_contribution_points": null,
        "exposure_contribution_points": null,
        "vulnerability_contribution_points": 0.0,
        "adaptive_deficit_contribution_points": null,
        "primary_driver": "vulnerability",
        "temporal_context_id": "era5-temporal:pilot_v1:2026-07-31T03Z",
        "source_ids": [
          "LC09_L2SP_119039_20260731_02_T1",
          "S2C_MSIL2A_20260731T023551_R089_T51RTP_20260731T060913",
          "chn_pop_2026_CN_100m_R2025A_v1.tif"
        ],
        "analysis_reasons": [
          "WATER_EXCLUDED"
        ],
        "landsat_quality_flag": "HIGH",
        "sentinel_quality_flag": "HIGH"
      }
    },
    {
      "type": "Feature",
      "id": "M4B-R-5EEC8B7710-G-R05-C05",
      "geometry": {
        "type": "Polygon",
        "coordinates": [
          [
            [
              120.13455905854464,
              30.244820992089846
            ],
            [
              120.13456000724771,
              30.247076157517007
            ],
            [
              120.13196250700447,
              30.24707695519577
            ],
            [
              120.1319616175953,
              30.244821789732715
            ],
            [
              120.13455905854464,
              30.244820992089846
            ]
          ]
        ]
      },
      "properties": {
        "grid_id": "M4B-R-5EEC8B7710-G-R05-C05",
        "row": 5,
        "column": 5,
        "analysis_status": "NON_URBAN_WATER",
        "ranking_eligible": false,
        "source_mode": "REAL",
        "population_total": 0.0,
        "population_age_0_14": 0.0,
        "population_age_65_plus": 0.0,
        "elderly_share": 0.0,
        "child_share": 0.0,
        "vulnerability_share_raw": 0.0,
        "lst_median_c": 34.777675939999995,
        "lst_valid_fraction": 1.0,
        "ndvi_median_land": 0.8014372648003119,
        "green_fraction_land": 0.9202898550724637,
        "green_fraction_grid_legacy": 0.2032,
        "water_fraction_grid": 0.7792,
        "sentinel_valid_fraction": 1.0,
        "spatial_heat_score": null,
        "temporal_severity_score": 0.5238709677419354,
        "hazard_score": null,
        "exposure_score": null,
        "vulnerability_score": 0.0,
        "adaptive_capacity_score": null,
        "risk_score": null,
        "risk_percentile_within_aoi": null,
        "hazard_contribution_points": null,
        "exposure_contribution_points": null,
        "vulnerability_contribution_points": 0.0,
        "adaptive_deficit_contribution_points": null,
        "primary_driver": "vulnerability",
        "temporal_context_id": "era5-temporal:pilot_v1:2026-07-31T03Z",
        "source_ids": [
          "LC09_L2SP_119039_20260731_02_T1",
          "S2C_MSIL2A_20260731T023551_R089_T51RTP_20260731T060913",
          "chn_pop_2026_CN_100m_R2025A_v1.tif"
        ],
        "analysis_reasons": [
          "WATER_EXCLUDED"
        ],
        "landsat_quality_flag": "HIGH",
        "sentinel_quality_flag": "HIGH"
      }
    },
    {
      "type": "Feature",
      "id": "M4B-R-5EEC8B7710-G-R05-C06",
      "geometry": {
        "type": "Polygon",
        "coordinates": [
          [
            [
              120.13715649945068,
              30.244820142986182
            ],
            [
              120.13715750744764,
              30.247075308375106
            ],
            [
              120.13456000724771,
              30.247076157517007
            ],
            [
              120.13455905854464,
              30.244820992089846
            ],
            [
              120.13715649945068,
              30.244820142986182
            ]
          ]
        ]
      },
      "properties": {
        "grid_id": "M4B-R-5EEC8B7710-G-R05-C06",
        "row": 5,
        "column": 6,
        "analysis_status": "NON_URBAN_WATER",
        "ranking_eligible": false,
        "source_mode": "REAL",
        "population_total": 0.0,
        "population_age_0_14": 0.0,
        "population_age_65_plus": 0.0,
        "elderly_share": 0.0,
        "child_share": 0.0,
        "vulnerability_share_raw": 0.0,
        "lst_median_c": 34.55550463999998,
        "lst_valid_fraction": 1.0,
        "ndvi_median_land": null,
        "green_fraction_land": null,
        "green_fraction_grid_legacy": 0.0,
        "water_fraction_grid": 1.0,
        "sentinel_valid_fraction": 1.0,
        "spatial_heat_score": null,
        "temporal_severity_score": 0.5238709677419354,
        "hazard_score": null,
        "exposure_score": null,
        "vulnerability_score": 0.0,
        "adaptive_capacity_score": null,
        "risk_score": null,
        "risk_percentile_within_aoi": null,
        "hazard_contribution_points": null,
        "exposure_contribution_points": null,
        "vulnerability_contribution_points": 0.0,
        "adaptive_deficit_contribution_points": null,
        "primary_driver": "vulnerability",
        "temporal_context_id": "era5-temporal:pilot_v1:2026-07-31T03Z",
        "source_ids": [
          "LC09_L2SP_119039_20260731_02_T1",
          "S2C_MSIL2A_20260731T023551_R089_T51RTP_20260731T060913",
          "chn_pop_2026_CN_100m_R2025A_v1.tif"
        ],
        "analysis_reasons": [
          "WATER_EXCLUDED"
        ],
        "landsat_quality_flag": "HIGH",
        "sentinel_quality_flag": "HIGH"
      }
    },
    {
      "type": "Feature",
      "id": "M4B-R-5EEC8B7710-G-R05-C07",
      "geometry": {
        "type": "Polygon",
        "coordinates": [
          [
            [
              120.13975394031068,
              30.244819242421684
            ],
            [
              120.13975500760158,
              30.247074407770096
            ],
            [
              120.13715750744764,
              30.247075308375106
            ],
            [
              120.13715649945068,
              30.244820142986182
            ],
            [
              120.13975394031068,
              30.244819242421684
            ]
          ]
        ]
      },
      "properties": {
        "grid_id": "M4B-R-5EEC8B7710-G-R05-C07",
        "row": 5,
        "column": 7,
        "analysis_status": "NON_URBAN_WATER",
        "ranking_eligible": false,
        "source_mode": "REAL",
        "population_total": 0.0,
        "population_age_0_14": 0.0,
        "population_age_65_plus": 0.0,
        "elderly_share": 0.0,
        "child_share": 0.0,
        "vulnerability_share_raw": 0.0,
        "lst_median_c": 34.17952244000003,
        "lst_valid_fraction": 1.0,
        "ndvi_median_land": null,
        "green_fraction_land": null,
        "green_fraction_grid_legacy": 0.0,
        "water_fraction_grid": 1.0,
        "sentinel_valid_fraction": 1.0,
        "spatial_heat_score": null,
        "temporal_severity_score": 0.5238709677419354,
        "hazard_score": null,
        "exposure_score": null,
        "vulnerability_score": 0.0,
        "adaptive_capacity_score": null,
        "risk_score": null,
        "risk_percentile_within_aoi": null,
        "hazard_contribution_points": null,
        "exposure_contribution_points": null,
        "vulnerability_contribution_points": 0.0,
        "adaptive_deficit_contribution_points": null,
        "primary_driver": "vulnerability",
        "temporal_context_id": "era5-temporal:pilot_v1:2026-07-31T03Z",
        "source_ids": [
          "LC09_L2SP_119039_20260731_02_T1",
          "S2C_MSIL2A_20260731T023551_R089_T51RTP_20260731T060913",
          "chn_pop_2026_CN_100m_R2025A_v1.tif"
        ],
        "analysis_reasons": [
          "WATER_EXCLUDED"
        ],
        "landsat_quality_flag": "HIGH",
        "sentinel_quality_flag": "HIGH"
      }
    },
    {
      "type": "Feature",
      "id": "M4B-R-5EEC8B7710-G-R05-C08",
      "geometry": {
        "type": "Polygon",
        "coordinates": [
          [
            [
              120.14235138112201,
              30.244818290396392
            ],
            [
              120.1423525077068,
              30.24707345570194
            ],
            [
              120.13975500760158,
              30.247074407770096
            ],
            [
              120.13975394031068,
              30.244819242421684
            ],
            [
              120.14235138112201,
              30.244818290396392
            ]
          ]
        ]
      },
      "properties": {
        "grid_id": "M4B-R-5EEC8B7710-G-R05-C08",
        "row": 5,
        "column": 8,
        "analysis_status": "NON_URBAN_WATER",
        "ranking_eligible": false,
        "source_mode": "REAL",
        "population_total": 0.0,
        "population_age_0_14": 0.0,
        "population_age_65_plus": 0.0,
        "elderly_share": 0.0,
        "child_share": 0.0,
        "vulnerability_share_raw": 0.0,
        "lst_median_c": 34.186358480000024,
        "lst_valid_fraction": 1.0,
        "ndvi_median_land": null,
        "green_fraction_land": null,
        "green_fraction_grid_legacy": 0.0,
        "water_fraction_grid": 1.0,
        "sentinel_valid_fraction": 1.0,
        "spatial_heat_score": null,
        "temporal_severity_score": 0.5238709677419354,
        "hazard_score": null,
        "exposure_score": null,
        "vulnerability_score": 0.0,
        "adaptive_capacity_score": null,
        "risk_score": null,
        "risk_percentile_within_aoi": null,
        "hazard_contribution_points": null,
        "exposure_contribution_points": null,
        "vulnerability_contribution_points": 0.0,
        "adaptive_deficit_contribution_points": null,
        "primary_driver": "vulnerability",
        "temporal_context_id": "era5-temporal:pilot_v1:2026-07-31T03Z",
        "source_ids": [
          "LC09_L2SP_119039_20260731_02_T1",
          "S2C_MSIL2A_20260731T023551_R089_T51RTP_20260731T060913",
          "chn_pop_2026_CN_100m_R2025A_v1.tif"
        ],
        "analysis_reasons": [
          "WATER_EXCLUDED"
        ],
        "landsat_quality_flag": "HIGH",
        "sentinel_quality_flag": "HIGH"
      }
    },
    {
      "type": "Feature",
      "id": "M4B-R-5EEC8B7710-G-R05-C09",
      "geometry": {
        "type": "Polygon",
        "coordinates": [
          [
            [
              120.14494882188193,
              30.244817286910276
            ],
            [
              120.1449500077606,
              30.24707245217067
            ],
            [
              120.1423525077068,
              30.24707345570194
            ],
            [
              120.14235138112201,
              30.244818290396392
            ],
            [
              120.14494882188193,
              30.244817286910276
            ]
          ]
        ]
      },
      "properties": {
        "grid_id": "M4B-R-5EEC8B7710-G-R05-C09",
        "row": 5,
        "column": 9,
        "analysis_status": "NON_URBAN_WATER",
        "ranking_eligible": false,
        "source_mode": "REAL",
        "population_total": 0.0,
        "population_age_0_14": 0.0,
        "population_age_65_plus": 0.0,
        "elderly_share": 0.0,
        "child_share": 0.0,
        "vulnerability_share_raw": 0.0,
        "lst_median_c": 34.35384146000001,
        "lst_valid_fraction": 1.0,
        "ndvi_median_land": null,
        "green_fraction_land": null,
        "green_fraction_grid_legacy": 0.0,
        "water_fraction_grid": 1.0,
        "sentinel_valid_fraction": 1.0,
        "spatial_heat_score": null,
        "temporal_severity_score": 0.5238709677419354,
        "hazard_score": null,
        "exposure_score": null,
        "vulnerability_score": 0.0,
        "adaptive_capacity_score": null,
        "risk_score": null,
        "risk_percentile_within_aoi": null,
        "hazard_contribution_points": null,
        "exposure_contribution_points": null,
        "vulnerability_contribution_points": 0.0,
        "adaptive_deficit_contribution_points": null,
        "primary_driver": "vulnerability",
        "temporal_context_id": "era5-temporal:pilot_v1:2026-07-31T03Z",
        "source_ids": [
          "LC09_L2SP_119039_20260731_02_T1",
          "S2C_MSIL2A_20260731T023551_R089_T51RTP_20260731T060913",
          "chn_pop_2026_CN_100m_R2025A_v1.tif"
        ],
        "analysis_reasons": [
          "WATER_EXCLUDED"
        ],
        "landsat_quality_flag": "HIGH",
        "sentinel_quality_flag": "HIGH"
      }
    },
    {
      "type": "Feature",
      "id": "M4B-R-5EEC8B7710-G-R05-C10",
      "geometry": {
        "type": "Polygon",
        "coordinates": [
          [
            [
              120.14754626258774,
              30.244816231963366
            ],
            [
              120.1475475077603,
              30.247071397176285
            ],
            [
              120.1449500077606,
              30.24707245217067
            ],
            [
              120.14494882188193,
              30.244817286910276
            ],
            [
              120.14754626258774,
              30.244816231963366
            ]
          ]
        ]
      },
      "properties": {
        "grid_id": "M4B-R-5EEC8B7710-G-R05-C10",
        "row": 5,
        "column": 10,
        "analysis_status": "NON_URBAN_WATER",
        "ranking_eligible": false,
        "source_mode": "REAL",
        "population_total": 0.0,
        "population_age_0_14": 0.0,
        "population_age_65_plus": 0.0,
        "elderly_share": 0.0,
        "child_share": 0.0,
        "vulnerability_share_raw": 0.0,
        "lst_median_c": 34.19661254000005,
        "lst_valid_fraction": 1.0,
        "ndvi_median_land": null,
        "green_fraction_land": null,
        "green_fraction_grid_legacy": 0.0,
        "water_fraction_grid": 1.0,
        "sentinel_valid_fraction": 1.0,
        "spatial_heat_score": null,
        "temporal_severity_score": 0.5238709677419354,
        "hazard_score": null,
        "exposure_score": null,
        "vulnerability_score": 0.0,
        "adaptive_capacity_score": null,
        "risk_score": null,
        "risk_percentile_within_aoi": null,
        "hazard_contribution_points": null,
        "exposure_contribution_points": null,
        "vulnerability_contribution_points": 0.0,
        "adaptive_deficit_contribution_points": null,
        "primary_driver": "vulnerability",
        "temporal_context_id": "era5-temporal:pilot_v1:2026-07-31T03Z",
        "source_ids": [
          "LC09_L2SP_119039_20260731_02_T1",
          "S2C_MSIL2A_20260731T023551_R089_T51RTP_20260731T060913",
          "chn_pop_2026_CN_100m_R2025A_v1.tif"
        ],
        "analysis_reasons": [
          "WATER_EXCLUDED"
        ],
        "landsat_quality_flag": "HIGH",
        "sentinel_quality_flag": "HIGH"
      }
    },
    {
      "type": "Feature",
      "id": "M4B-R-5EEC8B7710-G-R05-C11",
      "geometry": {
        "type": "Polygon",
        "coordinates": [
          [
            [
              120.15014370323668,
              30.244815125555654
            ],
            [
              120.15014500770312,
              30.24707029071877
            ],
            [
              120.1475475077603,
              30.247071397176285
            ],
            [
              120.14754626258774,
              30.244816231963366
            ],
            [
              120.15014370323668,
              30.244815125555654
            ]
          ]
        ]
      },
      "properties": {
        "grid_id": "M4B-R-5EEC8B7710-G-R05-C11",
        "row": 5,
        "column": 11,
        "analysis_status": "NON_URBAN_WATER",
        "ranking_eligible": false,
        "source_mode": "REAL",
        "population_total": 0.0,
        "population_age_0_14": 0.0,
        "population_age_65_plus": 0.0,
        "elderly_share": 0.0,
        "child_share": 0.0,
        "vulnerability_share_raw": 0.0,
        "lst_median_c": 34.46834513000002,
        "lst_valid_fraction": 1.0,
        "ndvi_median_land": null,
        "green_fraction_land": null,
        "green_fraction_grid_legacy": 0.0,
        "water_fraction_grid": 1.0,
        "sentinel_valid_fraction": 1.0,
        "spatial_heat_score": null,
        "temporal_severity_score": 0.5238709677419354,
        "hazard_score": null,
        "exposure_score": null,
        "vulnerability_score": 0.0,
        "adaptive_capacity_score": null,
        "risk_score": null,
        "risk_percentile_within_aoi": null,
        "hazard_contribution_points": null,
        "exposure_contribution_points": null,
        "vulnerability_contribution_points": 0.0,
        "adaptive_deficit_contribution_points": null,
        "primary_driver": "vulnerability",
        "temporal_context_id": "era5-temporal:pilot_v1:2026-07-31T03Z",
        "source_ids": [
          "LC09_L2SP_119039_20260731_02_T1",
          "S2C_MSIL2A_20260731T023551_R089_T51RTP_20260731T060913",
          "chn_pop_2026_CN_100m_R2025A_v1.tif"
        ],
        "analysis_reasons": [
          "WATER_EXCLUDED"
        ],
        "landsat_quality_flag": "HIGH",
        "sentinel_quality_flag": "HIGH"
      }
    },
    {
      "type": "Feature",
      "id": "M4B-R-5EEC8B7710-G-R05-C12",
      "geometry": {
        "type": "Polygon",
        "coordinates": [
          [
            [
              120.15274114382613,
              30.244813967687147
            ],
            [
              120.15274250758644,
              30.247069132798153
            ],
            [
              120.15014500770312,
              30.24707029071877
            ],
            [
              120.15014370323668,
              30.244815125555654
            ],
            [
              120.15274114382613,
              30.244813967687147
            ]
          ]
        ]
      },
      "properties": {
        "grid_id": "M4B-R-5EEC8B7710-G-R05-C12",
        "row": 5,
        "column": 12,
        "analysis_status": "NON_URBAN_WATER",
        "ranking_eligible": false,
        "source_mode": "REAL",
        "population_total": 24.7425469539834,
        "population_age_0_14": 2.5629533841124315,
        "population_age_65_plus": 2.524359442578581,
        "elderly_share": 0.10202504403743991,
        "child_share": 0.1035848649243368,
        "vulnerability_share_raw": 0.10249299030350897,
        "lst_median_c": 35.05282655000002,
        "lst_valid_fraction": 1.0,
        "ndvi_median_land": 0.6901333063267333,
        "green_fraction_land": 0.7846153846153846,
        "green_fraction_grid_legacy": 0.1632,
        "water_fraction_grid": 0.792,
        "sentinel_valid_fraction": 1.0,
        "spatial_heat_score": null,
        "temporal_severity_score": 0.5238709677419354,
        "hazard_score": null,
        "exposure_score": null,
        "vulnerability_score": 0.0,
        "adaptive_capacity_score": null,
        "risk_score": null,
        "risk_percentile_within_aoi": null,
        "hazard_contribution_points": null,
        "exposure_contribution_points": null,
        "vulnerability_contribution_points": 0.0,
        "adaptive_deficit_contribution_points": null,
        "primary_driver": "vulnerability",
        "temporal_context_id": "era5-temporal:pilot_v1:2026-07-31T03Z",
        "source_ids": [
          "LC09_L2SP_119039_20260731_02_T1",
          "S2C_MSIL2A_20260731T023551_R089_T51RTP_20260731T060913",
          "chn_pop_2026_CN_100m_R2025A_v1.tif"
        ],
        "analysis_reasons": [
          "WATER_EXCLUDED"
        ],
        "landsat_quality_flag": "HIGH",
        "sentinel_quality_flag": "HIGH"
      }
    },
    {
      "type": "Feature",
      "id": "M4B-R-5EEC8B7710-G-R05-C13",
      "geometry": {
        "type": "Polygon",
        "coordinates": [
          [
            [
              120.15533858435333,
              30.244812758357842
            ],
            [
              120.15534000740749,
              30.247067923414406
            ],
            [
              120.15274250758644,
              30.247069132798153
            ],
            [
              120.15274114382613,
              30.244813967687147
            ],
            [
              120.15533858435333,
              30.244812758357842
            ]
          ]
        ]
      },
      "properties": {
        "grid_id": "M4B-R-5EEC8B7710-G-R05-C13",
        "row": 5,
        "column": 13,
        "analysis_status": "ANALYZABLE_LAND",
        "ranking_eligible": true,
        "source_mode": "REAL",
        "population_total": 504.57836830858236,
        "population_age_0_14": 52.26666117230086,
        "population_age_65_plus": 51.47964435652841,
        "elderly_share": 0.10202507200040188,
        "child_share": 0.10358482339919972,
        "vulnerability_share_raw": 0.10249299742004123,
        "lst_median_c": 44.25242738000003,
        "lst_valid_fraction": 1.0,
        "ndvi_median_land": 0.6472193763727103,
        "green_fraction_land": 0.8707482993197279,
        "green_fraction_grid_legacy": 0.8192,
        "water_fraction_grid": 0.0592,
        "sentinel_valid_fraction": 1.0,
        "spatial_heat_score": 0.3471337579617834,
        "temporal_severity_score": 0.5238709677419354,
        "hazard_score": 0.400154920895829,
        "exposure_score": 0.7576994390024724,
        "vulnerability_score": 0.0,
        "adaptive_capacity_score": 0.8707482993197279,
        "risk_score": 36.887458321099054,
        "risk_percentile_within_aoi": 0.3089171974522293,
        "hazard_contribution_points": 16.00619683583316,
        "exposure_contribution_points": 18.94248597506181,
        "vulnerability_contribution_points": 0.0,
        "adaptive_deficit_contribution_points": 1.9387755102040822,
        "primary_driver": "exposure",
        "temporal_context_id": "era5-temporal:pilot_v1:2026-07-31T03Z",
        "source_ids": [
          "LC09_L2SP_119039_20260731_02_T1",
          "S2C_MSIL2A_20260731T023551_R089_T51RTP_20260731T060913",
          "chn_pop_2026_CN_100m_R2025A_v1.tif"
        ],
        "analysis_reasons": [],
        "landsat_quality_flag": "HIGH",
        "sentinel_quality_flag": "HIGH"
      }
    },
    {
      "type": "Feature",
      "id": "M4B-R-5EEC8B7710-G-R05-C14",
      "geometry": {
        "type": "Polygon",
        "coordinates": [
          [
            [
              120.1579360248156,
              30.244811497567742
            ],
            [
              120.15793750716358,
              30.247066662567562
            ],
            [
              120.15534000740749,
              30.247067923414406
            ],
            [
              120.15533858435333,
              30.244812758357842
            ],
            [
              120.1579360248156,
              30.244811497567742
            ]
          ]
        ]
      },
      "properties": {
        "grid_id": "M4B-R-5EEC8B7710-G-R05-C14",
        "row": 5,
        "column": 14,
        "analysis_status": "ANALYZABLE_LAND",
        "ranking_eligible": true,
        "source_mode": "REAL",
        "population_total": 1280.090314208755,
        "population_age_0_14": 132.5979295574183,
        "population_age_65_plus": 130.60131328504661,
        "elderly_share": 0.1020250773210275,
        "child_share": 0.10358482373126873,
        "vulnerability_share_raw": 0.10249300124409985,
        "lst_median_c": 49.01714726,
        "lst_valid_fraction": 1.0,
        "ndvi_median_land": 0.30014251833243555,
        "green_fraction_land": 0.5008,
        "green_fraction_grid_legacy": 0.5008,
        "water_fraction_grid": 0.0,
        "sentinel_valid_fraction": 1.0,
        "spatial_heat_score": 0.7802547770700637,
        "temporal_severity_score": 0.5238709677419354,
        "hazard_score": 0.7033396342716253,
        "exposure_score": 0.9542850731020207,
        "vulnerability_score": 4.2237606015330745e-08,
        "adaptive_capacity_score": 0.5008,
        "risk_score": 59.47871304316765,
        "risk_percentile_within_aoi": 0.6210191082802548,
        "hazard_contribution_points": 28.13358537086501,
        "exposure_contribution_points": 23.857126827550516,
        "vulnerability_contribution_points": 8.447521203066149e-07,
        "adaptive_deficit_contribution_points": 7.4879999999999995,
        "primary_driver": "hazard",
        "temporal_context_id": "era5-temporal:pilot_v1:2026-07-31T03Z",
        "source_ids": [
          "LC09_L2SP_119039_20260731_02_T1",
          "S2C_MSIL2A_20260731T023551_R089_T51RTP_20260731T060913",
          "chn_pop_2026_CN_100m_R2025A_v1.tif"
        ],
        "analysis_reasons": [],
        "landsat_quality_flag": "HIGH",
        "sentinel_quality_flag": "HIGH"
      }
    },
    {
      "type": "Feature",
      "id": "M4B-R-5EEC8B7710-G-R05-C15",
      "geometry": {
        "type": "Polygon",
        "coordinates": [
          [
            [
              120.1605334652102,
              30.244810185316872
            ],
            [
              120.16053500685202,
              30.247065350257618
            ],
            [
              120.15793750716358,
              30.247066662567562
            ],
            [
              120.1579360248156,
              30.244811497567742
            ],
            [
              120.1605334652102,
              30.244810185316872
            ]
          ]
        ]
      },
      "properties": {
        "grid_id": "M4B-R-5EEC8B7710-G-R05-C15",
        "row": 5,
        "column": 15,
        "analysis_status": "ANALYZABLE_LAND",
        "ranking_eligible": true,
        "source_mode": "REAL",
        "population_total": 1100.5132466598648,
        "population_age_0_14": 113.99646902143378,
        "population_age_65_plus": 112.27994989023342,
        "elderly_share": 0.10202507805427238,
        "child_share": 0.10358482223400862,
        "vulnerability_share_raw": 0.10249300130819326,
        "lst_median_c": 48.41728475000002,
        "lst_valid_fraction": 1.0,
        "ndvi_median_land": 0.34569918359391416,
        "green_fraction_land": 0.5584,
        "green_fraction_grid_legacy": 0.5584,
        "water_fraction_grid": 0.0,
        "sentinel_valid_fraction": 1.0,
        "spatial_heat_score": 0.6942675159235668,
        "temporal_severity_score": 0.5238709677419354,
        "hazard_score": 0.6431485514690773,
        "exposure_score": 0.922352593384808,
        "vulnerability_score": 4.3845257946371104e-08,
        "adaptive_capacity_score": 0.5584,
        "risk_score": 55.40875777028845,
        "risk_percentile_within_aoi": 0.5477707006369427,
        "hazard_contribution_points": 25.725942058763096,
        "exposure_contribution_points": 23.0588148346202,
        "vulnerability_contribution_points": 8.769051589274221e-07,
        "adaptive_deficit_contribution_points": 6.624,
        "primary_driver": "hazard",
        "temporal_context_id": "era5-temporal:pilot_v1:2026-07-31T03Z",
        "source_ids": [
          "LC09_L2SP_119039_20260731_02_T1",
          "S2C_MSIL2A_20260731T023551_R089_T51RTP_20260731T060913",
          "chn_pop_2026_CN_100m_R2025A_v1.tif"
        ],
        "analysis_reasons": [],
        "landsat_quality_flag": "HIGH",
        "sentinel_quality_flag": "HIGH"
      }
    },
    {
      "type": "Feature",
      "id": "M4B-R-5EEC8B7710-G-R05-C16",
      "geometry": {
        "type": "Polygon",
        "coordinates": [
          [
            [
              120.16313090553444,
              30.244808821605204
            ],
            [
              120.16313250647012,
              30.247063986484577
            ],
            [
              120.16053500685202,
              30.247065350257618
            ],
            [
              120.1605334652102,
              30.244810185316872
            ],
            [
              120.16313090553444,
              30.244808821605204
            ]
          ]
        ]
      },
      "properties": {
        "grid_id": "M4B-R-5EEC8B7710-G-R05-C16",
        "row": 5,
        "column": 16,
        "analysis_status": "ANALYZABLE_LAND",
        "ranking_eligible": true,
        "source_mode": "REAL",
        "population_total": 1297.1336734568815,
        "population_age_0_14": 134.36335952446342,
        "population_age_65_plus": 132.3401631802376,
        "elderly_share": 0.10202507720545793,
        "child_share": 0.10358482111283332,
        "vulnerability_share_raw": 0.10249300037767055,
        "lst_median_c": 48.552296540000015,
        "lst_valid_fraction": 1.0,
        "ndvi_median_land": 0.23588874337140062,
        "green_fraction_land": 0.4144,
        "green_fraction_grid_legacy": 0.4144,
        "water_fraction_grid": 0.0,
        "sentinel_valid_fraction": 1.0,
        "spatial_heat_score": 0.7038216560509554,
        "temporal_severity_score": 0.5238709677419354,
        "hazard_score": 0.6498364495582494,
        "exposure_score": 0.9570794284088554,
        "vulnerability_score": 2.0505001712941508e-08,
        "adaptive_capacity_score": 0.4144,
        "risk_score": 58.7044441026514,
        "risk_percentile_within_aoi": 0.5987261146496815,
        "hazard_contribution_points": 25.993457982329975,
        "exposure_contribution_points": 23.926985710221384,
        "vulnerability_contribution_points": 4.1010003425883015e-07,
        "adaptive_deficit_contribution_points": 8.784,
        "primary_driver": "hazard",
        "temporal_context_id": "era5-temporal:pilot_v1:2026-07-31T03Z",
        "source_ids": [
          "LC09_L2SP_119039_20260731_02_T1",
          "S2C_MSIL2A_20260731T023551_R089_T51RTP_20260731T060913",
          "chn_pop_2026_CN_100m_R2025A_v1.tif"
        ],
        "analysis_reasons": [],
        "landsat_quality_flag": "HIGH",
        "sentinel_quality_flag": "HIGH"
      }
    },
    {
      "type": "Feature",
      "id": "M4B-R-5EEC8B7710-G-R05-C17",
      "geometry": {
        "type": "Polygon",
        "coordinates": [
          [
            [
              120.16572834578564,
              30.244807406432766
            ],
            [
              120.16573000601514,
              30.247062571248442
            ],
            [
              120.16313250647012,
              30.247063986484577
            ],
            [
              120.16313090553444,
              30.244808821605204
            ],
            [
              120.16572834578564,
              30.244807406432766
            ]
          ]
        ]
      },
      "properties": {
        "grid_id": "M4B-R-5EEC8B7710-G-R05-C17",
        "row": 5,
        "column": 17,
        "analysis_status": "ANALYZABLE_LAND",
        "ranking_eligible": true,
        "source_mode": "REAL",
        "population_total": 1564.4299694287756,
        "population_age_0_14": 162.05120044978094,
        "population_age_65_plus": 159.61108570669128,
        "elderly_share": 0.10202507547523555,
        "child_share": 0.10358482234200046,
        "vulnerability_share_raw": 0.10249299953526503,
        "lst_median_c": 49.839181069999995,
        "lst_valid_fraction": 1.0,
        "ndvi_median_land": 0.3566576284474789,
        "green_fraction_land": 0.6176,
        "green_fraction_grid_legacy": 0.6176,
        "water_fraction_grid": 0.0,
        "sentinel_valid_fraction": 1.0,
        "spatial_heat_score": 0.89171974522293,
        "temporal_severity_score": 0.5238709677419354,
        "hazard_score": 0.7813651119786316,
        "exposure_score": 0.9966672317336909,
        "vulnerability_score": 0.0,
        "adaptive_capacity_score": 0.6176,
        "risk_score": 61.907285272487535,
        "risk_percentile_within_aoi": 0.678343949044586,
        "hazard_contribution_points": 31.254604479145264,
        "exposure_contribution_points": 24.916680793342273,
        "vulnerability_contribution_points": 0.0,
        "adaptive_deficit_contribution_points": 5.736,
        "primary_driver": "hazard",
        "temporal_context_id": "era5-temporal:pilot_v1:2026-07-31T03Z",
        "source_ids": [
          "LC09_L2SP_119039_20260731_02_T1",
          "S2C_MSIL2A_20260731T023551_R089_T51RTP_20260731T060913",
          "chn_pop_2026_CN_100m_R2025A_v1.tif"
        ],
        "analysis_reasons": [],
        "landsat_quality_flag": "HIGH",
        "sentinel_quality_flag": "HIGH"
      }
    },
    {
      "type": "Feature",
      "id": "M4B-R-5EEC8B7710-G-R05-C18",
      "geometry": {
        "type": "Polygon",
        "coordinates": [
          [
            [
              120.16832578596109,
              30.244805939799548
            ],
            [
              120.16832750548437,
              30.247061104549225
            ],
            [
              120.16573000601514,
              30.247062571248442
            ],
            [
              120.16572834578564,
              30.244807406432766
            ],
            [
              120.16832578596109,
              30.244805939799548
            ]
          ]
        ]
      },
      "properties": {
        "grid_id": "M4B-R-5EEC8B7710-G-R05-C18",
        "row": 5,
        "column": 18,
        "analysis_status": "ANALYZABLE_LAND",
        "ranking_eligible": true,
        "source_mode": "REAL",
        "population_total": 1513.8270716384368,
        "population_age_0_14": 156.80950586793705,
        "population_age_65_plus": 154.44832254621426,
        "elderly_share": 0.10202507633784923,
        "child_share": 0.10358482075381296,
        "vulnerability_share_raw": 0.10249299966263833,
        "lst_median_c": 48.69927140000004,
        "lst_valid_fraction": 1.0,
        "ndvi_median_land": 0.30300679735212366,
        "green_fraction_land": 0.5056,
        "green_fraction_grid_legacy": 0.5056,
        "water_fraction_grid": 0.0,
        "sentinel_valid_fraction": 1.0,
        "spatial_heat_score": 0.7165605095541401,
        "temporal_severity_score": 0.5238709677419354,
        "hazard_score": 0.6587536470104787,
        "exposure_score": 0.9897196019386648,
        "vulnerability_score": 2.5698832780730856e-09,
        "adaptive_capacity_score": 0.5056,
        "risk_score": 58.50913598028343,
        "risk_percentile_within_aoi": 0.589171974522293,
        "hazard_contribution_points": 26.35014588041915,
        "exposure_contribution_points": 24.74299004846662,
        "vulnerability_contribution_points": 5.1397665561461715e-08,
        "adaptive_deficit_contribution_points": 7.4159999999999995,
        "primary_driver": "hazard",
        "temporal_context_id": "era5-temporal:pilot_v1:2026-07-31T03Z",
        "source_ids": [
          "LC09_L2SP_119039_20260731_02_T1",
          "S2C_MSIL2A_20260731T023551_R089_T51RTP_20260731T060913",
          "chn_pop_2026_CN_100m_R2025A_v1.tif"
        ],
        "analysis_reasons": [],
        "landsat_quality_flag": "HIGH",
        "sentinel_quality_flag": "HIGH"
      }
    },
    {
      "type": "Feature",
      "id": "M4B-R-5EEC8B7710-G-R05-C19",
      "geometry": {
        "type": "Polygon",
        "coordinates": [
          [
            [
              120.17092322605804,
              30.244804421705563
            ],
            [
              120.17092500487513,
              30.247059586386914
            ],
            [
              120.16832750548437,
              30.247061104549225
            ],
            [
              120.16832578596109,
              30.244805939799548
            ],
            [
              120.17092322605804,
              30.244804421705563
            ]
          ]
        ]
      },
      "properties": {
        "grid_id": "M4B-R-5EEC8B7710-G-R05-C19",
        "row": 5,
        "column": 19,
        "analysis_status": "ANALYZABLE_LAND",
        "ranking_eligible": true,
        "source_mode": "REAL",
        "population_total": 911.645294642948,
        "population_age_0_14": 94.4326171420112,
        "population_age_65_plus": 93.01067983981558,
        "elderly_share": 0.10202507530765444,
        "child_share": 0.1035848237213755,
        "vulnerability_share_raw": 0.10249299983177075,
        "lst_median_c": 48.60356684000001,
        "lst_valid_fraction": 1.0,
        "ndvi_median_land": 0.4119199025539974,
        "green_fraction_land": 0.664,
        "green_fraction_grid_legacy": 0.664,
        "water_fraction_grid": 0.0,
        "sentinel_valid_fraction": 1.0,
        "spatial_heat_score": 0.7101910828025477,
        "temporal_severity_score": 0.5238709677419354,
        "hazard_score": 0.654295048284364,
        "exposure_score": 0.8825829629409547,
        "vulnerability_score": 6.812223497215241e-09,
        "adaptive_capacity_score": 0.664,
        "risk_score": 53.2763761411429,
        "risk_percentile_within_aoi": 0.49044585987261147,
        "hazard_contribution_points": 26.17180193137456,
        "exposure_contribution_points": 22.06457407352387,
        "vulnerability_contribution_points": 1.3624446994430483e-07,
        "adaptive_deficit_contribution_points": 5.039999999999999,
        "primary_driver": "hazard",
        "temporal_context_id": "era5-temporal:pilot_v1:2026-07-31T03Z",
        "source_ids": [
          "LC09_L2SP_119039_20260731_02_T1",
          "S2C_MSIL2A_20260731T023551_R089_T51RTP_20260731T060913",
          "chn_pop_2026_CN_100m_R2025A_v1.tif"
        ],
        "analysis_reasons": [],
        "landsat_quality_flag": "HIGH",
        "sentinel_quality_flag": "HIGH"
      }
    },
    {
      "type": "Feature",
      "id": "M4B-R-5EEC8B7710-G-R06-C00",
      "geometry": {
        "type": "Polygon",
        "coordinates": [
          [
            [
              120.12157250565261,
              30.24707963127944
            ],
            [
              120.12157315794522,
              30.24933479608588
            ],
            [
              120.11897559822677,
              30.249335336473276
            ],
            [
              120.11897500523347,
              30.247080171642516
            ],
            [
              120.12157250565261,
              30.24707963127944
            ]
          ]
        ]
      },
      "properties": {
        "grid_id": "M4B-R-5EEC8B7710-G-R06-C00",
        "row": 6,
        "column": 0,
        "analysis_status": "ANALYZABLE_LAND",
        "ranking_eligible": true,
        "source_mode": "REAL",
        "population_total": 62.80784830644561,
        "population_age_0_14": 6.986692269748209,
        "population_age_65_plus": 6.988923066230719,
        "elderly_share": 0.11127467752327835,
        "child_share": 0.11123915972506267,
        "vulnerability_share_raw": 0.11126402218381365,
        "lst_median_c": 38.98867658,
        "lst_valid_fraction": 1.0,
        "ndvi_median_land": 0.8545752666860182,
        "green_fraction_land": 0.9936,
        "green_fraction_grid_legacy": 0.9936,
        "water_fraction_grid": 0.0,
        "sentinel_valid_fraction": 1.0,
        "spatial_heat_score": 0.11146496815286625,
        "temporal_severity_score": 0.5238709677419354,
        "hazard_score": 0.235186768029587,
        "exposure_score": 0.3200632886794913,
        "vulnerability_score": 0.2200031361819306,
        "adaptive_capacity_score": 0.9936,
        "risk_score": 21.905115661809376,
        "risk_percentile_within_aoi": 0.1337579617834395,
        "hazard_contribution_points": 9.40747072118348,
        "exposure_contribution_points": 8.001582216987282,
        "vulnerability_contribution_points": 4.400062723638612,
        "adaptive_deficit_contribution_points": 0.09599999999999942,
        "primary_driver": "hazard",
        "temporal_context_id": "era5-temporal:pilot_v1:2026-07-31T03Z",
        "source_ids": [
          "LC09_L2SP_119039_20260731_02_T1",
          "S2C_MSIL2A_20260731T023551_R089_T51RTP_20260731T060913",
          "chn_pop_2026_CN_100m_R2025A_v1.tif"
        ],
        "analysis_reasons": [],
        "landsat_quality_flag": "HIGH",
        "sentinel_quality_flag": "HIGH"
      }
    },
    {
      "type": "Feature",
      "id": "M4B-R-5EEC8B7710-G-R06-C01",
      "geometry": {
        "type": "Polygon",
        "coordinates": [
          [
            [
              120.124170006042,
              30.247079039453233
            ],
            [
              120.12417071763393,
              30.249334204233037
            ],
            [
              120.12157315794522,
              30.24933479608588
            ],
            [
              120.12157250565261,
              30.24707963127944
            ],
            [
              120.124170006042,
              30.247079039453233
            ]
          ]
        ]
      },
      "properties": {
        "grid_id": "M4B-R-5EEC8B7710-G-R06-C01",
        "row": 6,
        "column": 1,
        "analysis_status": "ANALYZABLE_LAND",
        "ranking_eligible": true,
        "source_mode": "REAL",
        "population_total": 42.598117935880985,
        "population_age_0_14": 4.738578406026318,
        "population_age_65_plus": 4.740094540392575,
        "elderly_share": 0.11127474099976441,
        "child_share": 0.111239149418734,
        "vulnerability_share_raw": 0.11126406352545529,
        "lst_median_c": 39.21597491000003,
        "lst_valid_fraction": 1.0,
        "ndvi_median_land": 0.8453429990212059,
        "green_fraction_land": 0.9904,
        "green_fraction_grid_legacy": 0.9904,
        "water_fraction_grid": 0.0,
        "sentinel_valid_fraction": 1.0,
        "spatial_heat_score": 0.1305732484076433,
        "temporal_severity_score": 0.5238709677419354,
        "hazard_score": 0.24856256420793094,
        "exposure_score": 0.23953526173242817,
        "vulnerability_score": 0.22000417315232795,
        "adaptive_capacity_score": 0.9904,
        "risk_score": 20.474967574674498,
        "risk_percentile_within_aoi": 0.1178343949044586,
        "hazard_contribution_points": 9.942502568317238,
        "exposure_contribution_points": 5.988381543310704,
        "vulnerability_contribution_points": 4.400083463046559,
        "adaptive_deficit_contribution_points": 0.1440000000000008,
        "primary_driver": "hazard",
        "temporal_context_id": "era5-temporal:pilot_v1:2026-07-31T03Z",
        "source_ids": [
          "LC09_L2SP_119039_20260731_02_T1",
          "S2C_MSIL2A_20260731T023551_R089_T51RTP_20260731T060913",
          "chn_pop_2026_CN_100m_R2025A_v1.tif"
        ],
        "analysis_reasons": [],
        "landsat_quality_flag": "HIGH",
        "sentinel_quality_flag": "HIGH"
      }
    },
    {
      "type": "Feature",
      "id": "M4B-R-5EEC8B7710-G-R06-C02",
      "geometry": {
        "type": "Polygon",
        "coordinates": [
          [
            [
              120.1267675063989,
              30.247078396163886
            ],
            [
              120.12676827729015,
              30.24933356091474
            ],
            [
              120.12417071763393,
              30.249334204233037
            ],
            [
              120.124170006042,
              30.247079039453233
            ],
            [
              120.1267675063989,
              30.247078396163886
            ]
          ]
        ]
      },
      "properties": {
        "grid_id": "M4B-R-5EEC8B7710-G-R06-C02",
        "row": 6,
        "column": 2,
        "analysis_status": "ANALYZABLE_LAND",
        "ranking_eligible": true,
        "source_mode": "REAL",
        "population_total": 64.94356945512763,
        "population_age_0_14": 7.224266742583644,
        "population_age_65_plus": 7.2265751742428925,
        "elderly_share": 0.11127468408147863,
        "child_share": 0.11123913888926613,
        "vulnerability_share_raw": 0.11126402052381489,
        "lst_median_c": 39.56973998000001,
        "lst_valid_fraction": 1.0,
        "ndvi_median_land": 0.7972854883152086,
        "green_fraction_land": 0.9136,
        "green_fraction_grid_legacy": 0.9136,
        "water_fraction_grid": 0.0,
        "sentinel_valid_fraction": 1.0,
        "spatial_heat_score": 0.1624203821656051,
        "temporal_severity_score": 0.5238709677419354,
        "hazard_score": 0.2708555578385042,
        "exposure_score": 0.32702443606246995,
        "vulnerability_score": 0.22000309454426192,
        "adaptive_capacity_score": 0.9136,
        "risk_score": 24.705895105987157,
        "risk_percentile_within_aoi": 0.18152866242038215,
        "hazard_contribution_points": 10.834222313540167,
        "exposure_contribution_points": 8.175610901561749,
        "vulnerability_contribution_points": 4.4000618908852385,
        "adaptive_deficit_contribution_points": 1.2960000000000005,
        "primary_driver": "hazard",
        "temporal_context_id": "era5-temporal:pilot_v1:2026-07-31T03Z",
        "source_ids": [
          "LC09_L2SP_119039_20260731_02_T1",
          "S2C_MSIL2A_20260731T023551_R089_T51RTP_20260731T060913",
          "chn_pop_2026_CN_100m_R2025A_v1.tif"
        ],
        "analysis_reasons": [],
        "landsat_quality_flag": "HIGH",
        "sentinel_quality_flag": "HIGH"
      }
    },
    {
      "type": "Feature",
      "id": "M4B-R-5EEC8B7710-G-R06-C03",
      "geometry": {
        "type": "Polygon",
        "coordinates": [
          [
            [
              120.12936500672063,
              30.247077701411403
            ],
            [
              120.12936583691118,
              30.249332866130977
            ],
            [
              120.12676827729015,
              30.24933356091474
            ],
            [
              120.1267675063989,
              30.247078396163886
            ],
            [
              120.12936500672063,
              30.247077701411403
            ]
          ]
        ]
      },
      "properties": {
        "grid_id": "M4B-R-5EEC8B7710-G-R06-C03",
        "row": 6,
        "column": 3,
        "analysis_status": "ANALYZABLE_LAND",
        "ranking_eligible": true,
        "source_mode": "REAL",
        "population_total": 7.309664128059585,
        "population_age_0_14": 0.8131201982521286,
        "population_age_65_plus": 0.8133782182011321,
        "elderly_share": 0.11127436280947843,
        "child_share": 0.11123906434097383,
        "vulnerability_share_raw": 0.11126377326892706,
        "lst_median_c": 36.68664011000001,
        "lst_valid_fraction": 1.0,
        "ndvi_median_land": 0.8504356066984666,
        "green_fraction_land": 0.9228571428571428,
        "green_fraction_grid_legacy": 0.5176282051282052,
        "water_fraction_grid": 0.4391025641025641,
        "sentinel_valid_fraction": 0.9984,
        "spatial_heat_score": 0.009554140127388535,
        "temporal_severity_score": 0.5238709677419354,
        "hazard_score": 0.16384918841175258,
        "exposure_score": 0.0,
        "vulnerability_score": 0.21999689266187117,
        "adaptive_capacity_score": 0.9228571428571428,
        "risk_score": 12.111048246850386,
        "risk_percentile_within_aoi": 0.022292993630573247,
        "hazard_contribution_points": 6.553967536470103,
        "exposure_contribution_points": 0.0,
        "vulnerability_contribution_points": 4.399937853237423,
        "adaptive_deficit_contribution_points": 1.1571428571428577,
        "primary_driver": "hazard",
        "temporal_context_id": "era5-temporal:pilot_v1:2026-07-31T03Z",
        "source_ids": [
          "LC09_L2SP_119039_20260731_02_T1",
          "S2C_MSIL2A_20260731T023551_R089_T51RTP_20260731T060913",
          "chn_pop_2026_CN_100m_R2025A_v1.tif"
        ],
        "analysis_reasons": [],
        "landsat_quality_flag": "HIGH",
        "sentinel_quality_flag": "HIGH"
      }
    },
    {
      "type": "Feature",
      "id": "M4B-R-5EEC8B7710-G-R06-C04",
      "geometry": {
        "type": "Polygon",
        "coordinates": [
          [
            [
              120.13196250700447,
              30.24707695519577
            ],
            [
              120.13196339649429,
              30.24933211988177
            ],
            [
              120.12936583691118,
              30.249332866130977
            ],
            [
              120.12936500672063,
              30.247077701411403
            ],
            [
              120.13196250700447,
              30.24707695519577
            ]
          ]
        ]
      },
      "properties": {
        "grid_id": "M4B-R-5EEC8B7710-G-R06-C04",
        "row": 6,
        "column": 4,
        "analysis_status": "NON_URBAN_WATER",
        "ranking_eligible": false,
        "source_mode": "REAL",
        "population_total": 0.10818649196886469,
        "population_age_0_14": 0.012034683248046648,
        "population_age_65_plus": 0.012038463925418132,
        "elderly_share": 0.11127511121150611,
        "child_share": 0.11124016528338995,
        "vulnerability_share_raw": 0.11126462743307126,
        "lst_median_c": 34.50081632000001,
        "lst_valid_fraction": 1.0,
        "ndvi_median_land": 0.7615275969715358,
        "green_fraction_land": 0.7857142857142857,
        "green_fraction_grid_legacy": 0.0176,
        "water_fraction_grid": 0.9776,
        "sentinel_valid_fraction": 1.0,
        "spatial_heat_score": null,
        "temporal_severity_score": 0.5238709677419354,
        "hazard_score": null,
        "exposure_score": null,
        "vulnerability_score": 0.0,
        "adaptive_capacity_score": null,
        "risk_score": null,
        "risk_percentile_within_aoi": null,
        "hazard_contribution_points": null,
        "exposure_contribution_points": null,
        "vulnerability_contribution_points": 0.0,
        "adaptive_deficit_contribution_points": null,
        "primary_driver": "vulnerability",
        "temporal_context_id": "era5-temporal:pilot_v1:2026-07-31T03Z",
        "source_ids": [
          "LC09_L2SP_119039_20260731_02_T1",
          "S2C_MSIL2A_20260731T023551_R089_T51RTP_20260731T060913",
          "chn_pop_2026_CN_100m_R2025A_v1.tif"
        ],
        "analysis_reasons": [
          "WATER_EXCLUDED"
        ],
        "landsat_quality_flag": "HIGH",
        "sentinel_quality_flag": "HIGH"
      }
    },
    {
      "type": "Feature",
      "id": "M4B-R-5EEC8B7710-G-R06-C05",
      "geometry": {
        "type": "Polygon",
        "coordinates": [
          [
            [
              120.13456000724771,
              30.247076157517007
            ],
            [
              120.13456095603682,
              30.249331322167095
            ],
            [
              120.13196339649429,
              30.24933211988177
            ],
            [
              120.13196250700447,
              30.24707695519577
            ],
            [
              120.13456000724771,
              30.247076157517007
            ]
          ]
        ]
      },
      "properties": {
        "grid_id": "M4B-R-5EEC8B7710-G-R06-C05",
        "row": 6,
        "column": 5,
        "analysis_status": "NON_URBAN_WATER",
        "ranking_eligible": false,
        "source_mode": "REAL",
        "population_total": 0.0,
        "population_age_0_14": 0.0,
        "population_age_65_plus": 0.0,
        "elderly_share": 0.0,
        "child_share": 0.0,
        "vulnerability_share_raw": 0.0,
        "lst_median_c": 34.95370397000005,
        "lst_valid_fraction": 1.0,
        "ndvi_median_land": 0.8194304758494632,
        "green_fraction_land": 0.9685534591194969,
        "green_fraction_grid_legacy": 0.2464,
        "water_fraction_grid": 0.7456,
        "sentinel_valid_fraction": 1.0,
        "spatial_heat_score": null,
        "temporal_severity_score": 0.5238709677419354,
        "hazard_score": null,
        "exposure_score": null,
        "vulnerability_score": 0.0,
        "adaptive_capacity_score": null,
        "risk_score": null,
        "risk_percentile_within_aoi": null,
        "hazard_contribution_points": null,
        "exposure_contribution_points": null,
        "vulnerability_contribution_points": 0.0,
        "adaptive_deficit_contribution_points": null,
        "primary_driver": "vulnerability",
        "temporal_context_id": "era5-temporal:pilot_v1:2026-07-31T03Z",
        "source_ids": [
          "LC09_L2SP_119039_20260731_02_T1",
          "S2C_MSIL2A_20260731T023551_R089_T51RTP_20260731T060913",
          "chn_pop_2026_CN_100m_R2025A_v1.tif"
        ],
        "analysis_reasons": [
          "WATER_EXCLUDED"
        ],
        "landsat_quality_flag": "HIGH",
        "sentinel_quality_flag": "HIGH"
      }
    },
    {
      "type": "Feature",
      "id": "M4B-R-5EEC8B7710-G-R06-C06",
      "geometry": {
        "type": "Polygon",
        "coordinates": [
          [
            [
              120.13715750744764,
              30.247075308375106
            ],
            [
              120.13715851553604,
              30.249330472986976
            ],
            [
              120.13456095603682,
              30.249331322167095
            ],
            [
              120.13456000724771,
              30.247076157517007
            ],
            [
              120.13715750744764,
              30.247075308375106
            ]
          ]
        ]
      },
      "properties": {
        "grid_id": "M4B-R-5EEC8B7710-G-R06-C06",
        "row": 6,
        "column": 6,
        "analysis_status": "NON_URBAN_WATER",
        "ranking_eligible": false,
        "source_mode": "REAL",
        "population_total": 0.0,
        "population_age_0_14": 0.0,
        "population_age_65_plus": 0.0,
        "elderly_share": 0.0,
        "child_share": 0.0,
        "vulnerability_share_raw": 0.0,
        "lst_median_c": 34.65120920000004,
        "lst_valid_fraction": 1.0,
        "ndvi_median_land": 0.8689604437550064,
        "green_fraction_land": 0.9625,
        "green_fraction_grid_legacy": 0.1232,
        "water_fraction_grid": 0.872,
        "sentinel_valid_fraction": 1.0,
        "spatial_heat_score": null,
        "temporal_severity_score": 0.5238709677419354,
        "hazard_score": null,
        "exposure_score": null,
        "vulnerability_score": 0.0,
        "adaptive_capacity_score": null,
        "risk_score": null,
        "risk_percentile_within_aoi": null,
        "hazard_contribution_points": null,
        "exposure_contribution_points": null,
        "vulnerability_contribution_points": 0.0,
        "adaptive_deficit_contribution_points": null,
        "primary_driver": "vulnerability",
        "temporal_context_id": "era5-temporal:pilot_v1:2026-07-31T03Z",
        "source_ids": [
          "LC09_L2SP_119039_20260731_02_T1",
          "S2C_MSIL2A_20260731T023551_R089_T51RTP_20260731T060913",
          "chn_pop_2026_CN_100m_R2025A_v1.tif"
        ],
        "analysis_reasons": [
          "WATER_EXCLUDED"
        ],
        "landsat_quality_flag": "HIGH",
        "sentinel_quality_flag": "HIGH"
      }
    },
    {
      "type": "Feature",
      "id": "M4B-R-5EEC8B7710-G-R06-C07",
      "geometry": {
        "type": "Polygon",
        "coordinates": [
          [
            [
              120.13975500760158,
              30.247074407770096
            ],
            [
              120.13975607498926,
              30.249329572341427
            ],
            [
              120.13715851553604,
              30.249330472986976
            ],
            [
              120.13715750744764,
              30.247075308375106
            ],
            [
              120.13975500760158,
              30.247074407770096
            ]
          ]
        ]
      },
      "properties": {
        "grid_id": "M4B-R-5EEC8B7710-G-R06-C07",
        "row": 6,
        "column": 7,
        "analysis_status": "NON_URBAN_WATER",
        "ranking_eligible": false,
        "source_mode": "REAL",
        "population_total": 0.0,
        "population_age_0_14": 0.0,
        "population_age_65_plus": 0.0,
        "elderly_share": 0.0,
        "child_share": 0.0,
        "vulnerability_share_raw": 0.0,
        "lst_median_c": 34.53499652000005,
        "lst_valid_fraction": 1.0,
        "ndvi_median_land": 0.8093236169603318,
        "green_fraction_land": 0.9074074074074074,
        "green_fraction_grid_legacy": 0.0784,
        "water_fraction_grid": 0.9136,
        "sentinel_valid_fraction": 1.0,
        "spatial_heat_score": null,
        "temporal_severity_score": 0.5238709677419354,
        "hazard_score": null,
        "exposure_score": null,
        "vulnerability_score": 0.0,
        "adaptive_capacity_score": null,
        "risk_score": null,
        "risk_percentile_within_aoi": null,
        "hazard_contribution_points": null,
        "exposure_contribution_points": null,
        "vulnerability_contribution_points": 0.0,
        "adaptive_deficit_contribution_points": null,
        "primary_driver": "vulnerability",
        "temporal_context_id": "era5-temporal:pilot_v1:2026-07-31T03Z",
        "source_ids": [
          "LC09_L2SP_119039_20260731_02_T1",
          "S2C_MSIL2A_20260731T023551_R089_T51RTP_20260731T060913",
          "chn_pop_2026_CN_100m_R2025A_v1.tif"
        ],
        "analysis_reasons": [
          "WATER_EXCLUDED"
        ],
        "landsat_quality_flag": "HIGH",
        "sentinel_quality_flag": "HIGH"
      }
    },
    {
      "type": "Feature",
      "id": "M4B-R-5EEC8B7710-G-R06-C08",
      "geometry": {
        "type": "Polygon",
        "coordinates": [
          [
            [
              120.1423525077068,
              30.24707345570194
            ],
            [
              120.14235363439377,
              30.24932862023043
            ],
            [
              120.13975607498926,
              30.249329572341427
            ],
            [
              120.13975500760158,
              30.247074407770096
            ],
            [
              120.1423525077068,
              30.24707345570194
            ]
          ]
        ]
      },
      "properties": {
        "grid_id": "M4B-R-5EEC8B7710-G-R06-C08",
        "row": 6,
        "column": 8,
        "analysis_status": "NON_URBAN_WATER",
        "ranking_eligible": false,
        "source_mode": "REAL",
        "population_total": 0.0,
        "population_age_0_14": 0.0,
        "population_age_65_plus": 0.0,
        "elderly_share": 0.0,
        "child_share": 0.0,
        "vulnerability_share_raw": 0.0,
        "lst_median_c": 34.36238651000002,
        "lst_valid_fraction": 1.0,
        "ndvi_median_land": 0.8055824308923407,
        "green_fraction_land": 0.9615384615384616,
        "green_fraction_grid_legacy": 0.04,
        "water_fraction_grid": 0.9584,
        "sentinel_valid_fraction": 1.0,
        "spatial_heat_score": null,
        "temporal_severity_score": 0.5238709677419354,
        "hazard_score": null,
        "exposure_score": null,
        "vulnerability_score": 0.0,
        "adaptive_capacity_score": null,
        "risk_score": null,
        "risk_percentile_within_aoi": null,
        "hazard_contribution_points": null,
        "exposure_contribution_points": null,
        "vulnerability_contribution_points": 0.0,
        "adaptive_deficit_contribution_points": null,
        "primary_driver": "vulnerability",
        "temporal_context_id": "era5-temporal:pilot_v1:2026-07-31T03Z",
        "source_ids": [
          "LC09_L2SP_119039_20260731_02_T1",
          "S2C_MSIL2A_20260731T023551_R089_T51RTP_20260731T060913",
          "chn_pop_2026_CN_100m_R2025A_v1.tif"
        ],
        "analysis_reasons": [
          "WATER_EXCLUDED"
        ],
        "landsat_quality_flag": "HIGH",
        "sentinel_quality_flag": "HIGH"
      }
    },
    {
      "type": "Feature",
      "id": "M4B-R-5EEC8B7710-G-R06-C09",
      "geometry": {
        "type": "Polygon",
        "coordinates": [
          [
            [
              120.1449500077606,
              30.24707245217067
            ],
            [
              120.14495119374683,
              30.24932761665399
            ],
            [
              120.14235363439377,
              30.24932862023043
            ],
            [
              120.1423525077068,
              30.24707345570194
            ],
            [
              120.1449500077606,
              30.24707245217067
            ]
          ]
        ]
      },
      "properties": {
        "grid_id": "M4B-R-5EEC8B7710-G-R06-C09",
        "row": 6,
        "column": 9,
        "analysis_status": "NON_URBAN_WATER",
        "ranking_eligible": false,
        "source_mode": "REAL",
        "population_total": 0.0,
        "population_age_0_14": 0.0,
        "population_age_65_plus": 0.0,
        "elderly_share": 0.0,
        "child_share": 0.0,
        "vulnerability_share_raw": 0.0,
        "lst_median_c": 34.31795225000002,
        "lst_valid_fraction": 1.0,
        "ndvi_median_land": null,
        "green_fraction_land": null,
        "green_fraction_grid_legacy": 0.0,
        "water_fraction_grid": 1.0,
        "sentinel_valid_fraction": 1.0,
        "spatial_heat_score": null,
        "temporal_severity_score": 0.5238709677419354,
        "hazard_score": null,
        "exposure_score": null,
        "vulnerability_score": 0.0,
        "adaptive_capacity_score": null,
        "risk_score": null,
        "risk_percentile_within_aoi": null,
        "hazard_contribution_points": null,
        "exposure_contribution_points": null,
        "vulnerability_contribution_points": 0.0,
        "adaptive_deficit_contribution_points": null,
        "primary_driver": "vulnerability",
        "temporal_context_id": "era5-temporal:pilot_v1:2026-07-31T03Z",
        "source_ids": [
          "LC09_L2SP_119039_20260731_02_T1",
          "S2C_MSIL2A_20260731T023551_R089_T51RTP_20260731T060913",
          "chn_pop_2026_CN_100m_R2025A_v1.tif"
        ],
        "analysis_reasons": [
          "WATER_EXCLUDED"
        ],
        "landsat_quality_flag": "HIGH",
        "sentinel_quality_flag": "HIGH"
      }
    },
    {
      "type": "Feature",
      "id": "M4B-R-5EEC8B7710-G-R06-C10",
      "geometry": {
        "type": "Polygon",
        "coordinates": [
          [
            [
              120.1475475077603,
              30.247071397176285
            ],
            [
              120.14754875304577,
              30.249326561612104
            ],
            [
              120.14495119374683,
              30.24932761665399
            ],
            [
              120.1449500077606,
              30.24707245217067
            ],
            [
              120.1475475077603,
              30.247071397176285
            ]
          ]
        ]
      },
      "properties": {
        "grid_id": "M4B-R-5EEC8B7710-G-R06-C10",
        "row": 6,
        "column": 10,
        "analysis_status": "NON_URBAN_WATER",
        "ranking_eligible": false,
        "source_mode": "REAL",
        "population_total": 0.0,
        "population_age_0_14": 0.0,
        "population_age_65_plus": 0.0,
        "elderly_share": 0.0,
        "child_share": 0.0,
        "vulnerability_share_raw": 0.0,
        "lst_median_c": 34.42220186000003,
        "lst_valid_fraction": 1.0,
        "ndvi_median_land": null,
        "green_fraction_land": null,
        "green_fraction_grid_legacy": 0.0,
        "water_fraction_grid": 1.0,
        "sentinel_valid_fraction": 1.0,
        "spatial_heat_score": null,
        "temporal_severity_score": 0.5238709677419354,
        "hazard_score": null,
        "exposure_score": null,
        "vulnerability_score": 0.0,
        "adaptive_capacity_score": null,
        "risk_score": null,
        "risk_percentile_within_aoi": null,
        "hazard_contribution_points": null,
        "exposure_contribution_points": null,
        "vulnerability_contribution_points": 0.0,
        "adaptive_deficit_contribution_points": null,
        "primary_driver": "vulnerability",
        "temporal_context_id": "era5-temporal:pilot_v1:2026-07-31T03Z",
        "source_ids": [
          "LC09_L2SP_119039_20260731_02_T1",
          "S2C_MSIL2A_20260731T023551_R089_T51RTP_20260731T060913",
          "chn_pop_2026_CN_100m_R2025A_v1.tif"
        ],
        "analysis_reasons": [
          "WATER_EXCLUDED"
        ],
        "landsat_quality_flag": "HIGH",
        "sentinel_quality_flag": "HIGH"
      }
    },
    {
      "type": "Feature",
      "id": "M4B-R-5EEC8B7710-G-R06-C11",
      "geometry": {
        "type": "Polygon",
        "coordinates": [
          [
            [
              120.15014500770312,
              30.24707029071877
            ],
            [
              120.15014631228784,
              30.249325455104792
            ],
            [
              120.14754875304577,
              30.249326561612104
            ],
            [
              120.1475475077603,
              30.247071397176285
            ],
            [
              120.15014500770312,
              30.24707029071877
            ]
          ]
        ]
      },
      "properties": {
        "grid_id": "M4B-R-5EEC8B7710-G-R06-C11",
        "row": 6,
        "column": 11,
        "analysis_status": "NON_URBAN_WATER",
        "ranking_eligible": false,
        "source_mode": "REAL",
        "population_total": 0.0,
        "population_age_0_14": 0.0,
        "population_age_65_plus": 0.0,
        "elderly_share": 0.0,
        "child_share": 0.0,
        "vulnerability_share_raw": 0.0,
        "lst_median_c": 34.62044702000003,
        "lst_valid_fraction": 1.0,
        "ndvi_median_land": null,
        "green_fraction_land": null,
        "green_fraction_grid_legacy": 0.0,
        "water_fraction_grid": 1.0,
        "sentinel_valid_fraction": 1.0,
        "spatial_heat_score": null,
        "temporal_severity_score": 0.5238709677419354,
        "hazard_score": null,
        "exposure_score": null,
        "vulnerability_score": 0.0,
        "adaptive_capacity_score": null,
        "risk_score": null,
        "risk_percentile_within_aoi": null,
        "hazard_contribution_points": null,
        "exposure_contribution_points": null,
        "vulnerability_contribution_points": 0.0,
        "adaptive_deficit_contribution_points": null,
        "primary_driver": "vulnerability",
        "temporal_context_id": "era5-temporal:pilot_v1:2026-07-31T03Z",
        "source_ids": [
          "LC09_L2SP_119039_20260731_02_T1",
          "S2C_MSIL2A_20260731T023551_R089_T51RTP_20260731T060913",
          "chn_pop_2026_CN_100m_R2025A_v1.tif"
        ],
        "analysis_reasons": [
          "WATER_EXCLUDED"
        ],
        "landsat_quality_flag": "HIGH",
        "sentinel_quality_flag": "HIGH"
      }
    },
    {
      "type": "Feature",
      "id": "M4B-R-5EEC8B7710-G-R06-C12",
      "geometry": {
        "type": "Polygon",
        "coordinates": [
          [
            [
              120.15274250758644,
              30.247069132798153
            ],
            [
              120.15274387147039,
              30.249324297132063
            ],
            [
              120.15014631228784,
              30.249325455104792
            ],
            [
              120.15014500770312,
              30.24707029071877
            ],
            [
              120.15274250758644,
              30.247069132798153
            ]
          ]
        ]
      },
      "properties": {
        "grid_id": "M4B-R-5EEC8B7710-G-R06-C12",
        "row": 6,
        "column": 12,
        "analysis_status": "NON_URBAN_WATER",
        "ranking_eligible": false,
        "source_mode": "REAL",
        "population_total": 0.0,
        "population_age_0_14": 0.0,
        "population_age_65_plus": 0.0,
        "elderly_share": 0.0,
        "child_share": 0.0,
        "vulnerability_share_raw": 0.0,
        "lst_median_c": 34.89388862000001,
        "lst_valid_fraction": 1.0,
        "ndvi_median_land": null,
        "green_fraction_land": null,
        "green_fraction_grid_legacy": 0.0,
        "water_fraction_grid": 1.0,
        "sentinel_valid_fraction": 1.0,
        "spatial_heat_score": null,
        "temporal_severity_score": 0.5238709677419354,
        "hazard_score": null,
        "exposure_score": null,
        "vulnerability_score": 0.0,
        "adaptive_capacity_score": null,
        "risk_score": null,
        "risk_percentile_within_aoi": null,
        "hazard_contribution_points": null,
        "exposure_contribution_points": null,
        "vulnerability_contribution_points": 0.0,
        "adaptive_deficit_contribution_points": null,
        "primary_driver": "vulnerability",
        "temporal_context_id": "era5-temporal:pilot_v1:2026-07-31T03Z",
        "source_ids": [
          "LC09_L2SP_119039_20260731_02_T1",
          "S2C_MSIL2A_20260731T023551_R089_T51RTP_20260731T060913",
          "chn_pop_2026_CN_100m_R2025A_v1.tif"
        ],
        "analysis_reasons": [
          "WATER_EXCLUDED"
        ],
        "landsat_quality_flag": "HIGH",
        "sentinel_quality_flag": "HIGH"
      }
    },
    {
      "type": "Feature",
      "id": "M4B-R-5EEC8B7710-G-R06-C13",
      "geometry": {
        "type": "Polygon",
        "coordinates": [
          [
            [
              120.15534000740749,
              30.247067923414406
            ],
            [
              120.1553414305907,
              30.249323087693888
            ],
            [
              120.15274387147039,
              30.249324297132063
            ],
            [
              120.15274250758644,
              30.247069132798153
            ],
            [
              120.15534000740749,
              30.247067923414406
            ]
          ]
        ]
      },
      "properties": {
        "grid_id": "M4B-R-5EEC8B7710-G-R06-C13",
        "row": 6,
        "column": 13,
        "analysis_status": "ANALYZABLE_LAND",
        "ranking_eligible": true,
        "source_mode": "REAL",
        "population_total": 68.15150234854745,
        "population_age_0_14": 7.059459765073135,
        "population_age_65_plus": 6.9531631098861455,
        "elderly_share": 0.1020250892537271,
        "child_share": 0.10358480036095047,
        "vulnerability_share_raw": 0.1024930025858941,
        "lst_median_c": 38.17176980000005,
        "lst_valid_fraction": 1.0,
        "ndvi_median_land": 0.7896036151759376,
        "green_fraction_land": 0.8849315068493151,
        "green_fraction_grid_legacy": 0.5168,
        "water_fraction_grid": 0.416,
        "sentinel_valid_fraction": 1.0,
        "spatial_heat_score": 0.05732484076433121,
        "temporal_severity_score": 0.5238709677419354,
        "hazard_score": 0.19728867885761245,
        "exposure_score": 0.3370677394374389,
        "vulnerability_score": 7.589376615910204e-08,
        "adaptive_capacity_score": 0.8849315068493151,
        "risk_score": 18.04426955537607,
        "risk_percentile_within_aoi": 0.08598726114649681,
        "hazard_contribution_points": 7.891547154304498,
        "exposure_contribution_points": 8.426693485935973,
        "vulnerability_contribution_points": 1.5178753231820408e-06,
        "adaptive_deficit_contribution_points": 1.7260273972602735,
        "primary_driver": "exposure",
        "temporal_context_id": "era5-temporal:pilot_v1:2026-07-31T03Z",
        "source_ids": [
          "LC09_L2SP_119039_20260731_02_T1",
          "S2C_MSIL2A_20260731T023551_R089_T51RTP_20260731T060913",
          "chn_pop_2026_CN_100m_R2025A_v1.tif"
        ],
        "analysis_reasons": [],
        "landsat_quality_flag": "HIGH",
        "sentinel_quality_flag": "HIGH"
      }
    },
    {
      "type": "Feature",
      "id": "M4B-R-5EEC8B7710-G-R06-C14",
      "geometry": {
        "type": "Polygon",
        "coordinates": [
          [
            [
              120.15793750716358,
              30.247066662567562
            ],
            [
              120.15793898964603,
              30.249321826790297
            ],
            [
              120.1553414305907,
              30.249323087693888
            ],
            [
              120.15534000740749,
              30.247067923414406
            ],
            [
              120.15793750716358,
              30.247066662567562
            ]
          ]
        ]
      },
      "properties": {
        "grid_id": "M4B-R-5EEC8B7710-G-R06-C14",
        "row": 6,
        "column": 14,
        "analysis_status": "ANALYZABLE_LAND",
        "ranking_eligible": true,
        "source_mode": "REAL",
        "population_total": 736.637943571075,
        "population_age_0_14": 76.30450910940809,
        "population_age_65_plus": 75.15554335494818,
        "elderly_share": 0.10202507759864904,
        "child_share": 0.10358482043362975,
        "vulnerability_share_raw": 0.10249300044914327,
        "lst_median_c": 46.15284650000004,
        "lst_valid_fraction": 1.0,
        "ndvi_median_land": 0.4357836812350916,
        "green_fraction_land": 0.6976,
        "green_fraction_grid_legacy": 0.6976,
        "water_fraction_grid": 0.0,
        "sentinel_valid_fraction": 1.0,
        "spatial_heat_score": 0.43312101910828027,
        "temporal_severity_score": 0.5238709677419354,
        "hazard_score": 0.46034600369837675,
        "exposure_score": 0.8375694431323462,
        "vulnerability_score": 2.2297748406873945e-08,
        "adaptive_capacity_score": 0.6976,
        "risk_score": 43.88907667219869,
        "risk_percentile_within_aoi": 0.3630573248407643,
        "hazard_contribution_points": 18.41384014793507,
        "exposure_contribution_points": 20.939236078308653,
        "vulnerability_contribution_points": 4.459549681374789e-07,
        "adaptive_deficit_contribution_points": 4.536,
        "primary_driver": "exposure",
        "temporal_context_id": "era5-temporal:pilot_v1:2026-07-31T03Z",
        "source_ids": [
          "LC09_L2SP_119039_20260731_02_T1",
          "S2C_MSIL2A_20260731T023551_R089_T51RTP_20260731T060913",
          "chn_pop_2026_CN_100m_R2025A_v1.tif"
        ],
        "analysis_reasons": [],
        "landsat_quality_flag": "HIGH",
        "sentinel_quality_flag": "HIGH"
      }
    },
    {
      "type": "Feature",
      "id": "M4B-R-5EEC8B7710-G-R06-C15",
      "geometry": {
        "type": "Polygon",
        "coordinates": [
          [
            [
              120.16053500685202,
              30.247065350257618
            ],
            [
              120.16053654863369,
              30.24932051442128
            ],
            [
              120.15793898964603,
              30.249321826790297
            ],
            [
              120.15793750716358,
              30.247066662567562
            ],
            [
              120.16053500685202,
              30.247065350257618
            ]
          ]
        ]
      },
      "properties": {
        "grid_id": "M4B-R-5EEC8B7710-G-R06-C15",
        "row": 6,
        "column": 15,
        "analysis_status": "ANALYZABLE_LAND",
        "ranking_eligible": true,
        "source_mode": "REAL",
        "population_total": 1025.4593077395878,
        "population_age_0_14": 106.22201728901177,
        "population_age_65_plus": 104.62256244138179,
        "elderly_share": 0.10202507466824844,
        "child_share": 0.10358481949240499,
        "vulnerability_share_raw": 0.10249299811549539,
        "lst_median_c": 47.75931590000005,
        "lst_valid_fraction": 1.0,
        "ndvi_median_land": 0.23613084036802898,
        "green_fraction_land": 0.416,
        "green_fraction_grid_legacy": 0.416,
        "water_fraction_grid": 0.0,
        "sentinel_valid_fraction": 1.0,
        "spatial_heat_score": 0.5923566878980892,
        "temporal_severity_score": 0.5238709677419354,
        "hazard_score": 0.571810971851243,
        "exposure_score": 0.9074316316837951,
        "vulnerability_score": 0.0,
        "adaptive_capacity_score": 0.416,
        "risk_score": 54.3182296661446,
        "risk_percentile_within_aoi": 0.5127388535031847,
        "hazard_contribution_points": 22.87243887404972,
        "exposure_contribution_points": 22.685790792094878,
        "vulnerability_contribution_points": 0.0,
        "adaptive_deficit_contribution_points": 8.760000000000002,
        "primary_driver": "hazard",
        "temporal_context_id": "era5-temporal:pilot_v1:2026-07-31T03Z",
        "source_ids": [
          "LC09_L2SP_119039_20260731_02_T1",
          "S2C_MSIL2A_20260731T023551_R089_T51RTP_20260731T060913",
          "chn_pop_2026_CN_100m_R2025A_v1.tif"
        ],
        "analysis_reasons": [],
        "landsat_quality_flag": "HIGH",
        "sentinel_quality_flag": "HIGH"
      }
    },
    {
      "type": "Feature",
      "id": "M4B-R-5EEC8B7710-G-R06-C16",
      "geometry": {
        "type": "Polygon",
        "coordinates": [
          [
            [
              120.16313250647012,
              30.247063986484577
            ],
            [
              120.16313410755097,
              30.24931915058686
            ],
            [
              120.16053654863369,
              30.24932051442128
            ],
            [
              120.16053500685202,
              30.247065350257618
            ],
            [
              120.16313250647012,
              30.247063986484577
            ]
          ]
        ]
      },
      "properties": {
        "grid_id": "M4B-R-5EEC8B7710-G-R06-C16",
        "row": 6,
        "column": 16,
        "analysis_status": "ANALYZABLE_LAND",
        "ranking_eligible": true,
        "source_mode": "REAL",
        "population_total": 1149.0183717708335,
        "population_age_0_14": 119.02086199356597,
        "population_age_65_plus": 117.22868569139463,
        "elderly_share": 0.10202507511757641,
        "child_share": 0.10358482067622166,
        "vulnerability_share_raw": 0.10249299878516997,
        "lst_median_c": 49.006893200000036,
        "lst_valid_fraction": 1.0,
        "ndvi_median_land": 0.2562227923453109,
        "green_fraction_land": 0.424,
        "green_fraction_grid_legacy": 0.424,
        "water_fraction_grid": 0.0,
        "sentinel_valid_fraction": 1.0,
        "spatial_heat_score": 0.7770700636942676,
        "temporal_severity_score": 0.5238709677419354,
        "hazard_score": 0.7011103349085679,
        "exposure_score": 0.9314640108421155,
        "vulnerability_score": 0.0,
        "adaptive_capacity_score": 0.424,
        "risk_score": 59.97101366739561,
        "risk_percentile_within_aoi": 0.6337579617834395,
        "hazard_contribution_points": 28.044413396342716,
        "exposure_contribution_points": 23.286600271052887,
        "vulnerability_contribution_points": 0.0,
        "adaptive_deficit_contribution_points": 8.64,
        "primary_driver": "hazard",
        "temporal_context_id": "era5-temporal:pilot_v1:2026-07-31T03Z",
        "source_ids": [
          "LC09_L2SP_119039_20260731_02_T1",
          "S2C_MSIL2A_20260731T023551_R089_T51RTP_20260731T060913",
          "chn_pop_2026_CN_100m_R2025A_v1.tif"
        ],
        "analysis_reasons": [],
        "landsat_quality_flag": "HIGH",
        "sentinel_quality_flag": "HIGH"
      }
    },
    {
      "type": "Feature",
      "id": "M4B-R-5EEC8B7710-G-R06-C17",
      "geometry": {
        "type": "Polygon",
        "coordinates": [
          [
            [
              120.16573000601514,
              30.247062571248442
            ],
            [
              120.16573166639517,
              30.249317735287022
            ],
            [
              120.16313410755097,
              30.24931915058686
            ],
            [
              120.16313250647012,
              30.247063986484577
            ],
            [
              120.16573000601514,
              30.247062571248442
            ]
          ]
        ]
      },
      "properties": {
        "grid_id": "M4B-R-5EEC8B7710-G-R06-C17",
        "row": 6,
        "column": 17,
        "analysis_status": "ANALYZABLE_LAND",
        "ranking_eligible": true,
        "source_mode": "REAL",
        "population_total": 1500.8570383329265,
        "population_age_0_14": 155.46600854468014,
        "population_age_65_plus": 153.1250495348482,
        "elderly_share": 0.10202507342400279,
        "child_share": 0.1035848215879133,
        "vulnerability_share_raw": 0.10249299787317592,
        "lst_median_c": 50.42537150000001,
        "lst_valid_fraction": 1.0,
        "ndvi_median_land": 0.1782963981146587,
        "green_fraction_land": 0.2416,
        "green_fraction_grid_legacy": 0.2416,
        "water_fraction_grid": 0.0,
        "sentinel_valid_fraction": 1.0,
        "spatial_heat_score": 0.9331210191082803,
        "temporal_severity_score": 0.5238709677419354,
        "hazard_score": 0.8103460036983768,
        "exposure_score": 0.9879014796213953,
        "vulnerability_score": 0.0,
        "adaptive_capacity_score": 0.2416,
        "risk_score": 68.48737713846995,
        "risk_percentile_within_aoi": 0.8089171974522293,
        "hazard_contribution_points": 32.413840147935076,
        "exposure_contribution_points": 24.697536990534882,
        "vulnerability_contribution_points": 0.0,
        "adaptive_deficit_contribution_points": 11.376,
        "primary_driver": "hazard",
        "temporal_context_id": "era5-temporal:pilot_v1:2026-07-31T03Z",
        "source_ids": [
          "LC09_L2SP_119039_20260731_02_T1",
          "S2C_MSIL2A_20260731T023551_R089_T51RTP_20260731T060913",
          "chn_pop_2026_CN_100m_R2025A_v1.tif"
        ],
        "analysis_reasons": [],
        "landsat_quality_flag": "HIGH",
        "sentinel_quality_flag": "HIGH"
      }
    },
    {
      "type": "Feature",
      "id": "M4B-R-5EEC8B7710-G-R06-C18",
      "geometry": {
        "type": "Polygon",
        "coordinates": [
          [
            [
              120.16832750548437,
              30.247061104549225
            ],
            [
              120.16832922516362,
              30.249316268521785
            ],
            [
              120.16573166639517,
              30.249317735287022
            ],
            [
              120.16573000601514,
              30.247062571248442
            ],
            [
              120.16832750548437,
              30.247061104549225
            ]
          ]
        ]
      },
      "properties": {
        "grid_id": "M4B-R-5EEC8B7710-G-R06-C18",
        "row": 6,
        "column": 18,
        "analysis_status": "ANALYZABLE_LAND",
        "ranking_eligible": true,
        "source_mode": "REAL",
        "population_total": 1343.6171941092778,
        "population_age_0_14": 139.1783460804392,
        "population_age_65_plus": 137.08264669012118,
        "elderly_share": 0.10202507625767411,
        "child_share": 0.10358482065474349,
        "vulnerability_share_raw": 0.10249299957679492,
        "lst_median_c": 49.290588860000014,
        "lst_valid_fraction": 1.0,
        "ndvi_median_land": 0.18162618423681554,
        "green_fraction_land": 0.32,
        "green_fraction_grid_legacy": 0.32,
        "water_fraction_grid": 0.0,
        "sentinel_valid_fraction": 1.0,
        "spatial_heat_score": 0.8057324840764332,
        "temporal_severity_score": 0.5238709677419354,
        "hazard_score": 0.7211740291760839,
        "exposure_score": 0.9645181233495242,
        "vulnerability_score": 4.1667703440162833e-10,
        "adaptive_capacity_score": 0.32,
        "risk_score": 63.159914259115,
        "risk_percentile_within_aoi": 0.7101910828025477,
        "hazard_contribution_points": 28.846961167043354,
        "exposure_contribution_points": 24.112953083738105,
        "vulnerability_contribution_points": 8.333540688032567e-09,
        "adaptive_deficit_contribution_points": 10.2,
        "primary_driver": "hazard",
        "temporal_context_id": "era5-temporal:pilot_v1:2026-07-31T03Z",
        "source_ids": [
          "LC09_L2SP_119039_20260731_02_T1",
          "S2C_MSIL2A_20260731T023551_R089_T51RTP_20260731T060913",
          "chn_pop_2026_CN_100m_R2025A_v1.tif"
        ],
        "analysis_reasons": [],
        "landsat_quality_flag": "HIGH",
        "sentinel_quality_flag": "HIGH"
      }
    },
    {
      "type": "Feature",
      "id": "M4B-R-5EEC8B7710-G-R06-C19",
      "geometry": {
        "type": "Polygon",
        "coordinates": [
          [
            [
              120.17092500487513,
              30.247059586386914
            ],
            [
              120.17092678385353,
              30.249314750291138
            ],
            [
              120.16832922516362,
              30.249316268521785
            ],
            [
              120.16832750548437,
              30.247061104549225
            ],
            [
              120.17092500487513,
              30.247059586386914
            ]
          ]
        ]
      },
      "properties": {
        "grid_id": "M4B-R-5EEC8B7710-G-R06-C19",
        "row": 6,
        "column": 19,
        "analysis_status": "ANALYZABLE_LAND",
        "ranking_eligible": true,
        "source_mode": "REAL",
        "population_total": 688.395127664496,
        "population_age_0_14": 71.30728665914164,
        "population_age_65_plus": 70.23356784609909,
        "elderly_share": 0.10202507981771904,
        "child_share": 0.10358482184652353,
        "vulnerability_share_raw": 0.10249300242636038,
        "lst_median_c": 47.619177079999986,
        "lst_valid_fraction": 1.0,
        "ndvi_median_land": 0.35921007786854753,
        "green_fraction_land": 0.5632,
        "green_fraction_grid_legacy": 0.5632,
        "water_fraction_grid": 0.0,
        "sentinel_valid_fraction": 1.0,
        "spatial_heat_score": 0.5796178343949044,
        "temporal_severity_score": 0.5238709677419354,
        "hazard_score": 0.5628937743990137,
        "exposure_score": 0.8232682159021202,
        "vulnerability_score": 7.189218958840728e-08,
        "adaptive_capacity_score": 0.5632,
        "risk_score": 49.649457811357344,
        "risk_percentile_within_aoi": 0.42356687898089174,
        "hazard_contribution_points": 22.515750975960547,
        "exposure_contribution_points": 20.581705397553005,
        "vulnerability_contribution_points": 1.4378437917681455e-06,
        "adaptive_deficit_contribution_points": 6.552,
        "primary_driver": "hazard",
        "temporal_context_id": "era5-temporal:pilot_v1:2026-07-31T03Z",
        "source_ids": [
          "LC09_L2SP_119039_20260731_02_T1",
          "S2C_MSIL2A_20260731T023551_R089_T51RTP_20260731T060913",
          "chn_pop_2026_CN_100m_R2025A_v1.tif"
        ],
        "analysis_reasons": [],
        "landsat_quality_flag": "HIGH",
        "sentinel_quality_flag": "HIGH"
      }
    },
    {
      "type": "Feature",
      "id": "M4B-R-5EEC8B7710-G-R07-C00",
      "geometry": {
        "type": "Polygon",
        "coordinates": [
          [
            [
              120.12157315794522,
              30.24933479608588
            ],
            [
              120.12157381029701,
              30.251589960115243
            ],
            [
              120.11897619127383,
              30.25159050052696
            ],
            [
              120.11897559822677,
              30.249335336473276
            ],
            [
              120.12157315794522,
              30.24933479608588
            ]
          ]
        ]
      },
      "properties": {
        "grid_id": "M4B-R-5EEC8B7710-G-R07-C00",
        "row": 7,
        "column": 0,
        "analysis_status": "ANALYZABLE_LAND",
        "ranking_eligible": true,
        "source_mode": "REAL",
        "population_total": 123.36142930778786,
        "population_age_0_14": 13.722621439520196,
        "population_age_65_plus": 13.727008039538871,
        "elderly_share": 0.11127471622665674,
        "child_share": 0.11123915729998665,
        "vulnerability_share_raw": 0.11126404854865572,
        "lst_median_c": 41.73505565000002,
        "lst_valid_fraction": 1.0,
        "ndvi_median_land": 0.7016504449187551,
        "green_fraction_land": 0.8304,
        "green_fraction_grid_legacy": 0.8304,
        "water_fraction_grid": 0.0,
        "sentinel_valid_fraction": 1.0,
        "spatial_heat_score": 0.2802547770700637,
        "temporal_severity_score": 0.5238709677419354,
        "hazard_score": 0.3533396342716252,
        "exposure_score": 0.4611579661833072,
        "vulnerability_score": 0.22000379748998897,
        "adaptive_capacity_score": 0.8304,
        "risk_score": 32.60661047524747,
        "risk_percentile_within_aoi": 0.28343949044585987,
        "hazard_contribution_points": 14.133585370865006,
        "exposure_contribution_points": 11.52894915458268,
        "vulnerability_contribution_points": 4.4000759497997795,
        "adaptive_deficit_contribution_points": 2.5439999999999996,
        "primary_driver": "hazard",
        "temporal_context_id": "era5-temporal:pilot_v1:2026-07-31T03Z",
        "source_ids": [
          "LC09_L2SP_119039_20260731_02_T1",
          "S2C_MSIL2A_20260731T023551_R089_T51RTP_20260731T060913",
          "chn_pop_2026_CN_100m_R2025A_v1.tif"
        ],
        "analysis_reasons": [],
        "landsat_quality_flag": "HIGH",
        "sentinel_quality_flag": "HIGH"
      }
    },
    {
      "type": "Feature",
      "id": "M4B-R-5EEC8B7710-G-R07-C01",
      "geometry": {
        "type": "Polygon",
        "coordinates": [
          [
            [
              120.12417071763393,
              30.249334204233037
            ],
            [
              120.1241714292904,
              30.25158936823576
            ],
            [
              120.12157381029701,
              30.251589960115243
            ],
            [
              120.12157315794522,
              30.24933479608588
            ],
            [
              120.12417071763393,
              30.249334204233037
            ]
          ]
        ]
      },
      "properties": {
        "grid_id": "M4B-R-5EEC8B7710-G-R07-C01",
        "row": 7,
        "column": 1,
        "analysis_status": "ANALYZABLE_LAND",
        "ranking_eligible": true,
        "source_mode": "REAL",
        "population_total": 89.67882519150002,
        "population_age_0_14": 9.975798104715727,
        "population_age_65_plus": 9.978984594246558,
        "elderly_share": 0.11127470250571916,
        "child_share": 0.11123917026581719,
        "vulnerability_share_raw": 0.11126404283374856,
        "lst_median_c": 40.936947980000014,
        "lst_valid_fraction": 1.0,
        "ndvi_median_land": 0.6581699400243015,
        "green_fraction_land": 0.944,
        "green_fraction_grid_legacy": 0.944,
        "water_fraction_grid": 0.0,
        "sentinel_valid_fraction": 1.0,
        "spatial_heat_score": 0.23248407643312102,
        "temporal_severity_score": 0.5238709677419354,
        "hazard_score": 0.3199001438257653,
        "exposure_score": 0.3943720193175266,
        "vulnerability_score": 0.22000365414324916,
        "adaptive_capacity_score": 0.944,
        "risk_score": 27.89537931883376,
        "risk_percentile_within_aoi": 0.21337579617834396,
        "hazard_contribution_points": 12.796005753030613,
        "exposure_contribution_points": 9.859300482938165,
        "vulnerability_contribution_points": 4.400073082864983,
        "adaptive_deficit_contribution_points": 0.8400000000000007,
        "primary_driver": "hazard",
        "temporal_context_id": "era5-temporal:pilot_v1:2026-07-31T03Z",
        "source_ids": [
          "LC09_L2SP_119039_20260731_02_T1",
          "S2C_MSIL2A_20260731T023551_R089_T51RTP_20260731T060913",
          "chn_pop_2026_CN_100m_R2025A_v1.tif"
        ],
        "analysis_reasons": [],
        "landsat_quality_flag": "HIGH",
        "sentinel_quality_flag": "HIGH"
      }
    },
    {
      "type": "Feature",
      "id": "M4B-R-5EEC8B7710-G-R07-C02",
      "geometry": {
        "type": "Polygon",
        "coordinates": [
          [
            [
              120.12676827729015,
              30.24933356091474
            ],
            [
              120.12676904825129,
              30.251588724888496
            ],
            [
              120.1241714292904,
              30.25158936823576
            ],
            [
              120.12417071763393,
              30.249334204233037
            ],
            [
              120.12676827729015,
              30.24933356091474
            ]
          ]
        ]
      },
      "properties": {
        "grid_id": "M4B-R-5EEC8B7710-G-R07-C02",
        "row": 7,
        "column": 2,
        "analysis_status": "ANALYZABLE_LAND",
        "ranking_eligible": true,
        "source_mode": "REAL",
        "population_total": 56.19847628706704,
        "population_age_0_14": 6.251469708819903,
        "population_age_65_plus": 6.253471305936319,
        "elderly_share": 0.11127474834002628,
        "child_share": 0.11123913176732435,
        "vulnerability_share_raw": 0.11126406336821568,
        "lst_median_c": 39.36636779000003,
        "lst_valid_fraction": 1.0,
        "ndvi_median_land": 0.8146889019690795,
        "green_fraction_land": 0.9568,
        "green_fraction_grid_legacy": 0.9568,
        "water_fraction_grid": 0.0,
        "sentinel_valid_fraction": 1.0,
        "spatial_heat_score": 0.14331210191082802,
        "temporal_severity_score": 0.5238709677419354,
        "hazard_score": 0.25747976166016023,
        "exposure_score": 0.29694297418853804,
        "vulnerability_score": 0.2200041692082944,
        "adaptive_capacity_score": 0.9568,
        "risk_score": 22.770848205285752,
        "risk_percentile_within_aoi": 0.15286624203821655,
        "hazard_contribution_points": 10.29919046640641,
        "exposure_contribution_points": 7.423574354713451,
        "vulnerability_contribution_points": 4.400083384165888,
        "adaptive_deficit_contribution_points": 0.6480000000000002,
        "primary_driver": "hazard",
        "temporal_context_id": "era5-temporal:pilot_v1:2026-07-31T03Z",
        "source_ids": [
          "LC09_L2SP_119039_20260731_02_T1",
          "S2C_MSIL2A_20260731T023551_R089_T51RTP_20260731T060913",
          "chn_pop_2026_CN_100m_R2025A_v1.tif"
        ],
        "analysis_reasons": [],
        "landsat_quality_flag": "HIGH",
        "sentinel_quality_flag": "HIGH"
      }
    },
    {
      "type": "Feature",
      "id": "M4B-R-5EEC8B7710-G-R07-C03",
      "geometry": {
        "type": "Polygon",
        "coordinates": [
          [
            [
              120.12936583691118,
              30.249332866130977
            ],
            [
              120.12936666717698,
              30.251588030073464
            ],
            [
              120.12676904825129,
              30.251588724888496
            ],
            [
              120.12676827729015,
              30.24933356091474
            ],
            [
              120.12936583691118,
              30.249332866130977
            ]
          ]
        ]
      },
      "properties": {
        "grid_id": "M4B-R-5EEC8B7710-G-R07-C03",
        "row": 7,
        "column": 3,
        "analysis_status": "ANALYZABLE_LAND",
        "ranking_eligible": true,
        "source_mode": "REAL",
        "population_total": 18.191960395403456,
        "population_age_0_14": 2.023659370539507,
        "population_age_65_plus": 2.02430350358821,
        "elderly_share": 0.1112746212936836,
        "child_share": 0.11123921372711558,
        "vulnerability_share_raw": 0.11126399902371317,
        "lst_median_c": 37.93763543,
        "lst_valid_fraction": 1.0,
        "ndvi_median_land": 0.8373724954213654,
        "green_fraction_land": 0.992,
        "green_fraction_grid_legacy": 0.992,
        "water_fraction_grid": 0.0,
        "sentinel_valid_fraction": 1.0,
        "spatial_heat_score": 0.050955414012738856,
        "temporal_severity_score": 0.5238709677419354,
        "hazard_score": 0.1928300801314978,
        "exposure_score": 0.06604716758089633,
        "vulnerability_score": 0.2200025552582507,
        "adaptive_capacity_score": 0.992,
        "risk_score": 13.884433499947335,
        "risk_percentile_within_aoi": 0.050955414012738856,
        "hazard_contribution_points": 7.713203205259912,
        "exposure_contribution_points": 1.6511791895224084,
        "vulnerability_contribution_points": 4.400051105165014,
        "adaptive_deficit_contribution_points": 0.1200000000000001,
        "primary_driver": "hazard",
        "temporal_context_id": "era5-temporal:pilot_v1:2026-07-31T03Z",
        "source_ids": [
          "LC09_L2SP_119039_20260731_02_T1",
          "S2C_MSIL2A_20260731T023551_R089_T51RTP_20260731T060913",
          "chn_pop_2026_CN_100m_R2025A_v1.tif"
        ],
        "analysis_reasons": [],
        "landsat_quality_flag": "HIGH",
        "sentinel_quality_flag": "HIGH"
      }
    },
    {
      "type": "Feature",
      "id": "M4B-R-5EEC8B7710-G-R07-C04",
      "geometry": {
        "type": "Polygon",
        "coordinates": [
          [
            [
              120.13196339649429,
              30.24933211988177
            ],
            [
              120.1319642860648,
              30.251587283790656
            ],
            [
              120.12936666717698,
              30.251588030073464
            ],
            [
              120.12936583691118,
              30.249332866130977
            ],
            [
              120.13196339649429,
              30.24933211988177
            ]
          ]
        ]
      },
      "properties": {
        "grid_id": "M4B-R-5EEC8B7710-G-R07-C04",
        "row": 7,
        "column": 4,
        "analysis_status": "ANALYZABLE_LAND",
        "ranking_eligible": true,
        "source_mode": "REAL",
        "population_total": 6.180997520422417,
        "population_age_0_14": 0.6875678034624533,
        "population_age_65_plus": 0.6877897758147056,
        "elderly_share": 0.1112748829848586,
        "child_share": 0.11123897092511115,
        "vulnerability_share_raw": 0.11126410936693436,
        "lst_median_c": 36.72423832999999,
        "lst_valid_fraction": 1.0,
        "ndvi_median_land": 0.8276113126059812,
        "green_fraction_land": 0.9202898550724637,
        "green_fraction_grid_legacy": 0.6096,
        "water_fraction_grid": 0.3376,
        "sentinel_valid_fraction": 1.0,
        "spatial_heat_score": 0.012738853503184714,
        "temporal_severity_score": 0.5238709677419354,
        "hazard_score": 0.1660784877748099,
        "exposure_score": 0.0,
        "vulnerability_score": 0.22000532299192996,
        "adaptive_capacity_score": 0.9202898550724637,
        "risk_score": 12.238898144744038,
        "risk_percentile_within_aoi": 0.025477707006369428,
        "hazard_contribution_points": 6.6431395109923965,
        "exposure_contribution_points": 0.0,
        "vulnerability_contribution_points": 4.400106459838599,
        "adaptive_deficit_contribution_points": 1.195652173913044,
        "primary_driver": "hazard",
        "temporal_context_id": "era5-temporal:pilot_v1:2026-07-31T03Z",
        "source_ids": [
          "LC09_L2SP_119039_20260731_02_T1",
          "S2C_MSIL2A_20260731T023551_R089_T51RTP_20260731T060913",
          "chn_pop_2026_CN_100m_R2025A_v1.tif"
        ],
        "analysis_reasons": [],
        "landsat_quality_flag": "HIGH",
        "sentinel_quality_flag": "HIGH"
      }
    },
    {
      "type": "Feature",
      "id": "M4B-R-5EEC8B7710-G-R07-C05",
      "geometry": {
        "type": "Polygon",
        "coordinates": [
          [
            [
              120.13456095603682,
              30.249331322167095
            ],
            [
              120.134561904912,
              30.251586486040097
            ],
            [
              120.1319642860648,
              30.251587283790656
            ],
            [
              120.13196339649429,
              30.24933211988177
            ],
            [
              120.13456095603682,
              30.249331322167095
            ]
          ]
        ]
      },
      "properties": {
        "grid_id": "M4B-R-5EEC8B7710-G-R07-C05",
        "row": 7,
        "column": 5,
        "analysis_status": "NON_URBAN_WATER",
        "ranking_eligible": false,
        "source_mode": "REAL",
        "population_total": 0.0,
        "population_age_0_14": 0.0,
        "population_age_65_plus": 0.0,
        "elderly_share": 0.0,
        "child_share": 0.0,
        "vulnerability_share_raw": 0.0,
        "lst_median_c": 34.82894624000002,
        "lst_valid_fraction": 1.0,
        "ndvi_median_land": 0.8225909130678003,
        "green_fraction_land": 0.927710843373494,
        "green_fraction_grid_legacy": 0.1232,
        "water_fraction_grid": 0.8672,
        "sentinel_valid_fraction": 1.0,
        "spatial_heat_score": null,
        "temporal_severity_score": 0.5238709677419354,
        "hazard_score": null,
        "exposure_score": null,
        "vulnerability_score": 0.0,
        "adaptive_capacity_score": null,
        "risk_score": null,
        "risk_percentile_within_aoi": null,
        "hazard_contribution_points": null,
        "exposure_contribution_points": null,
        "vulnerability_contribution_points": 0.0,
        "adaptive_deficit_contribution_points": null,
        "primary_driver": "vulnerability",
        "temporal_context_id": "era5-temporal:pilot_v1:2026-07-31T03Z",
        "source_ids": [
          "LC09_L2SP_119039_20260731_02_T1",
          "S2C_MSIL2A_20260731T023551_R089_T51RTP_20260731T060913",
          "chn_pop_2026_CN_100m_R2025A_v1.tif"
        ],
        "analysis_reasons": [
          "WATER_EXCLUDED"
        ],
        "landsat_quality_flag": "HIGH",
        "sentinel_quality_flag": "HIGH"
      }
    },
    {
      "type": "Feature",
      "id": "M4B-R-5EEC8B7710-G-R07-C06",
      "geometry": {
        "type": "Polygon",
        "coordinates": [
          [
            [
              120.13715851553604,
              30.249330472986976
            ],
            [
              120.13715952371588,
              30.251585636821762
            ],
            [
              120.134561904912,
              30.251586486040097
            ],
            [
              120.13456095603682,
              30.249331322167095
            ],
            [
              120.13715851553604,
              30.249330472986976
            ]
          ]
        ]
      },
      "properties": {
        "grid_id": "M4B-R-5EEC8B7710-G-R07-C06",
        "row": 7,
        "column": 6,
        "analysis_status": "NON_URBAN_WATER",
        "ranking_eligible": false,
        "source_mode": "REAL",
        "population_total": 0.0,
        "population_age_0_14": 0.0,
        "population_age_65_plus": 0.0,
        "elderly_share": 0.0,
        "child_share": 0.0,
        "vulnerability_share_raw": 0.0,
        "lst_median_c": 34.8221102,
        "lst_valid_fraction": 1.0,
        "ndvi_median_land": null,
        "green_fraction_land": null,
        "green_fraction_grid_legacy": 0.0,
        "water_fraction_grid": 1.0,
        "sentinel_valid_fraction": 1.0,
        "spatial_heat_score": null,
        "temporal_severity_score": 0.5238709677419354,
        "hazard_score": null,
        "exposure_score": null,
        "vulnerability_score": 0.0,
        "adaptive_capacity_score": null,
        "risk_score": null,
        "risk_percentile_within_aoi": null,
        "hazard_contribution_points": null,
        "exposure_contribution_points": null,
        "vulnerability_contribution_points": 0.0,
        "adaptive_deficit_contribution_points": null,
        "primary_driver": "vulnerability",
        "temporal_context_id": "era5-temporal:pilot_v1:2026-07-31T03Z",
        "source_ids": [
          "LC09_L2SP_119039_20260731_02_T1",
          "S2C_MSIL2A_20260731T023551_R089_T51RTP_20260731T060913",
          "chn_pop_2026_CN_100m_R2025A_v1.tif"
        ],
        "analysis_reasons": [
          "WATER_EXCLUDED"
        ],
        "landsat_quality_flag": "HIGH",
        "sentinel_quality_flag": "HIGH"
      }
    },
    {
      "type": "Feature",
      "id": "M4B-R-5EEC8B7710-G-R07-C07",
      "geometry": {
        "type": "Polygon",
        "coordinates": [
          [
            [
              120.13975607498926,
              30.249329572341427
            ],
            [
              120.13975714247377,
              30.25158473613565
            ],
            [
              120.13715952371588,
              30.251585636821762
            ],
            [
              120.13715851553604,
              30.249330472986976
            ],
            [
              120.13975607498926,
              30.249329572341427
            ]
          ]
        ]
      },
      "properties": {
        "grid_id": "M4B-R-5EEC8B7710-G-R07-C07",
        "row": 7,
        "column": 7,
        "analysis_status": "NON_URBAN_WATER",
        "ranking_eligible": false,
        "source_mode": "REAL",
        "population_total": 0.0,
        "population_age_0_14": 0.0,
        "population_age_65_plus": 0.0,
        "elderly_share": 0.0,
        "child_share": 0.0,
        "vulnerability_share_raw": 0.0,
        "lst_median_c": 34.779384950000036,
        "lst_valid_fraction": 1.0,
        "ndvi_median_land": null,
        "green_fraction_land": null,
        "green_fraction_grid_legacy": 0.0,
        "water_fraction_grid": 1.0,
        "sentinel_valid_fraction": 1.0,
        "spatial_heat_score": null,
        "temporal_severity_score": 0.5238709677419354,
        "hazard_score": null,
        "exposure_score": null,
        "vulnerability_score": 0.0,
        "adaptive_capacity_score": null,
        "risk_score": null,
        "risk_percentile_within_aoi": null,
        "hazard_contribution_points": null,
        "exposure_contribution_points": null,
        "vulnerability_contribution_points": 0.0,
        "adaptive_deficit_contribution_points": null,
        "primary_driver": "vulnerability",
        "temporal_context_id": "era5-temporal:pilot_v1:2026-07-31T03Z",
        "source_ids": [
          "LC09_L2SP_119039_20260731_02_T1",
          "S2C_MSIL2A_20260731T023551_R089_T51RTP_20260731T060913",
          "chn_pop_2026_CN_100m_R2025A_v1.tif"
        ],
        "analysis_reasons": [
          "WATER_EXCLUDED"
        ],
        "landsat_quality_flag": "HIGH",
        "sentinel_quality_flag": "HIGH"
      }
    },
    {
      "type": "Feature",
      "id": "M4B-R-5EEC8B7710-G-R07-C08",
      "geometry": {
        "type": "Polygon",
        "coordinates": [
          [
            [
              120.14235363439377,
              30.24932862023043
            ],
            [
              120.14235476118292,
              30.2515837839818
            ],
            [
              120.13975714247377,
              30.25158473613565
            ],
            [
              120.13975607498926,
              30.249329572341427
            ],
            [
              120.14235363439377,
              30.24932862023043
            ]
          ]
        ]
      },
      "properties": {
        "grid_id": "M4B-R-5EEC8B7710-G-R07-C08",
        "row": 7,
        "column": 8,
        "analysis_status": "NON_URBAN_WATER",
        "ranking_eligible": false,
        "source_mode": "REAL",
        "population_total": 0.0,
        "population_age_0_14": 0.0,
        "population_age_65_plus": 0.0,
        "elderly_share": 0.0,
        "child_share": 0.0,
        "vulnerability_share_raw": 0.0,
        "lst_median_c": 34.53499652000002,
        "lst_valid_fraction": 1.0,
        "ndvi_median_land": null,
        "green_fraction_land": null,
        "green_fraction_grid_legacy": 0.0,
        "water_fraction_grid": 1.0,
        "sentinel_valid_fraction": 1.0,
        "spatial_heat_score": null,
        "temporal_severity_score": 0.5238709677419354,
        "hazard_score": null,
        "exposure_score": null,
        "vulnerability_score": 0.0,
        "adaptive_capacity_score": null,
        "risk_score": null,
        "risk_percentile_within_aoi": null,
        "hazard_contribution_points": null,
        "exposure_contribution_points": null,
        "vulnerability_contribution_points": 0.0,
        "adaptive_deficit_contribution_points": null,
        "primary_driver": "vulnerability",
        "temporal_context_id": "era5-temporal:pilot_v1:2026-07-31T03Z",
        "source_ids": [
          "LC09_L2SP_119039_20260731_02_T1",
          "S2C_MSIL2A_20260731T023551_R089_T51RTP_20260731T060913",
          "chn_pop_2026_CN_100m_R2025A_v1.tif"
        ],
        "analysis_reasons": [
          "WATER_EXCLUDED"
        ],
        "landsat_quality_flag": "HIGH",
        "sentinel_quality_flag": "HIGH"
      }
    },
    {
      "type": "Feature",
      "id": "M4B-R-5EEC8B7710-G-R07-C09",
      "geometry": {
        "type": "Polygon",
        "coordinates": [
          [
            [
              120.14495119374683,
              30.24932761665399
            ],
            [
              120.14495237984062,
              30.251582780360195
            ],
            [
              120.14235476118292,
              30.2515837839818
            ],
            [
              120.14235363439377,
              30.24932862023043
            ],
            [
              120.14495119374683,
              30.24932761665399
            ]
          ]
        ]
      },
      "properties": {
        "grid_id": "M4B-R-5EEC8B7710-G-R07-C09",
        "row": 7,
        "column": 9,
        "analysis_status": "NON_URBAN_WATER",
        "ranking_eligible": false,
        "source_mode": "REAL",
        "population_total": 0.0,
        "population_age_0_14": 0.0,
        "population_age_65_plus": 0.0,
        "elderly_share": 0.0,
        "child_share": 0.0,
        "vulnerability_share_raw": 0.0,
        "lst_median_c": 34.50423434000004,
        "lst_valid_fraction": 1.0,
        "ndvi_median_land": null,
        "green_fraction_land": null,
        "green_fraction_grid_legacy": 0.0,
        "water_fraction_grid": 1.0,
        "sentinel_valid_fraction": 1.0,
        "spatial_heat_score": null,
        "temporal_severity_score": 0.5238709677419354,
        "hazard_score": null,
        "exposure_score": null,
        "vulnerability_score": 0.0,
        "adaptive_capacity_score": null,
        "risk_score": null,
        "risk_percentile_within_aoi": null,
        "hazard_contribution_points": null,
        "exposure_contribution_points": null,
        "vulnerability_contribution_points": 0.0,
        "adaptive_deficit_contribution_points": null,
        "primary_driver": "vulnerability",
        "temporal_context_id": "era5-temporal:pilot_v1:2026-07-31T03Z",
        "source_ids": [
          "LC09_L2SP_119039_20260731_02_T1",
          "S2C_MSIL2A_20260731T023551_R089_T51RTP_20260731T060913",
          "chn_pop_2026_CN_100m_R2025A_v1.tif"
        ],
        "analysis_reasons": [
          "WATER_EXCLUDED"
        ],
        "landsat_quality_flag": "HIGH",
        "sentinel_quality_flag": "HIGH"
      }
    },
    {
      "type": "Feature",
      "id": "M4B-R-5EEC8B7710-G-R07-C10",
      "geometry": {
        "type": "Polygon",
        "coordinates": [
          [
            [
              120.14754875304577,
              30.249326561612104
            ],
            [
              120.14754999844419,
              30.25158172527082
            ],
            [
              120.14495237984062,
              30.251582780360195
            ],
            [
              120.14495119374683,
              30.24932761665399
            ],
            [
              120.14754875304577,
              30.249326561612104
            ]
          ]
        ]
      },
      "properties": {
        "grid_id": "M4B-R-5EEC8B7710-G-R07-C10",
        "row": 7,
        "column": 10,
        "analysis_status": "NON_URBAN_WATER",
        "ranking_eligible": false,
        "source_mode": "REAL",
        "population_total": 0.0,
        "population_age_0_14": 0.0,
        "population_age_65_plus": 0.0,
        "elderly_share": 0.0,
        "child_share": 0.0,
        "vulnerability_share_raw": 0.0,
        "lst_median_c": 34.661463260000005,
        "lst_valid_fraction": 1.0,
        "ndvi_median_land": null,
        "green_fraction_land": null,
        "green_fraction_grid_legacy": 0.0,
        "water_fraction_grid": 1.0,
        "sentinel_valid_fraction": 1.0,
        "spatial_heat_score": null,
        "temporal_severity_score": 0.5238709677419354,
        "hazard_score": null,
        "exposure_score": null,
        "vulnerability_score": 0.0,
        "adaptive_capacity_score": null,
        "risk_score": null,
        "risk_percentile_within_aoi": null,
        "hazard_contribution_points": null,
        "exposure_contribution_points": null,
        "vulnerability_contribution_points": 0.0,
        "adaptive_deficit_contribution_points": null,
        "primary_driver": "vulnerability",
        "temporal_context_id": "era5-temporal:pilot_v1:2026-07-31T03Z",
        "source_ids": [
          "LC09_L2SP_119039_20260731_02_T1",
          "S2C_MSIL2A_20260731T023551_R089_T51RTP_20260731T060913",
          "chn_pop_2026_CN_100m_R2025A_v1.tif"
        ],
        "analysis_reasons": [
          "WATER_EXCLUDED"
        ],
        "landsat_quality_flag": "HIGH",
        "sentinel_quality_flag": "HIGH"
      }
    },
    {
      "type": "Feature",
      "id": "M4B-R-5EEC8B7710-G-R07-C11",
      "geometry": {
        "type": "Polygon",
        "coordinates": [
          [
            [
              120.15014631228784,
              30.249325455104792
            ],
            [
              120.15014761699092,
              30.251580618713707
            ],
            [
              120.14754999844419,
              30.25158172527082
            ],
            [
              120.14754875304577,
              30.249326561612104
            ],
            [
              120.15014631228784,
              30.249325455104792
            ]
          ]
        ]
      },
      "properties": {
        "grid_id": "M4B-R-5EEC8B7710-G-R07-C11",
        "row": 7,
        "column": 11,
        "analysis_status": "NON_URBAN_WATER",
        "ranking_eligible": false,
        "source_mode": "REAL",
        "population_total": 0.0,
        "population_age_0_14": 0.0,
        "population_age_65_plus": 0.0,
        "elderly_share": 0.0,
        "child_share": 0.0,
        "vulnerability_share_raw": 0.0,
        "lst_median_c": 34.91781476000003,
        "lst_valid_fraction": 1.0,
        "ndvi_median_land": null,
        "green_fraction_land": null,
        "green_fraction_grid_legacy": 0.0,
        "water_fraction_grid": 1.0,
        "sentinel_valid_fraction": 1.0,
        "spatial_heat_score": null,
        "temporal_severity_score": 0.5238709677419354,
        "hazard_score": null,
        "exposure_score": null,
        "vulnerability_score": 0.0,
        "adaptive_capacity_score": null,
        "risk_score": null,
        "risk_percentile_within_aoi": null,
        "hazard_contribution_points": null,
        "exposure_contribution_points": null,
        "vulnerability_contribution_points": 0.0,
        "adaptive_deficit_contribution_points": null,
        "primary_driver": "vulnerability",
        "temporal_context_id": "era5-temporal:pilot_v1:2026-07-31T03Z",
        "source_ids": [
          "LC09_L2SP_119039_20260731_02_T1",
          "S2C_MSIL2A_20260731T023551_R089_T51RTP_20260731T060913",
          "chn_pop_2026_CN_100m_R2025A_v1.tif"
        ],
        "analysis_reasons": [
          "WATER_EXCLUDED"
        ],
        "landsat_quality_flag": "HIGH",
        "sentinel_quality_flag": "HIGH"
      }
    },
    {
      "type": "Feature",
      "id": "M4B-R-5EEC8B7710-G-R07-C12",
      "geometry": {
        "type": "Polygon",
        "coordinates": [
          [
            [
              120.15274387147039,
              30.249324297132063
            ],
            [
              120.15274523547806,
              30.25157946068884
            ],
            [
              120.15014761699092,
              30.251580618713707
            ],
            [
              120.15014631228784,
              30.249325455104792
            ],
            [
              120.15274387147039,
              30.249324297132063
            ]
          ]
        ]
      },
      "properties": {
        "grid_id": "M4B-R-5EEC8B7710-G-R07-C12",
        "row": 7,
        "column": 12,
        "analysis_status": "NON_URBAN_WATER",
        "ranking_eligible": false,
        "source_mode": "REAL",
        "population_total": 0.0,
        "population_age_0_14": 0.0,
        "population_age_65_plus": 0.0,
        "elderly_share": 0.0,
        "child_share": 0.0,
        "vulnerability_share_raw": 0.0,
        "lst_median_c": 35.032318430000004,
        "lst_valid_fraction": 1.0,
        "ndvi_median_land": null,
        "green_fraction_land": null,
        "green_fraction_grid_legacy": 0.0,
        "water_fraction_grid": 1.0,
        "sentinel_valid_fraction": 1.0,
        "spatial_heat_score": null,
        "temporal_severity_score": 0.5238709677419354,
        "hazard_score": null,
        "exposure_score": null,
        "vulnerability_score": 0.0,
        "adaptive_capacity_score": null,
        "risk_score": null,
        "risk_percentile_within_aoi": null,
        "hazard_contribution_points": null,
        "exposure_contribution_points": null,
        "vulnerability_contribution_points": 0.0,
        "adaptive_deficit_contribution_points": null,
        "primary_driver": "vulnerability",
        "temporal_context_id": "era5-temporal:pilot_v1:2026-07-31T03Z",
        "source_ids": [
          "LC09_L2SP_119039_20260731_02_T1",
          "S2C_MSIL2A_20260731T023551_R089_T51RTP_20260731T060913",
          "chn_pop_2026_CN_100m_R2025A_v1.tif"
        ],
        "analysis_reasons": [
          "WATER_EXCLUDED"
        ],
        "landsat_quality_flag": "HIGH",
        "sentinel_quality_flag": "HIGH"
      }
    },
    {
      "type": "Feature",
      "id": "M4B-R-5EEC8B7710-G-R07-C13",
      "geometry": {
        "type": "Polygon",
        "coordinates": [
          [
            [
              120.1553414305907,
              30.249323087693888
            ],
            [
              120.155342853903,
              30.25157825119624
            ],
            [
              120.15274523547806,
              30.25157946068884
            ],
            [
              120.15274387147039,
              30.249324297132063
            ],
            [
              120.1553414305907,
              30.249323087693888
            ]
          ]
        ]
      },
      "properties": {
        "grid_id": "M4B-R-5EEC8B7710-G-R07-C13",
        "row": 7,
        "column": 13,
        "analysis_status": "NON_URBAN_WATER",
        "ranking_eligible": false,
        "source_mode": "REAL",
        "population_total": 93.08307605141198,
        "population_age_0_14": 9.641993567899139,
        "population_age_65_plus": 9.49680859247787,
        "elderly_share": 0.10202508334847635,
        "child_share": 0.10358481881898314,
        "vulnerability_share_raw": 0.10249300398962838,
        "lst_median_c": 37.35828104000001,
        "lst_valid_fraction": 1.0,
        "ndvi_median_land": 0.7095500627798976,
        "green_fraction_land": 0.8357142857142857,
        "green_fraction_grid_legacy": 0.3744,
        "water_fraction_grid": 0.552,
        "sentinel_valid_fraction": 1.0,
        "spatial_heat_score": null,
        "temporal_severity_score": 0.5238709677419354,
        "hazard_score": null,
        "exposure_score": null,
        "vulnerability_score": 0.0,
        "adaptive_capacity_score": null,
        "risk_score": null,
        "risk_percentile_within_aoi": null,
        "hazard_contribution_points": null,
        "exposure_contribution_points": null,
        "vulnerability_contribution_points": 0.0,
        "adaptive_deficit_contribution_points": null,
        "primary_driver": "vulnerability",
        "temporal_context_id": "era5-temporal:pilot_v1:2026-07-31T03Z",
        "source_ids": [
          "LC09_L2SP_119039_20260731_02_T1",
          "S2C_MSIL2A_20260731T023551_R089_T51RTP_20260731T060913",
          "chn_pop_2026_CN_100m_R2025A_v1.tif"
        ],
        "analysis_reasons": [
          "WATER_EXCLUDED"
        ],
        "landsat_quality_flag": "HIGH",
        "sentinel_quality_flag": "HIGH"
      }
    },
    {
      "type": "Feature",
      "id": "M4B-R-5EEC8B7710-G-R07-C14",
      "geometry": {
        "type": "Polygon",
        "coordinates": [
          [
            [
              120.15793898964603,
              30.249321826790297
            ],
            [
              120.15794047226291,
              30.25157699023589
            ],
            [
              120.155342853903,
              30.25157825119624
            ],
            [
              120.1553414305907,
              30.249323087693888
            ],
            [
              120.15793898964603,
              30.249321826790297
            ]
          ]
        ]
      },
      "properties": {
        "grid_id": "M4B-R-5EEC8B7710-G-R07-C14",
        "row": 7,
        "column": 14,
        "analysis_status": "ANALYZABLE_LAND",
        "ranking_eligible": true,
        "source_mode": "REAL",
        "population_total": 842.780018122053,
        "population_age_0_14": 87.29921590729163,
        "population_age_65_plus": 85.9846939176397,
        "elderly_share": 0.10202507424088837,
        "child_share": 0.10358481932428634,
        "vulnerability_share_raw": 0.10249299776590774,
        "lst_median_c": 45.014645840000014,
        "lst_valid_fraction": 1.0,
        "ndvi_median_land": 0.5826901713197282,
        "green_fraction_land": 0.7712,
        "green_fraction_grid_legacy": 0.7712,
        "water_fraction_grid": 0.0,
        "sentinel_valid_fraction": 1.0,
        "spatial_heat_score": 0.37261146496815284,
        "temporal_severity_score": 0.5238709677419354,
        "hazard_score": 0.41798931580028753,
        "exposure_score": 0.8659946407891975,
        "vulnerability_score": 0.0,
        "adaptive_capacity_score": 0.7712,
        "risk_score": 41.80143865174144,
        "risk_percentile_within_aoi": 0.3471337579617834,
        "hazard_contribution_points": 16.719572632011502,
        "exposure_contribution_points": 21.649866019729938,
        "vulnerability_contribution_points": 0.0,
        "adaptive_deficit_contribution_points": 3.432,
        "primary_driver": "exposure",
        "temporal_context_id": "era5-temporal:pilot_v1:2026-07-31T03Z",
        "source_ids": [
          "LC09_L2SP_119039_20260731_02_T1",
          "S2C_MSIL2A_20260731T023551_R089_T51RTP_20260731T060913",
          "chn_pop_2026_CN_100m_R2025A_v1.tif"
        ],
        "analysis_reasons": [],
        "landsat_quality_flag": "HIGH",
        "sentinel_quality_flag": "HIGH"
      }
    },
    {
      "type": "Feature",
      "id": "M4B-R-5EEC8B7710-G-R07-C15",
      "geometry": {
        "type": "Polygon",
        "coordinates": [
          [
            [
              120.16053654863369,
              30.24932051442128
            ],
            [
              120.16053809055518,
              30.25157567780781
            ],
            [
              120.15794047226291,
              30.25157699023589
            ],
            [
              120.15793898964603,
              30.249321826790297
            ],
            [
              120.16053654863369,
              30.24932051442128
            ]
          ]
        ]
      },
      "properties": {
        "grid_id": "M4B-R-5EEC8B7710-G-R07-C15",
        "row": 7,
        "column": 15,
        "analysis_status": "ANALYZABLE_LAND",
        "ranking_eligible": true,
        "source_mode": "REAL",
        "population_total": 1251.6005752526532,
        "population_age_0_14": 129.64682291471254,
        "population_age_65_plus": 127.6946433984204,
        "elderly_share": 0.10202507566972269,
        "child_share": 0.10358482208954042,
        "vulnerability_share_raw": 0.10249299959566802,
        "lst_median_c": 46.66213148000003,
        "lst_valid_fraction": 1.0,
        "ndvi_median_land": 0.4368140942731398,
        "green_fraction_land": 0.712,
        "green_fraction_grid_legacy": 0.712,
        "water_fraction_grid": 0.0,
        "sentinel_valid_fraction": 1.0,
        "spatial_heat_score": 0.49044585987261147,
        "temporal_severity_score": 0.5238709677419354,
        "hazard_score": 0.5004733922334086,
        "exposure_score": 0.9495299440200807,
        "vulnerability_score": 8.900700267664002e-10,
        "adaptive_capacity_score": 0.712,
        "risk_score": 48.07718430763976,
        "risk_percentile_within_aoi": 0.4140127388535032,
        "hazard_contribution_points": 20.018935689336345,
        "exposure_contribution_points": 23.73824860050202,
        "vulnerability_contribution_points": 1.7801400535328003e-08,
        "adaptive_deficit_contribution_points": 4.32,
        "primary_driver": "exposure",
        "temporal_context_id": "era5-temporal:pilot_v1:2026-07-31T03Z",
        "source_ids": [
          "LC09_L2SP_119039_20260731_02_T1",
          "S2C_MSIL2A_20260731T023551_R089_T51RTP_20260731T060913",
          "chn_pop_2026_CN_100m_R2025A_v1.tif"
        ],
        "analysis_reasons": [],
        "landsat_quality_flag": "HIGH",
        "sentinel_quality_flag": "HIGH"
      }
    },
    {
      "type": "Feature",
      "id": "M4B-R-5EEC8B7710-G-R07-C16",
      "geometry": {
        "type": "Polygon",
        "coordinates": [
          [
            [
              120.16313410755097,
              30.24931915058686
            ],
            [
              120.16313570877705,
              30.251574313912005
            ],
            [
              120.16053809055518,
              30.25157567780781
            ],
            [
              120.16053654863369,
              30.24932051442128
            ],
            [
              120.16313410755097,
              30.24931915058686
            ]
          ]
        ]
      },
      "properties": {
        "grid_id": "M4B-R-5EEC8B7710-G-R07-C16",
        "row": 7,
        "column": 16,
        "analysis_status": "ANALYZABLE_LAND",
        "ranking_eligible": true,
        "source_mode": "REAL",
        "population_total": 1475.5648746404738,
        "population_age_0_14": 152.8461266301814,
        "population_age_65_plus": 150.54461867557882,
        "elderly_share": 0.10202507613381587,
        "child_share": 0.10358482317995192,
        "vulnerability_share_raw": 0.10249300024765669,
        "lst_median_c": 49.54523135000002,
        "lst_valid_fraction": 1.0,
        "ndvi_median_land": 0.2952096656988602,
        "green_fraction_land": 0.4944,
        "green_fraction_grid_legacy": 0.4944,
        "water_fraction_grid": 0.0,
        "sentinel_valid_fraction": 1.0,
        "spatial_heat_score": 0.8535031847133758,
        "temporal_severity_score": 0.5238709677419354,
        "hazard_score": 0.7546135196219437,
        "exposure_score": 0.9843104468285429,
        "vulnerability_score": 1.7243870332032307e-08,
        "adaptive_capacity_score": 0.4944,
        "risk_score": 62.37630230046874,
        "risk_percentile_within_aoi": 0.6910828025477707,
        "hazard_contribution_points": 30.184540784877747,
        "exposure_contribution_points": 24.607761170713573,
        "vulnerability_contribution_points": 3.4487740664064613e-07,
        "adaptive_deficit_contribution_points": 7.5840000000000005,
        "primary_driver": "hazard",
        "temporal_context_id": "era5-temporal:pilot_v1:2026-07-31T03Z",
        "source_ids": [
          "LC09_L2SP_119039_20260731_02_T1",
          "S2C_MSIL2A_20260731T023551_R089_T51RTP_20260731T060913",
          "chn_pop_2026_CN_100m_R2025A_v1.tif"
        ],
        "analysis_reasons": [],
        "landsat_quality_flag": "HIGH",
        "sentinel_quality_flag": "HIGH"
      }
    },
    {
      "type": "Feature",
      "id": "M4B-R-5EEC8B7710-G-R07-C17",
      "geometry": {
        "type": "Polygon",
        "coordinates": [
          [
            [
              120.16573166639517,
              30.249317735287022
            ],
            [
              120.16573332692583,
              30.251572898548467
            ],
            [
              120.16313570877705,
              30.251574313912005
            ],
            [
              120.16313410755097,
              30.24931915058686
            ],
            [
              120.16573166639517,
              30.249317735287022
            ]
          ]
        ]
      },
      "properties": {
        "grid_id": "M4B-R-5EEC8B7710-G-R07-C17",
        "row": 7,
        "column": 17,
        "analysis_status": "ANALYZABLE_LAND",
        "ranking_eligible": true,
        "source_mode": "REAL",
        "population_total": 1776.2836405862952,
        "population_age_0_14": 183.99602534300607,
        "population_age_65_plus": 181.2254783558557,
        "elderly_share": 0.10202507877404021,
        "child_share": 0.10358482234418079,
        "vulnerability_share_raw": 0.10249300184508238,
        "lst_median_c": 51.61655147000002,
        "lst_valid_fraction": 1.0,
        "ndvi_median_land": 0.19936023079662288,
        "green_fraction_land": 0.3008,
        "green_fraction_grid_legacy": 0.3008,
        "water_fraction_grid": 0.0,
        "sentinel_valid_fraction": 1.0,
        "spatial_heat_score": 0.9904458598726115,
        "temporal_severity_score": 0.5238709677419354,
        "hazard_score": 0.8504733922334087,
        "exposure_score": 1.0,
        "vulnerability_score": 5.731202168419264e-08,
        "adaptive_capacity_score": 0.3008,
        "risk_score": 69.50693683557678,
        "risk_percentile_within_aoi": 0.821656050955414,
        "hazard_contribution_points": 34.018935689336345,
        "exposure_contribution_points": 25.0,
        "vulnerability_contribution_points": 1.1462404336838526e-06,
        "adaptive_deficit_contribution_points": 10.488000000000001,
        "primary_driver": "hazard",
        "temporal_context_id": "era5-temporal:pilot_v1:2026-07-31T03Z",
        "source_ids": [
          "LC09_L2SP_119039_20260731_02_T1",
          "S2C_MSIL2A_20260731T023551_R089_T51RTP_20260731T060913",
          "chn_pop_2026_CN_100m_R2025A_v1.tif"
        ],
        "analysis_reasons": [],
        "landsat_quality_flag": "HIGH",
        "sentinel_quality_flag": "HIGH"
      }
    },
    {
      "type": "Feature",
      "id": "M4B-R-5EEC8B7710-G-R07-C18",
      "geometry": {
        "type": "Polygon",
        "coordinates": [
          [
            [
              120.16832922516362,
              30.249316268521785
            ],
            [
              120.16833094499881,
              30.2515714317172
            ],
            [
              120.16573332692583,
              30.251572898548467
            ],
            [
              120.16573166639517,
              30.249317735287022
            ],
            [
              120.16832922516362,
              30.249316268521785
            ]
          ]
        ]
      },
      "properties": {
        "grid_id": "M4B-R-5EEC8B7710-G-R07-C18",
        "row": 7,
        "column": 18,
        "analysis_status": "ANALYZABLE_LAND",
        "ranking_eligible": true,
        "source_mode": "REAL",
        "population_total": 1652.5793454625375,
        "population_age_0_14": 171.1821343759059,
        "population_age_65_plus": 168.60453590523358,
        "elderly_share": 0.10202507756627151,
        "child_share": 0.10358482020601197,
        "vulnerability_share_raw": 0.10249300035819363,
        "lst_median_c": 49.44781778000001,
        "lst_valid_fraction": 1.0,
        "ndvi_median_land": 0.1657477716597009,
        "green_fraction_land": 0.2976,
        "green_fraction_grid_legacy": 0.2976,
        "water_fraction_grid": 0.0,
        "sentinel_valid_fraction": 1.0,
        "spatial_heat_score": 0.8343949044585988,
        "temporal_severity_score": 0.5238709677419354,
        "hazard_score": 0.7412377234435997,
        "exposure_score": 1.0,
        "vulnerability_score": 2.001646306882646e-08,
        "adaptive_capacity_score": 0.2976,
        "risk_score": 65.18550933807325,
        "risk_percentile_within_aoi": 0.7420382165605095,
        "hazard_contribution_points": 29.649508937743988,
        "exposure_contribution_points": 25.0,
        "vulnerability_contribution_points": 4.003292613765292e-07,
        "adaptive_deficit_contribution_points": 10.536,
        "primary_driver": "hazard",
        "temporal_context_id": "era5-temporal:pilot_v1:2026-07-31T03Z",
        "source_ids": [
          "LC09_L2SP_119039_20260731_02_T1",
          "S2C_MSIL2A_20260731T023551_R089_T51RTP_20260731T060913",
          "chn_pop_2026_CN_100m_R2025A_v1.tif"
        ],
        "analysis_reasons": [],
        "landsat_quality_flag": "HIGH",
        "sentinel_quality_flag": "HIGH"
      }
    },
    {
      "type": "Feature",
      "id": "M4B-R-5EEC8B7710-G-R07-C19",
      "geometry": {
        "type": "Polygon",
        "coordinates": [
          [
            [
              120.17092678385353,
              30.249314750291138
            ],
            [
              120.1709285629933,
              30.251569913418216
            ],
            [
              120.16833094499881,
              30.2515714317172
            ],
            [
              120.16832922516362,
              30.249316268521785
            ],
            [
              120.17092678385353,
              30.249314750291138
            ]
          ]
        ]
      },
      "properties": {
        "grid_id": "M4B-R-5EEC8B7710-G-R07-C19",
        "row": 7,
        "column": 19,
        "analysis_status": "ANALYZABLE_LAND",
        "ranking_eligible": true,
        "source_mode": "REAL",
        "population_total": 995.4612743904304,
        "population_age_0_14": 103.11468074926832,
        "population_age_65_plus": 101.56201555460486,
        "elderly_share": 0.10202507939527455,
        "child_share": 0.10358482384200277,
        "vulnerability_share_raw": 0.10249300272929301,
        "lst_median_c": 49.35724025000002,
        "lst_valid_fraction": 1.0,
        "ndvi_median_land": 0.3076311265969372,
        "green_fraction_land": 0.5152,
        "green_fraction_grid_legacy": 0.5152,
        "water_fraction_grid": 0.0,
        "sentinel_valid_fraction": 1.0,
        "spatial_heat_score": 0.8184713375796179,
        "temporal_severity_score": 0.5238709677419354,
        "hazard_score": 0.7300912266283132,
        "exposure_score": 0.9011603695599003,
        "vulnerability_score": 7.949063427604629e-08,
        "adaptive_capacity_score": 0.5152,
        "risk_score": 59.004659893942716,
        "risk_percentile_within_aoi": 0.60828025477707,
        "hazard_contribution_points": 29.203649065132527,
        "exposure_contribution_points": 22.529009238997507,
        "vulnerability_contribution_points": 1.5898126855209259e-06,
        "adaptive_deficit_contribution_points": 7.272,
        "primary_driver": "hazard",
        "temporal_context_id": "era5-temporal:pilot_v1:2026-07-31T03Z",
        "source_ids": [
          "LC09_L2SP_119039_20260731_02_T1",
          "S2C_MSIL2A_20260731T023551_R089_T51RTP_20260731T060913",
          "chn_pop_2026_CN_100m_R2025A_v1.tif"
        ],
        "analysis_reasons": [],
        "landsat_quality_flag": "HIGH",
        "sentinel_quality_flag": "HIGH"
      }
    },
    {
      "type": "Feature",
      "id": "M4B-R-5EEC8B7710-G-R08-C00",
      "geometry": {
        "type": "Polygon",
        "coordinates": [
          [
            [
              120.12157381029701,
              30.251589960115243
            ],
            [
              120.12157446270794,
              30.253845123367483
            ],
            [
              120.11897678437471,
              30.253845663803517
            ],
            [
              120.11897619127383,
              30.25159050052696
            ],
            [
              120.12157381029701,
              30.251589960115243
            ]
          ]
        ]
      },
      "properties": {
        "grid_id": "M4B-R-5EEC8B7710-G-R08-C00",
        "row": 8,
        "column": 0,
        "analysis_status": "ANALYZABLE_LAND",
        "ranking_eligible": true,
        "source_mode": "REAL",
        "population_total": 113.0598059867183,
        "population_age_0_14": 12.576677675607968,
        "population_age_65_plus": 12.580698591391293,
        "elderly_share": 0.11127472298041277,
        "child_share": 0.11123915847764158,
        "vulnerability_share_raw": 0.1112640536295814,
        "lst_median_c": 40.94720203999998,
        "lst_valid_fraction": 1.0,
        "ndvi_median_land": 0.8069809369580792,
        "green_fraction_land": 0.9424,
        "green_fraction_grid_legacy": 0.9424,
        "water_fraction_grid": 0.0,
        "sentinel_valid_fraction": 1.0,
        "spatial_heat_score": 0.2356687898089172,
        "temporal_severity_score": 0.5238709677419354,
        "hazard_score": 0.32212944318882264,
        "exposure_score": 0.44287526425456114,
        "vulnerability_score": 0.22000392493460202,
        "adaptive_capacity_score": 0.9424,
        "risk_score": 29.221137832608974,
        "risk_percentile_within_aoi": 0.24203821656050956,
        "hazard_contribution_points": 12.885177727552906,
        "exposure_contribution_points": 11.071881606364029,
        "vulnerability_contribution_points": 4.40007849869204,
        "adaptive_deficit_contribution_points": 0.8639999999999998,
        "primary_driver": "hazard",
        "temporal_context_id": "era5-temporal:pilot_v1:2026-07-31T03Z",
        "source_ids": [
          "LC09_L2SP_119039_20260731_02_T1",
          "S2C_MSIL2A_20260731T023551_R089_T51RTP_20260731T060913",
          "chn_pop_2026_CN_100m_R2025A_v1.tif"
        ],
        "analysis_reasons": [],
        "landsat_quality_flag": "HIGH",
        "sentinel_quality_flag": "HIGH"
      }
    },
    {
      "type": "Feature",
      "id": "M4B-R-5EEC8B7710-G-R08-C01",
      "geometry": {
        "type": "Polygon",
        "coordinates": [
          [
            [
              120.1241714292904,
              30.25158936823576
            ],
            [
              120.12417214101139,
              30.253844531461347
            ],
            [
              120.12157446270794,
              30.253845123367483
            ],
            [
              120.12157381029701,
              30.251589960115243
            ],
            [
              120.1241714292904,
              30.25158936823576
            ]
          ]
        ]
      },
      "properties": {
        "grid_id": "M4B-R-5EEC8B7710-G-R08-C01",
        "row": 8,
        "column": 1,
        "analysis_status": "ANALYZABLE_LAND",
        "ranking_eligible": true,
        "source_mode": "REAL",
        "population_total": 64.53055516600092,
        "population_age_0_14": 7.178325838119548,
        "population_age_65_plus": 7.180619253645331,
        "elderly_share": 0.1112747168403189,
        "child_share": 0.11123917684659217,
        "vulnerability_share_raw": 0.11126405484220088,
        "lst_median_c": 41.032652540000015,
        "lst_valid_fraction": 1.0,
        "ndvi_median_land": 0.6983050043481189,
        "green_fraction_land": 0.8256,
        "green_fraction_grid_legacy": 0.8256,
        "water_fraction_grid": 0.0,
        "sentinel_valid_fraction": 1.0,
        "spatial_heat_score": 0.24522292993630573,
        "temporal_severity_score": 0.5238709677419354,
        "hazard_score": 0.3288173412779946,
        "exposure_score": 0.32569601612770727,
        "vulnerability_score": 0.2200039553506777,
        "adaptive_capacity_score": 0.8256,
        "risk_score": 28.311173161326025,
        "risk_percentile_within_aoi": 0.2229299363057325,
        "hazard_contribution_points": 13.152693651119785,
        "exposure_contribution_points": 8.142400403192681,
        "vulnerability_contribution_points": 4.400079107013554,
        "adaptive_deficit_contribution_points": 2.616,
        "primary_driver": "hazard",
        "temporal_context_id": "era5-temporal:pilot_v1:2026-07-31T03Z",
        "source_ids": [
          "LC09_L2SP_119039_20260731_02_T1",
          "S2C_MSIL2A_20260731T023551_R089_T51RTP_20260731T060913",
          "chn_pop_2026_CN_100m_R2025A_v1.tif"
        ],
        "analysis_reasons": [],
        "landsat_quality_flag": "HIGH",
        "sentinel_quality_flag": "HIGH"
      }
    },
    {
      "type": "Feature",
      "id": "M4B-R-5EEC8B7710-G-R08-C02",
      "geometry": {
        "type": "Polygon",
        "coordinates": [
          [
            [
              120.12676904825129,
              30.251588724888496
            ],
            [
              120.12676981928234,
              30.253843888085125
            ],
            [
              120.12417214101139,
              30.253844531461347
            ],
            [
              120.1241714292904,
              30.25158936823576
            ],
            [
              120.12676904825129,
              30.251588724888496
            ]
          ]
        ]
      },
      "properties": {
        "grid_id": "M4B-R-5EEC8B7710-G-R08-C02",
        "row": 8,
        "column": 2,
        "analysis_status": "ANALYZABLE_LAND",
        "ranking_eligible": true,
        "source_mode": "REAL",
        "population_total": 66.19064921167215,
        "population_age_0_14": 7.362991712635976,
        "population_age_65_plus": 7.3653469349626395,
        "elderly_share": 0.11127473476516112,
        "child_share": 0.11123915236259045,
        "vulnerability_share_raw": 0.1112640600443899,
        "lst_median_c": 39.24673709000004,
        "lst_valid_fraction": 1.0,
        "ndvi_median_land": 0.8161530781767312,
        "green_fraction_land": 0.9424,
        "green_fraction_grid_legacy": 0.9424,
        "water_fraction_grid": 0.0,
        "sentinel_valid_fraction": 1.0,
        "spatial_heat_score": 0.1337579617834395,
        "temporal_severity_score": 0.5238709677419354,
        "hazard_score": 0.25079186357098826,
        "exposure_score": 0.330985632723464,
        "vulnerability_score": 0.2200040858369334,
        "adaptive_capacity_score": 0.9424,
        "risk_score": 23.570397077664797,
        "risk_percentile_within_aoi": 0.16878980891719744,
        "hazard_contribution_points": 10.03167454283953,
        "exposure_contribution_points": 8.2746408180866,
        "vulnerability_contribution_points": 4.400081716738668,
        "adaptive_deficit_contribution_points": 0.8639999999999998,
        "primary_driver": "hazard",
        "temporal_context_id": "era5-temporal:pilot_v1:2026-07-31T03Z",
        "source_ids": [
          "LC09_L2SP_119039_20260731_02_T1",
          "S2C_MSIL2A_20260731T023551_R089_T51RTP_20260731T060913",
          "chn_pop_2026_CN_100m_R2025A_v1.tif"
        ],
        "analysis_reasons": [],
        "landsat_quality_flag": "HIGH",
        "sentinel_quality_flag": "HIGH"
      }
    },
    {
      "type": "Feature",
      "id": "M4B-R-5EEC8B7710-G-R08-C03",
      "geometry": {
        "type": "Polygon",
        "coordinates": [
          [
            [
              120.12936666717698,
              30.251588030073464
            ],
            [
              120.12936749751812,
              30.253843193238822
            ],
            [
              120.12676981928234,
              30.253843888085125
            ],
            [
              120.12676904825129,
              30.251588724888496
            ],
            [
              120.12936666717698,
              30.251588030073464
            ]
          ]
        ]
      },
      "properties": {
        "grid_id": "M4B-R-5EEC8B7710-G-R08-C03",
        "row": 8,
        "column": 3,
        "analysis_status": "ANALYZABLE_LAND",
        "ranking_eligible": true,
        "source_mode": "REAL",
        "population_total": 25.150927183128427,
        "population_age_0_14": 2.7977668947213905,
        "population_age_65_plus": 2.798663573386513,
        "elderly_share": 0.11127476744729686,
        "child_share": 0.11123911553440341,
        "vulnerability_share_raw": 0.11126407187342882,
        "lst_median_c": 38.04188504000001,
        "lst_valid_fraction": 1.0,
        "ndvi_median_land": 0.7950773108413206,
        "green_fraction_land": 0.9264,
        "green_fraction_grid_legacy": 0.9264,
        "water_fraction_grid": 0.0,
        "sentinel_valid_fraction": 1.0,
        "spatial_heat_score": 0.054140127388535034,
        "temporal_severity_score": 0.5238709677419354,
        "hazard_score": 0.19505937949455512,
        "exposure_score": 0.13146406049777798,
        "vulnerability_score": 0.2200043825441443,
        "adaptive_capacity_score": 0.9264,
        "risk_score": 16.593064343109543,
        "risk_percentile_within_aoi": 0.07006369426751592,
        "hazard_contribution_points": 7.802375179782205,
        "exposure_contribution_points": 3.2866015124444496,
        "vulnerability_contribution_points": 4.400087650882886,
        "adaptive_deficit_contribution_points": 1.104,
        "primary_driver": "hazard",
        "temporal_context_id": "era5-temporal:pilot_v1:2026-07-31T03Z",
        "source_ids": [
          "LC09_L2SP_119039_20260731_02_T1",
          "S2C_MSIL2A_20260731T023551_R089_T51RTP_20260731T060913",
          "chn_pop_2026_CN_100m_R2025A_v1.tif"
        ],
        "analysis_reasons": [],
        "landsat_quality_flag": "HIGH",
        "sentinel_quality_flag": "HIGH"
      }
    },
    {
      "type": "Feature",
      "id": "M4B-R-5EEC8B7710-G-R08-C04",
      "geometry": {
        "type": "Polygon",
        "coordinates": [
          [
            [
              120.1319642860648,
              30.251587283790656
            ],
            [
              120.13196517571598,
              30.25384244692243
            ],
            [
              120.12936749751812,
              30.253843193238822
            ],
            [
              120.12936666717698,
              30.251588030073464
            ],
            [
              120.1319642860648,
              30.251587283790656
            ]
          ]
        ]
      },
      "properties": {
        "grid_id": "M4B-R-5EEC8B7710-G-R08-C04",
        "row": 8,
        "column": 4,
        "analysis_status": "ANALYZABLE_LAND",
        "ranking_eligible": true,
        "source_mode": "REAL",
        "population_total": 27.378132127500667,
        "population_age_0_14": 3.045520095495325,
        "population_age_65_plus": 3.0464957054178083,
        "elderly_share": 0.11127478278029339,
        "child_share": 0.11123914813882334,
        "vulnerability_share_raw": 0.11126409238785237,
        "lst_median_c": 38.44692041000002,
        "lst_valid_fraction": 1.0,
        "ndvi_median_land": 0.4066638171449098,
        "green_fraction_land": 0.5510204081632653,
        "green_fraction_grid_legacy": 0.432,
        "water_fraction_grid": 0.216,
        "sentinel_valid_fraction": 1.0,
        "spatial_heat_score": 0.07006369426751592,
        "temporal_severity_score": 0.5238709677419354,
        "hazard_score": 0.20620587630984175,
        "exposure_score": 0.14874562366164573,
        "vulnerability_score": 0.2200048971064378,
        "adaptive_capacity_score": 0.5510204081632653,
        "risk_score": 23.101667463614593,
        "risk_percentile_within_aoi": 0.1592356687898089,
        "hazard_contribution_points": 8.24823505239367,
        "exposure_contribution_points": 3.7186405915411433,
        "vulnerability_contribution_points": 4.400097942128756,
        "adaptive_deficit_contribution_points": 6.734693877551021,
        "primary_driver": "hazard",
        "temporal_context_id": "era5-temporal:pilot_v1:2026-07-31T03Z",
        "source_ids": [
          "LC09_L2SP_119039_20260731_02_T1",
          "S2C_MSIL2A_20260731T023551_R089_T51RTP_20260731T060913",
          "chn_pop_2026_CN_100m_R2025A_v1.tif"
        ],
        "analysis_reasons": [],
        "landsat_quality_flag": "HIGH",
        "sentinel_quality_flag": "HIGH"
      }
    },
    {
      "type": "Feature",
      "id": "M4B-R-5EEC8B7710-G-R08-C05",
      "geometry": {
        "type": "Polygon",
        "coordinates": [
          [
            [
              120.134561904912,
              30.251586486040097
            ],
            [
              120.13456285387325,
              30.25384164913595
            ],
            [
              120.13196517571598,
              30.25384244692243
            ],
            [
              120.1319642860648,
              30.251587283790656
            ],
            [
              120.134561904912,
              30.251586486040097
            ]
          ]
        ]
      },
      "properties": {
        "grid_id": "M4B-R-5EEC8B7710-G-R08-C05",
        "row": 8,
        "column": 5,
        "analysis_status": "NON_URBAN_WATER",
        "ranking_eligible": false,
        "source_mode": "REAL",
        "population_total": 5.410069013808542,
        "population_age_0_14": 0.6018112692601586,
        "population_age_65_plus": 0.6020064413116663,
        "elderly_share": 0.11127518702166611,
        "child_share": 0.11123911131708462,
        "vulnerability_share_raw": 0.11126436431029166,
        "lst_median_c": 35.16733022000005,
        "lst_valid_fraction": 1.0,
        "ndvi_median_land": 0.8168483017192284,
        "green_fraction_land": 0.8421052631578947,
        "green_fraction_grid_legacy": 0.2304,
        "water_fraction_grid": 0.7264,
        "sentinel_valid_fraction": 1.0,
        "spatial_heat_score": null,
        "temporal_severity_score": 0.5238709677419354,
        "hazard_score": null,
        "exposure_score": null,
        "vulnerability_score": 0.0,
        "adaptive_capacity_score": null,
        "risk_score": null,
        "risk_percentile_within_aoi": null,
        "hazard_contribution_points": null,
        "exposure_contribution_points": null,
        "vulnerability_contribution_points": 0.0,
        "adaptive_deficit_contribution_points": null,
        "primary_driver": "vulnerability",
        "temporal_context_id": "era5-temporal:pilot_v1:2026-07-31T03Z",
        "source_ids": [
          "LC09_L2SP_119039_20260731_02_T1",
          "S2C_MSIL2A_20260731T023551_R089_T51RTP_20260731T060913",
          "chn_pop_2026_CN_100m_R2025A_v1.tif"
        ],
        "analysis_reasons": [
          "WATER_EXCLUDED"
        ],
        "landsat_quality_flag": "HIGH",
        "sentinel_quality_flag": "HIGH"
      }
    },
    {
      "type": "Feature",
      "id": "M4B-R-5EEC8B7710-G-R08-C06",
      "geometry": {
        "type": "Polygon",
        "coordinates": [
          [
            [
              120.13715952371588,
              30.251585636821762
            ],
            [
              120.13716053198716,
              30.253840799879395
            ],
            [
              120.13456285387325,
              30.25384164913595
            ],
            [
              120.134561904912,
              30.251586486040097
            ],
            [
              120.13715952371588,
              30.251585636821762
            ]
          ]
        ]
      },
      "properties": {
        "grid_id": "M4B-R-5EEC8B7710-G-R08-C06",
        "row": 8,
        "column": 6,
        "analysis_status": "ANALYZABLE_LAND",
        "ranking_eligible": true,
        "source_mode": "REAL",
        "population_total": 48.95290302900819,
        "population_age_0_14": 5.445479319044734,
        "population_age_65_plus": 5.447219932185263,
        "elderly_share": 0.11127470681273764,
        "child_share": 0.11123914991962557,
        "vulnerability_share_raw": 0.111264039744804,
        "lst_median_c": 38.769923300000016,
        "lst_valid_fraction": 1.0,
        "ndvi_median_land": 0.8232111834252293,
        "green_fraction_land": 0.9701492537313433,
        "green_fraction_grid_legacy": 0.624,
        "water_fraction_grid": 0.3568,
        "sentinel_valid_fraction": 1.0,
        "spatial_heat_score": 0.09554140127388536,
        "temporal_severity_score": 0.5238709677419354,
        "hazard_score": 0.22404027121430037,
        "exposure_score": 0.2683046633360051,
        "vulnerability_score": 0.22000357666340223,
        "adaptive_capacity_score": 0.9701492537313433,
        "risk_score": 20.517060159270038,
        "risk_percentile_within_aoi": 0.12101910828025478,
        "hazard_contribution_points": 8.961610848572015,
        "exposure_contribution_points": 6.707616583400128,
        "vulnerability_contribution_points": 4.4000715332680445,
        "adaptive_deficit_contribution_points": 0.4477611940298504,
        "primary_driver": "hazard",
        "temporal_context_id": "era5-temporal:pilot_v1:2026-07-31T03Z",
        "source_ids": [
          "LC09_L2SP_119039_20260731_02_T1",
          "S2C_MSIL2A_20260731T023551_R089_T51RTP_20260731T060913",
          "chn_pop_2026_CN_100m_R2025A_v1.tif"
        ],
        "analysis_reasons": [],
        "landsat_quality_flag": "HIGH",
        "sentinel_quality_flag": "HIGH"
      }
    },
    {
      "type": "Feature",
      "id": "M4B-R-5EEC8B7710-G-R08-C07",
      "geometry": {
        "type": "Polygon",
        "coordinates": [
          [
            [
              120.13975714247377,
              30.25158473613565
            ],
            [
              120.13975821005506,
              30.253839899152755
            ],
            [
              120.13716053198716,
              30.253840799879395
            ],
            [
              120.13715952371588,
              30.251585636821762
            ],
            [
              120.13975714247377,
              30.25158473613565
            ]
          ]
        ]
      },
      "properties": {
        "grid_id": "M4B-R-5EEC8B7710-G-R08-C07",
        "row": 8,
        "column": 7,
        "analysis_status": "ANALYZABLE_LAND",
        "ranking_eligible": true,
        "source_mode": "REAL",
        "population_total": 57.55127564308918,
        "population_age_0_14": 6.4019574067610385,
        "population_age_65_plus": 6.404001507671003,
        "elderly_share": 0.11127471000618912,
        "child_share": 0.11123919209825182,
        "vulnerability_share_raw": 0.11126405463380792,
        "lst_median_c": 39.03140183000002,
        "lst_valid_fraction": 1.0,
        "ndvi_median_land": 0.6305331825108389,
        "green_fraction_land": 0.935672514619883,
        "green_fraction_grid_legacy": 0.512,
        "water_fraction_grid": 0.4528,
        "sentinel_valid_fraction": 1.0,
        "spatial_heat_score": 0.11464968152866242,
        "temporal_severity_score": 0.5238709677419354,
        "hazard_score": 0.23741606739264431,
        "exposure_score": 0.3018854239100551,
        "vulnerability_score": 0.22000395012356727,
        "adaptive_capacity_score": 0.935672514619883,
        "risk_score": 22.408769576630252,
        "risk_percentile_within_aoi": 0.1464968152866242,
        "hazard_contribution_points": 9.496642695705773,
        "exposure_contribution_points": 7.547135597751377,
        "vulnerability_contribution_points": 4.400079002471346,
        "adaptive_deficit_contribution_points": 0.9649122807017552,
        "primary_driver": "hazard",
        "temporal_context_id": "era5-temporal:pilot_v1:2026-07-31T03Z",
        "source_ids": [
          "LC09_L2SP_119039_20260731_02_T1",
          "S2C_MSIL2A_20260731T023551_R089_T51RTP_20260731T060913",
          "chn_pop_2026_CN_100m_R2025A_v1.tif"
        ],
        "analysis_reasons": [],
        "landsat_quality_flag": "HIGH",
        "sentinel_quality_flag": "HIGH"
      }
    },
    {
      "type": "Feature",
      "id": "M4B-R-5EEC8B7710-G-R08-C08",
      "geometry": {
        "type": "Polygon",
        "coordinates": [
          [
            [
              120.14235476118292,
              30.2515837839818
            ],
            [
              120.14235588807423,
              30.253838946956034
            ],
            [
              120.13975821005506,
              30.253839899152755
            ],
            [
              120.13975714247377,
              30.25158473613565
            ],
            [
              120.14235476118292,
              30.2515837839818
            ]
          ]
        ]
      },
      "properties": {
        "grid_id": "M4B-R-5EEC8B7710-G-R08-C08",
        "row": 8,
        "column": 8,
        "analysis_status": "NON_URBAN_WATER",
        "ranking_eligible": false,
        "source_mode": "REAL",
        "population_total": 7.771310162443243,
        "population_age_0_14": 0.8644737447894539,
        "population_age_65_plus": 0.8647497559303451,
        "elderly_share": 0.11127464196570867,
        "child_share": 0.11123912528510763,
        "vulnerability_share_raw": 0.11126398696152835,
        "lst_median_c": 35.12289596000005,
        "lst_valid_fraction": 1.0,
        "ndvi_median_land": 0.762818882391694,
        "green_fraction_land": 1.0,
        "green_fraction_grid_legacy": 0.12,
        "water_fraction_grid": 0.88,
        "sentinel_valid_fraction": 1.0,
        "spatial_heat_score": null,
        "temporal_severity_score": 0.5238709677419354,
        "hazard_score": null,
        "exposure_score": null,
        "vulnerability_score": 0.0,
        "adaptive_capacity_score": null,
        "risk_score": null,
        "risk_percentile_within_aoi": null,
        "hazard_contribution_points": null,
        "exposure_contribution_points": null,
        "vulnerability_contribution_points": 0.0,
        "adaptive_deficit_contribution_points": null,
        "primary_driver": "vulnerability",
        "temporal_context_id": "era5-temporal:pilot_v1:2026-07-31T03Z",
        "source_ids": [
          "LC09_L2SP_119039_20260731_02_T1",
          "S2C_MSIL2A_20260731T023551_R089_T51RTP_20260731T060913",
          "chn_pop_2026_CN_100m_R2025A_v1.tif"
        ],
        "analysis_reasons": [
          "WATER_EXCLUDED"
        ],
        "landsat_quality_flag": "HIGH",
        "sentinel_quality_flag": "HIGH"
      }
    },
    {
      "type": "Feature",
      "id": "M4B-R-5EEC8B7710-G-R08-C09",
      "geometry": {
        "type": "Polygon",
        "coordinates": [
          [
            [
              120.14495237984062,
              30.251582780360195
            ],
            [
              120.14495356604196,
              30.253837943289252
            ],
            [
              120.14235588807423,
              30.253838946956034
            ],
            [
              120.14235476118292,
              30.2515837839818
            ],
            [
              120.14495237984062,
              30.251582780360195
            ]
          ]
        ]
      },
      "properties": {
        "grid_id": "M4B-R-5EEC8B7710-G-R08-C09",
        "row": 8,
        "column": 9,
        "analysis_status": "NON_URBAN_WATER",
        "ranking_eligible": false,
        "source_mode": "REAL",
        "population_total": 0.0,
        "population_age_0_14": 0.0,
        "population_age_65_plus": 0.0,
        "elderly_share": 0.0,
        "child_share": 0.0,
        "vulnerability_share_raw": 0.0,
        "lst_median_c": 34.60335692000001,
        "lst_valid_fraction": 1.0,
        "ndvi_median_land": null,
        "green_fraction_land": null,
        "green_fraction_grid_legacy": 0.0,
        "water_fraction_grid": 1.0,
        "sentinel_valid_fraction": 1.0,
        "spatial_heat_score": null,
        "temporal_severity_score": 0.5238709677419354,
        "hazard_score": null,
        "exposure_score": null,
        "vulnerability_score": 0.0,
        "adaptive_capacity_score": null,
        "risk_score": null,
        "risk_percentile_within_aoi": null,
        "hazard_contribution_points": null,
        "exposure_contribution_points": null,
        "vulnerability_contribution_points": 0.0,
        "adaptive_deficit_contribution_points": null,
        "primary_driver": "vulnerability",
        "temporal_context_id": "era5-temporal:pilot_v1:2026-07-31T03Z",
        "source_ids": [
          "LC09_L2SP_119039_20260731_02_T1",
          "S2C_MSIL2A_20260731T023551_R089_T51RTP_20260731T060913",
          "chn_pop_2026_CN_100m_R2025A_v1.tif"
        ],
        "analysis_reasons": [
          "WATER_EXCLUDED"
        ],
        "landsat_quality_flag": "HIGH",
        "sentinel_quality_flag": "HIGH"
      }
    },
    {
      "type": "Feature",
      "id": "M4B-R-5EEC8B7710-G-R08-C10",
      "geometry": {
        "type": "Polygon",
        "coordinates": [
          [
            [
              120.14754999844419,
              30.25158172527082
            ],
            [
              120.14755124395556,
              30.253836888152385
            ],
            [
              120.14495356604196,
              30.253837943289252
            ],
            [
              120.14495237984062,
              30.251582780360195
            ],
            [
              120.14754999844419,
              30.25158172527082
            ]
          ]
        ]
      },
      "properties": {
        "grid_id": "M4B-R-5EEC8B7710-G-R08-C10",
        "row": 8,
        "column": 10,
        "analysis_status": "NON_URBAN_WATER",
        "ranking_eligible": false,
        "source_mode": "REAL",
        "population_total": 0.0,
        "population_age_0_14": 0.0,
        "population_age_65_plus": 0.0,
        "elderly_share": 0.0,
        "child_share": 0.0,
        "vulnerability_share_raw": 0.0,
        "lst_median_c": 34.722987620000026,
        "lst_valid_fraction": 1.0,
        "ndvi_median_land": null,
        "green_fraction_land": null,
        "green_fraction_grid_legacy": 0.0,
        "water_fraction_grid": 1.0,
        "sentinel_valid_fraction": 1.0,
        "spatial_heat_score": null,
        "temporal_severity_score": 0.5238709677419354,
        "hazard_score": null,
        "exposure_score": null,
        "vulnerability_score": 0.0,
        "adaptive_capacity_score": null,
        "risk_score": null,
        "risk_percentile_within_aoi": null,
        "hazard_contribution_points": null,
        "exposure_contribution_points": null,
        "vulnerability_contribution_points": 0.0,
        "adaptive_deficit_contribution_points": null,
        "primary_driver": "vulnerability",
        "temporal_context_id": "era5-temporal:pilot_v1:2026-07-31T03Z",
        "source_ids": [
          "LC09_L2SP_119039_20260731_02_T1",
          "S2C_MSIL2A_20260731T023551_R089_T51RTP_20260731T060913",
          "chn_pop_2026_CN_100m_R2025A_v1.tif"
        ],
        "analysis_reasons": [
          "WATER_EXCLUDED"
        ],
        "landsat_quality_flag": "HIGH",
        "sentinel_quality_flag": "HIGH"
      }
    },
    {
      "type": "Feature",
      "id": "M4B-R-5EEC8B7710-G-R08-C11",
      "geometry": {
        "type": "Polygon",
        "coordinates": [
          [
            [
              120.15014761699092,
              30.251580618713707
            ],
            [
              120.15014892181229,
              30.25383578154547
            ],
            [
              120.14755124395556,
              30.253836888152385
            ],
            [
              120.14754999844419,
              30.25158172527082
            ],
            [
              120.15014761699092,
              30.251580618713707
            ]
          ]
        ]
      },
      "properties": {
        "grid_id": "M4B-R-5EEC8B7710-G-R08-C11",
        "row": 8,
        "column": 11,
        "analysis_status": "NON_URBAN_WATER",
        "ranking_eligible": false,
        "source_mode": "REAL",
        "population_total": 0.0,
        "population_age_0_14": 0.0,
        "population_age_65_plus": 0.0,
        "elderly_share": 0.0,
        "child_share": 0.0,
        "vulnerability_share_raw": 0.0,
        "lst_median_c": 35.09896981999998,
        "lst_valid_fraction": 1.0,
        "ndvi_median_land": null,
        "green_fraction_land": null,
        "green_fraction_grid_legacy": 0.0,
        "water_fraction_grid": 1.0,
        "sentinel_valid_fraction": 1.0,
        "spatial_heat_score": null,
        "temporal_severity_score": 0.5238709677419354,
        "hazard_score": null,
        "exposure_score": null,
        "vulnerability_score": 0.0,
        "adaptive_capacity_score": null,
        "risk_score": null,
        "risk_percentile_within_aoi": null,
        "hazard_contribution_points": null,
        "exposure_contribution_points": null,
        "vulnerability_contribution_points": 0.0,
        "adaptive_deficit_contribution_points": null,
        "primary_driver": "vulnerability",
        "temporal_context_id": "era5-temporal:pilot_v1:2026-07-31T03Z",
        "source_ids": [
          "LC09_L2SP_119039_20260731_02_T1",
          "S2C_MSIL2A_20260731T023551_R089_T51RTP_20260731T060913",
          "chn_pop_2026_CN_100m_R2025A_v1.tif"
        ],
        "analysis_reasons": [
          "WATER_EXCLUDED"
        ],
        "landsat_quality_flag": "HIGH",
        "sentinel_quality_flag": "HIGH"
      }
    },
    {
      "type": "Feature",
      "id": "M4B-R-5EEC8B7710-G-R08-C12",
      "geometry": {
        "type": "Polygon",
        "coordinates": [
          [
            [
              120.15274523547806,
              30.25157946068884
            ],
            [
              120.15274659960944,
              30.25383462346848
            ],
            [
              120.15014892181229,
              30.25383578154547
            ],
            [
              120.15014761699092,
              30.251580618713707
            ],
            [
              120.15274523547806,
              30.25157946068884
            ]
          ]
        ]
      },
      "properties": {
        "grid_id": "M4B-R-5EEC8B7710-G-R08-C12",
        "row": 8,
        "column": 12,
        "analysis_status": "NON_URBAN_WATER",
        "ranking_eligible": false,
        "source_mode": "REAL",
        "population_total": 0.0,
        "population_age_0_14": 0.0,
        "population_age_65_plus": 0.0,
        "elderly_share": 0.0,
        "child_share": 0.0,
        "vulnerability_share_raw": 0.0,
        "lst_median_c": 35.39804657000002,
        "lst_valid_fraction": 1.0,
        "ndvi_median_land": null,
        "green_fraction_land": null,
        "green_fraction_grid_legacy": 0.0,
        "water_fraction_grid": 1.0,
        "sentinel_valid_fraction": 1.0,
        "spatial_heat_score": null,
        "temporal_severity_score": 0.5238709677419354,
        "hazard_score": null,
        "exposure_score": null,
        "vulnerability_score": 0.0,
        "adaptive_capacity_score": null,
        "risk_score": null,
        "risk_percentile_within_aoi": null,
        "hazard_contribution_points": null,
        "exposure_contribution_points": null,
        "vulnerability_contribution_points": 0.0,
        "adaptive_deficit_contribution_points": null,
        "primary_driver": "vulnerability",
        "temporal_context_id": "era5-temporal:pilot_v1:2026-07-31T03Z",
        "source_ids": [
          "LC09_L2SP_119039_20260731_02_T1",
          "S2C_MSIL2A_20260731T023551_R089_T51RTP_20260731T060913",
          "chn_pop_2026_CN_100m_R2025A_v1.tif"
        ],
        "analysis_reasons": [
          "WATER_EXCLUDED"
        ],
        "landsat_quality_flag": "HIGH",
        "sentinel_quality_flag": "HIGH"
      }
    },
    {
      "type": "Feature",
      "id": "M4B-R-5EEC8B7710-G-R08-C13",
      "geometry": {
        "type": "Polygon",
        "coordinates": [
          [
            [
              120.155342853903,
              30.25157825119624
            ],
            [
              120.15534427734434,
              30.253833413921424
            ],
            [
              120.15274659960944,
              30.25383462346848
            ],
            [
              120.15274523547806,
              30.25157946068884
            ],
            [
              120.155342853903,
              30.25157825119624
            ]
          ]
        ]
      },
      "properties": {
        "grid_id": "M4B-R-5EEC8B7710-G-R08-C13",
        "row": 8,
        "column": 13,
        "analysis_status": "NON_URBAN_WATER",
        "ranking_eligible": false,
        "source_mode": "REAL",
        "population_total": 1.9473129713701054,
        "population_age_0_14": 0.20171207670467076,
        "population_age_65_plus": 0.19867475525761752,
        "elderly_share": 0.1020250766972668,
        "child_share": 0.10358482671778672,
        "vulnerability_share_raw": 0.10249300170342278,
        "lst_median_c": 35.59800074,
        "lst_valid_fraction": 1.0,
        "ndvi_median_land": 0.6241589536695593,
        "green_fraction_land": 1.0,
        "green_fraction_grid_legacy": 0.0128,
        "water_fraction_grid": 0.9872,
        "sentinel_valid_fraction": 1.0,
        "spatial_heat_score": null,
        "temporal_severity_score": 0.5238709677419354,
        "hazard_score": null,
        "exposure_score": null,
        "vulnerability_score": 0.0,
        "adaptive_capacity_score": null,
        "risk_score": null,
        "risk_percentile_within_aoi": null,
        "hazard_contribution_points": null,
        "exposure_contribution_points": null,
        "vulnerability_contribution_points": 0.0,
        "adaptive_deficit_contribution_points": null,
        "primary_driver": "vulnerability",
        "temporal_context_id": "era5-temporal:pilot_v1:2026-07-31T03Z",
        "source_ids": [
          "LC09_L2SP_119039_20260731_02_T1",
          "S2C_MSIL2A_20260731T023551_R089_T51RTP_20260731T060913",
          "chn_pop_2026_CN_100m_R2025A_v1.tif"
        ],
        "analysis_reasons": [
          "WATER_EXCLUDED"
        ],
        "landsat_quality_flag": "HIGH",
        "sentinel_quality_flag": "HIGH"
      }
    },
    {
      "type": "Feature",
      "id": "M4B-R-5EEC8B7710-G-R08-C14",
      "geometry": {
        "type": "Polygon",
        "coordinates": [
          [
            [
              120.15794047226291,
              30.25157699023589
            ],
            [
              120.15794195501427,
              30.253832152904327
            ],
            [
              120.15534427734434,
              30.253833413921424
            ],
            [
              120.155342853903,
              30.25157825119624
            ],
            [
              120.15794047226291,
              30.25157699023589
            ]
          ]
        ]
      },
      "properties": {
        "grid_id": "M4B-R-5EEC8B7710-G-R08-C14",
        "row": 8,
        "column": 14,
        "analysis_status": "ANALYZABLE_LAND",
        "ranking_eligible": true,
        "source_mode": "REAL",
        "population_total": 175.9160186115211,
        "population_age_0_14": 18.222229749826667,
        "population_age_65_plus": 17.947847105558054,
        "elderly_share": 0.10202508701150545,
        "child_share": 0.1035848235632662,
        "vulnerability_share_raw": 0.10249300797703369,
        "lst_median_c": 40.17643853000001,
        "lst_valid_fraction": 1.0,
        "ndvi_median_land": 0.6903768604403799,
        "green_fraction_land": 0.7408256880733946,
        "green_fraction_grid_legacy": 0.5168,
        "water_fraction_grid": 0.3024,
        "sentinel_valid_fraction": 1.0,
        "spatial_heat_score": 0.18789808917197454,
        "temporal_severity_score": 0.5238709677419354,
        "hazard_score": 0.2886899527429628,
        "exposure_score": 0.5356856172255196,
        "vulnerability_score": 2.111194597134882e-07,
        "adaptive_capacity_score": 0.7408256880733946,
        "risk_score": 28.827357441644775,
        "risk_percentile_within_aoi": 0.22929936305732485,
        "hazard_contribution_points": 11.54759810971851,
        "exposure_contribution_points": 13.392140430637989,
        "vulnerability_contribution_points": 4.222389194269764e-06,
        "adaptive_deficit_contribution_points": 3.887614678899082,
        "primary_driver": "exposure",
        "temporal_context_id": "era5-temporal:pilot_v1:2026-07-31T03Z",
        "source_ids": [
          "LC09_L2SP_119039_20260731_02_T1",
          "S2C_MSIL2A_20260731T023551_R089_T51RTP_20260731T060913",
          "chn_pop_2026_CN_100m_R2025A_v1.tif"
        ],
        "analysis_reasons": [],
        "landsat_quality_flag": "HIGH",
        "sentinel_quality_flag": "HIGH"
      }
    },
    {
      "type": "Feature",
      "id": "M4B-R-5EEC8B7710-G-R08-C15",
      "geometry": {
        "type": "Polygon",
        "coordinates": [
          [
            [
              120.16053809055518,
              30.25157567780781
            ],
            [
              120.1605396326165,
              30.253830840417173
            ],
            [
              120.15794195501427,
              30.253832152904327
            ],
            [
              120.15794047226291,
              30.25157699023589
            ],
            [
              120.16053809055518,
              30.25157567780781
            ]
          ]
        ]
      },
      "properties": {
        "grid_id": "M4B-R-5EEC8B7710-G-R08-C15",
        "row": 8,
        "column": 15,
        "analysis_status": "ANALYZABLE_LAND",
        "ranking_eligible": true,
        "source_mode": "REAL",
        "population_total": 700.2236192209552,
        "population_age_0_14": 72.53253539405682,
        "population_age_65_plus": 71.44036930043774,
        "elderly_share": 0.102025077902856,
        "child_share": 0.10358481691142328,
        "vulnerability_share_raw": 0.10249299960542618,
        "lst_median_c": 47.22268675999999,
        "lst_valid_fraction": 1.0,
        "ndvi_median_land": 0.2566914597048747,
        "green_fraction_land": 0.432,
        "green_fraction_grid_legacy": 0.432,
        "water_fraction_grid": 0.0,
        "sentinel_valid_fraction": 1.0,
        "spatial_heat_score": 0.535031847133758,
        "temporal_severity_score": 0.5238709677419354,
        "hazard_score": 0.5316835833162111,
        "exposure_score": 0.8268652199347771,
        "vulnerability_score": 1.1348336449738999e-09,
        "adaptive_capacity_score": 0.432,
        "risk_score": 50.458973853714554,
        "risk_percentile_within_aoi": 0.43630573248407645,
        "hazard_contribution_points": 21.267343332648444,
        "exposure_contribution_points": 20.671630498369428,
        "vulnerability_contribution_points": 2.2696672899477997e-08,
        "adaptive_deficit_contribution_points": 8.520000000000001,
        "primary_driver": "hazard",
        "temporal_context_id": "era5-temporal:pilot_v1:2026-07-31T03Z",
        "source_ids": [
          "LC09_L2SP_119039_20260731_02_T1",
          "S2C_MSIL2A_20260731T023551_R089_T51RTP_20260731T060913",
          "chn_pop_2026_CN_100m_R2025A_v1.tif"
        ],
        "analysis_reasons": [],
        "landsat_quality_flag": "HIGH",
        "sentinel_quality_flag": "HIGH"
      }
    },
    {
      "type": "Feature",
      "id": "M4B-R-5EEC8B7710-G-R08-C16",
      "geometry": {
        "type": "Polygon",
        "coordinates": [
          [
            [
              120.16313570877705,
              30.251574313912005
            ],
            [
              120.16313731014834,
              30.25382947645998
            ],
            [
              120.1605396326165,
              30.253830840417173
            ],
            [
              120.16053809055518,
              30.25157567780781
            ],
            [
              120.16313570877705,
              30.251574313912005
            ]
          ]
        ]
      },
      "properties": {
        "grid_id": "M4B-R-5EEC8B7710-G-R08-C16",
        "row": 8,
        "column": 16,
        "analysis_status": "ANALYZABLE_LAND",
        "ranking_eligible": true,
        "source_mode": "REAL",
        "population_total": 1008.3985576977847,
        "population_age_0_14": 104.45478614128817,
        "population_age_65_plus": 102.88194110467622,
        "elderly_share": 0.10202507760379975,
        "child_share": 0.10358482302846876,
        "vulnerability_share_raw": 0.10249300123120045,
        "lst_median_c": 48.68389031000001,
        "lst_valid_fraction": 1.0,
        "ndvi_median_land": 0.26202218025647384,
        "green_fraction_land": 0.4528,
        "green_fraction_grid_legacy": 0.4528,
        "water_fraction_grid": 0.0,
        "sentinel_valid_fraction": 1.0,
        "spatial_heat_score": 0.7133757961783439,
        "temporal_severity_score": 0.5238709677419354,
        "hazard_score": 0.6565243476474213,
        "exposure_score": 0.9038878251973083,
        "vulnerability_score": 4.1914050894625535e-08,
        "adaptive_capacity_score": 0.4528,
        "risk_score": 57.06617037411057,
        "risk_percentile_within_aoi": 0.5700636942675159,
        "hazard_contribution_points": 26.26097390589685,
        "exposure_contribution_points": 22.597195629932706,
        "vulnerability_contribution_points": 8.382810178925107e-07,
        "adaptive_deficit_contribution_points": 8.208,
        "primary_driver": "hazard",
        "temporal_context_id": "era5-temporal:pilot_v1:2026-07-31T03Z",
        "source_ids": [
          "LC09_L2SP_119039_20260731_02_T1",
          "S2C_MSIL2A_20260731T023551_R089_T51RTP_20260731T060913",
          "chn_pop_2026_CN_100m_R2025A_v1.tif"
        ],
        "analysis_reasons": [],
        "landsat_quality_flag": "HIGH",
        "sentinel_quality_flag": "HIGH"
      }
    },
    {
      "type": "Feature",
      "id": "M4B-R-5EEC8B7710-G-R08-C17",
      "geometry": {
        "type": "Polygon",
        "coordinates": [
          [
            [
              120.16573332692583,
              30.251572898548467
            ],
            [
              120.16573498760707,
              30.253828061032724
            ],
            [
              120.16313731014834,
              30.25382947645998
            ],
            [
              120.16313570877705,
              30.251574313912005
            ],
            [
              120.16573332692583,
              30.251572898548467
            ]
          ]
        ]
      },
      "properties": {
        "grid_id": "M4B-R-5EEC8B7710-G-R08-C17",
        "row": 8,
        "column": 17,
        "analysis_status": "ANALYZABLE_LAND",
        "ranking_eligible": true,
        "source_mode": "REAL",
        "population_total": 1754.2600032814616,
        "population_age_0_14": 181.71471071000454,
        "population_age_65_plus": 178.97851425381788,
        "elderly_share": 0.10202507833446951,
        "child_share": 0.10358482230119533,
        "vulnerability_share_raw": 0.10249300152448726,
        "lst_median_c": 51.33627383000004,
        "lst_valid_fraction": 1.0,
        "ndvi_median_land": 0.14726370043839143,
        "green_fraction_land": 0.2384,
        "green_fraction_grid_legacy": 0.2384,
        "water_fraction_grid": 0.0,
        "sentinel_valid_fraction": 1.0,
        "spatial_heat_score": 0.9777070063694268,
        "temporal_severity_score": 0.5238709677419354,
        "hazard_score": 0.8415561947811794,
        "exposure_score": 1.0,
        "vulnerability_score": 4.9270549800207785e-08,
        "adaptive_capacity_score": 0.2384,
        "risk_score": 70.08624877665818,
        "risk_percentile_within_aoi": 0.8343949044585988,
        "hazard_contribution_points": 33.662247791247175,
        "exposure_contribution_points": 25.0,
        "vulnerability_contribution_points": 9.854109960041557e-07,
        "adaptive_deficit_contribution_points": 11.424000000000001,
        "primary_driver": "hazard",
        "temporal_context_id": "era5-temporal:pilot_v1:2026-07-31T03Z",
        "source_ids": [
          "LC09_L2SP_119039_20260731_02_T1",
          "S2C_MSIL2A_20260731T023551_R089_T51RTP_20260731T060913",
          "chn_pop_2026_CN_100m_R2025A_v1.tif"
        ],
        "analysis_reasons": [],
        "landsat_quality_flag": "HIGH",
        "sentinel_quality_flag": "HIGH"
      }
    },
    {
      "type": "Feature",
      "id": "M4B-R-5EEC8B7710-G-R08-C18",
      "geometry": {
        "type": "Polygon",
        "coordinates": [
          [
            [
              120.16833094499881,
              30.2515714317172
            ],
            [
              120.16833266498999,
              30.25382659413543
            ],
            [
              120.16573498760707,
              30.253828061032724
            ],
            [
              120.16573332692583,
              30.251572898548467
            ],
            [
              120.16833094499881,
              30.2515714317172
            ]
          ]
        ]
      },
      "properties": {
        "grid_id": "M4B-R-5EEC8B7710-G-R08-C18",
        "row": 8,
        "column": 18,
        "analysis_status": "ANALYZABLE_LAND",
        "ranking_eligible": true,
        "source_mode": "REAL",
        "population_total": 1530.7304024321006,
        "population_age_0_14": 158.56043575975852,
        "population_age_65_plus": 156.17288402912882,
        "elderly_share": 0.10202507494526376,
        "child_share": 0.10358482166933498,
        "vulnerability_share_raw": 0.10249299896248514,
        "lst_median_c": 48.83257418000005,
        "lst_valid_fraction": 1.0,
        "ndvi_median_land": 0.21108309188670168,
        "green_fraction_land": 0.4144,
        "green_fraction_grid_legacy": 0.4144,
        "water_fraction_grid": 0.0,
        "sentinel_valid_fraction": 1.0,
        "spatial_heat_score": 0.7452229299363057,
        "temporal_severity_score": 0.5238709677419354,
        "hazard_score": 0.6788173412779945,
        "exposure_score": 0.9920658641049663,
        "vulnerability_score": 0.0,
        "adaptive_capacity_score": 0.4144,
        "risk_score": 60.73834025374394,
        "risk_percentile_within_aoi": 0.6528662420382165,
        "hazard_contribution_points": 27.152693651119783,
        "exposure_contribution_points": 24.801646602624157,
        "vulnerability_contribution_points": 0.0,
        "adaptive_deficit_contribution_points": 8.784,
        "primary_driver": "hazard",
        "temporal_context_id": "era5-temporal:pilot_v1:2026-07-31T03Z",
        "source_ids": [
          "LC09_L2SP_119039_20260731_02_T1",
          "S2C_MSIL2A_20260731T023551_R089_T51RTP_20260731T060913",
          "chn_pop_2026_CN_100m_R2025A_v1.tif"
        ],
        "analysis_reasons": [],
        "landsat_quality_flag": "HIGH",
        "sentinel_quality_flag": "HIGH"
      }
    },
    {
      "type": "Feature",
      "id": "M4B-R-5EEC8B7710-G-R08-C19",
      "geometry": {
        "type": "Polygon",
        "coordinates": [
          [
            [
              120.1709285629933,
              30.251569913418216
            ],
            [
              120.17093034229441,
              30.25382507576811
            ],
            [
              120.16833266498999,
              30.25382659413543
            ],
            [
              120.16833094499881,
              30.2515714317172
            ],
            [
              120.1709285629933,
              30.251569913418216
            ]
          ]
        ]
      },
      "properties": {
        "grid_id": "M4B-R-5EEC8B7710-G-R08-C19",
        "row": 8,
        "column": 19,
        "analysis_status": "ANALYZABLE_LAND",
        "ranking_eligible": true,
        "source_mode": "REAL",
        "population_total": 1059.4561397213686,
        "population_age_0_14": 109.74357583096648,
        "population_age_65_plus": 108.09109603141032,
        "elderly_share": 0.10202507869730003,
        "child_share": 0.10358482217095695,
        "vulnerability_share_raw": 0.10249300173939709,
        "lst_median_c": 47.61234103999999,
        "lst_valid_fraction": 1.0,
        "ndvi_median_land": 0.20209573846364584,
        "green_fraction_land": 0.376,
        "green_fraction_grid_legacy": 0.376,
        "water_fraction_grid": 0.0,
        "sentinel_valid_fraction": 1.0,
        "spatial_heat_score": 0.5764331210191083,
        "temporal_severity_score": 0.5238709677419354,
        "hazard_score": 0.5606644750359564,
        "exposure_score": 0.91432102823536,
        "vulnerability_score": 5.4661122570946953e-08,
        "adaptive_capacity_score": 0.376,
        "risk_score": 54.64460580054471,
        "risk_percentile_within_aoi": 0.5159235668789809,
        "hazard_contribution_points": 22.426579001438256,
        "exposure_contribution_points": 22.858025705884,
        "vulnerability_contribution_points": 1.093222451418939e-06,
        "adaptive_deficit_contribution_points": 9.36,
        "primary_driver": "exposure",
        "temporal_context_id": "era5-temporal:pilot_v1:2026-07-31T03Z",
        "source_ids": [
          "LC09_L2SP_119039_20260731_02_T1",
          "S2C_MSIL2A_20260731T023551_R089_T51RTP_20260731T060913",
          "chn_pop_2026_CN_100m_R2025A_v1.tif"
        ],
        "analysis_reasons": [],
        "landsat_quality_flag": "HIGH",
        "sentinel_quality_flag": "HIGH"
      }
    },
    {
      "type": "Feature",
      "id": "M4B-R-5EEC8B7710-G-R09-C00",
      "geometry": {
        "type": "Polygon",
        "coordinates": [
          [
            [
              120.12157446270794,
              30.253845123367483
            ],
            [
              120.12157511517805,
              30.25610028584256
            ],
            [
              120.11897737752936,
              30.256100826302923
            ],
            [
              120.11897678437471,
              30.253845663803517
            ],
            [
              120.12157446270794,
              30.253845123367483
            ]
          ]
        ]
      },
      "properties": {
        "grid_id": "M4B-R-5EEC8B7710-G-R09-C00",
        "row": 9,
        "column": 0,
        "analysis_status": "ANALYZABLE_LAND",
        "ranking_eligible": true,
        "source_mode": "REAL",
        "population_total": 9.684774394693285,
        "population_age_0_14": 1.0773267285877208,
        "population_age_65_plus": 1.077671541076219,
        "elderly_share": 0.11127482140076725,
        "child_share": 0.1112392178364047,
        "vulnerability_share_raw": 0.11126414033145848,
        "lst_median_c": 39.19546679000001,
        "lst_valid_fraction": 1.0,
        "ndvi_median_land": 0.8523952763027576,
        "green_fraction_land": 1.0,
        "green_fraction_grid_legacy": 1.0,
        "water_fraction_grid": 0.0,
        "sentinel_valid_fraction": 1.0,
        "spatial_heat_score": 0.12420382165605096,
        "temporal_severity_score": 0.5238709677419354,
        "hazard_score": 0.2441039654818163,
        "exposure_score": 0.0,
        "vulnerability_score": 0.22000609967359075,
        "adaptive_capacity_score": 1.0,
        "risk_score": 14.164280612744468,
        "risk_percentile_within_aoi": 0.05732484076433121,
        "hazard_contribution_points": 9.764158619272651,
        "exposure_contribution_points": 0.0,
        "vulnerability_contribution_points": 4.400121993471815,
        "adaptive_deficit_contribution_points": 0.0,
        "primary_driver": "hazard",
        "temporal_context_id": "era5-temporal:pilot_v1:2026-07-31T03Z",
        "source_ids": [
          "LC09_L2SP_119039_20260731_02_T1",
          "S2C_MSIL2A_20260731T023551_R089_T51RTP_20260731T060913",
          "chn_pop_2026_CN_100m_R2025A_v1.tif"
        ],
        "analysis_reasons": [],
        "landsat_quality_flag": "HIGH",
        "sentinel_quality_flag": "HIGH"
      }
    },
    {
      "type": "Feature",
      "id": "M4B-R-5EEC8B7710-G-R09-C01",
      "geometry": {
        "type": "Polygon",
        "coordinates": [
          [
            [
              120.12417214101139,
              30.253844531461347
            ],
            [
              120.12417285279693,
              30.25609969390978
            ],
            [
              120.12157511517805,
              30.25610028584256
            ],
            [
              120.12157446270794,
              30.253845123367483
            ],
            [
              120.12417214101139,
              30.253844531461347
            ]
          ]
        ]
      },
      "properties": {
        "grid_id": "M4B-R-5EEC8B7710-G-R09-C01",
        "row": 9,
        "column": 1,
        "analysis_status": "ANALYZABLE_LAND",
        "ranking_eligible": true,
        "source_mode": "REAL",
        "population_total": 41.2505003914874,
        "population_age_0_14": 4.588673292942145,
        "population_age_65_plus": 4.590137829684834,
        "elderly_share": 0.11127471875788618,
        "child_share": 0.11123921526753358,
        "vulnerability_share_raw": 0.11126406771078039,
        "lst_median_c": 39.38687591000004,
        "lst_valid_fraction": 1.0,
        "ndvi_median_land": 0.8609031336682845,
        "green_fraction_land": 0.9872,
        "green_fraction_grid_legacy": 0.9872,
        "water_fraction_grid": 0.0,
        "sentinel_valid_fraction": 1.0,
        "spatial_heat_score": 0.14968152866242038,
        "temporal_severity_score": 0.5238709677419354,
        "hazard_score": 0.2619383603862749,
        "exposure_score": 0.23289663594488613,
        "vulnerability_score": 0.22000427813263498,
        "adaptive_capacity_score": 0.9872,
        "risk_score": 20.89203587672585,
        "risk_percentile_within_aoi": 0.12420382165605096,
        "hazard_contribution_points": 10.477534415450995,
        "exposure_contribution_points": 5.822415898622153,
        "vulnerability_contribution_points": 4.400085562652699,
        "adaptive_deficit_contribution_points": 0.1920000000000005,
        "primary_driver": "hazard",
        "temporal_context_id": "era5-temporal:pilot_v1:2026-07-31T03Z",
        "source_ids": [
          "LC09_L2SP_119039_20260731_02_T1",
          "S2C_MSIL2A_20260731T023551_R089_T51RTP_20260731T060913",
          "chn_pop_2026_CN_100m_R2025A_v1.tif"
        ],
        "analysis_reasons": [],
        "landsat_quality_flag": "HIGH",
        "sentinel_quality_flag": "HIGH"
      }
    },
    {
      "type": "Feature",
      "id": "M4B-R-5EEC8B7710-G-R09-C02",
      "geometry": {
        "type": "Polygon",
        "coordinates": [
          [
            [
              120.12676981928234,
              30.253843888085125
            ],
            [
              120.12677059038334,
              30.256099050504602
            ],
            [
              120.12417285279693,
              30.25609969390978
            ],
            [
              120.12417214101139,
              30.253844531461347
            ],
            [
              120.12676981928234,
              30.253843888085125
            ]
          ]
        ]
      },
      "properties": {
        "grid_id": "M4B-R-5EEC8B7710-G-R09-C02",
        "row": 9,
        "column": 2,
        "analysis_status": "ANALYZABLE_LAND",
        "ranking_eligible": true,
        "source_mode": "REAL",
        "population_total": 92.03454650993878,
        "population_age_0_14": 10.237844625624655,
        "population_age_65_plus": 10.241119670047237,
        "elderly_share": 0.1112747338733429,
        "child_share": 0.11123914892674648,
        "vulnerability_share_raw": 0.11126405838936396,
        "lst_median_c": 39.70987880000001,
        "lst_valid_fraction": 1.0,
        "ndvi_median_land": 0.8559429831101532,
        "green_fraction_land": 0.9536,
        "green_fraction_grid_legacy": 0.9536,
        "water_fraction_grid": 0.0,
        "sentinel_valid_fraction": 1.0,
        "spatial_heat_score": 0.17197452229299362,
        "temporal_severity_score": 0.5238709677419354,
        "hazard_score": 0.27754345592767615,
        "exposure_score": 0.39979472601494614,
        "vulnerability_score": 0.22000404432399756,
        "adaptive_capacity_score": 0.9536,
        "risk_score": 26.19268727396065,
        "risk_percentile_within_aoi": 0.1910828025477707,
        "hazard_contribution_points": 11.101738237107046,
        "exposure_contribution_points": 9.994868150373653,
        "vulnerability_contribution_points": 4.400080886479952,
        "adaptive_deficit_contribution_points": 0.696,
        "primary_driver": "hazard",
        "temporal_context_id": "era5-temporal:pilot_v1:2026-07-31T03Z",
        "source_ids": [
          "LC09_L2SP_119039_20260731_02_T1",
          "S2C_MSIL2A_20260731T023551_R089_T51RTP_20260731T060913",
          "chn_pop_2026_CN_100m_R2025A_v1.tif"
        ],
        "analysis_reasons": [],
        "landsat_quality_flag": "HIGH",
        "sentinel_quality_flag": "HIGH"
      }
    },
    {
      "type": "Feature",
      "id": "M4B-R-5EEC8B7710-G-R09-C03",
      "geometry": {
        "type": "Polygon",
        "coordinates": [
          [
            [
              120.12936749751812,
              30.253843193238822
            ],
            [
              120.12936832793456,
              30.256098355627014
            ],
            [
              120.12677059038334,
              30.256099050504602
            ],
            [
              120.12676981928234,
              30.253843888085125
            ],
            [
              120.12936749751812,
              30.253843193238822
            ]
          ]
        ]
      },
      "properties": {
        "grid_id": "M4B-R-5EEC8B7710-G-R09-C03",
        "row": 9,
        "column": 3,
        "analysis_status": "ANALYZABLE_LAND",
        "ranking_eligible": true,
        "source_mode": "REAL",
        "population_total": 115.5670192022977,
        "population_age_0_14": 12.855578036850098,
        "population_age_65_plus": 12.859689036051439,
        "elderly_share": 0.11127473153513474,
        "child_share": 0.11123915910945727,
        "vulnerability_share_raw": 0.11126405980743148,
        "lst_median_c": 41.53168346000001,
        "lst_valid_fraction": 1.0,
        "ndvi_median_land": 0.7902994412002889,
        "green_fraction_land": 0.9248,
        "green_fraction_grid_legacy": 0.9248,
        "water_fraction_grid": 0.0,
        "sentinel_valid_fraction": 1.0,
        "spatial_heat_score": 0.267515923566879,
        "temporal_severity_score": 0.5238709677419354,
        "hazard_score": 0.3444224368193959,
        "exposure_score": 0.44747261590220605,
        "vulnerability_score": 0.2200040798933167,
        "adaptive_capacity_score": 0.9248,
        "risk_score": 30.491794468197327,
        "risk_percentile_within_aoi": 0.2611464968152866,
        "hazard_contribution_points": 13.776897472775836,
        "exposure_contribution_points": 11.18681539755515,
        "vulnerability_contribution_points": 4.4000815978663335,
        "adaptive_deficit_contribution_points": 1.1280000000000006,
        "primary_driver": "hazard",
        "temporal_context_id": "era5-temporal:pilot_v1:2026-07-31T03Z",
        "source_ids": [
          "LC09_L2SP_119039_20260731_02_T1",
          "S2C_MSIL2A_20260731T023551_R089_T51RTP_20260731T060913",
          "chn_pop_2026_CN_100m_R2025A_v1.tif"
        ],
        "analysis_reasons": [],
        "landsat_quality_flag": "HIGH",
        "sentinel_quality_flag": "HIGH"
      }
    },
    {
      "type": "Feature",
      "id": "M4B-R-5EEC8B7710-G-R09-C04",
      "geometry": {
        "type": "Polygon",
        "coordinates": [
          [
            [
              120.13196517571598,
              30.25384244692243
            ],
            [
              120.13196606544784,
              30.256097609277028
            ],
            [
              120.12936832793456,
              30.256098355627014
            ],
            [
              120.12936749751812,
              30.253843193238822
            ],
            [
              120.13196517571598,
              30.25384244692243
            ]
          ]
        ]
      },
      "properties": {
        "grid_id": "M4B-R-5EEC8B7710-G-R09-C04",
        "row": 9,
        "column": 4,
        "analysis_status": "ANALYZABLE_LAND",
        "ranking_eligible": true,
        "source_mode": "REAL",
        "population_total": 128.68105636472214,
        "population_age_0_14": 14.314372991200113,
        "population_age_65_plus": 14.318947191244064,
        "elderly_share": 0.11127470970287742,
        "child_share": 0.11123916290078259,
        "vulnerability_share_raw": 0.11126404566224897,
        "lst_median_c": 42.45967589000003,
        "lst_valid_fraction": 1.0,
        "ndvi_median_land": 0.7655762374165972,
        "green_fraction_land": 0.896,
        "green_fraction_grid_legacy": 0.896,
        "water_fraction_grid": 0.0,
        "sentinel_valid_fraction": 1.0,
        "spatial_heat_score": 0.2929936305732484,
        "temporal_severity_score": 0.5238709677419354,
        "hazard_score": 0.3622568317238545,
        "exposure_score": 0.4700141676485725,
        "vulnerability_score": 0.220003725090388,
        "adaptive_capacity_score": 0.896,
        "risk_score": 32.20070196197625,
        "risk_percentile_within_aoi": 0.2770700636942675,
        "hazard_contribution_points": 14.49027326895418,
        "exposure_contribution_points": 11.750354191214313,
        "vulnerability_contribution_points": 4.40007450180776,
        "adaptive_deficit_contribution_points": 1.5599999999999996,
        "primary_driver": "hazard",
        "temporal_context_id": "era5-temporal:pilot_v1:2026-07-31T03Z",
        "source_ids": [
          "LC09_L2SP_119039_20260731_02_T1",
          "S2C_MSIL2A_20260731T023551_R089_T51RTP_20260731T060913",
          "chn_pop_2026_CN_100m_R2025A_v1.tif"
        ],
        "analysis_reasons": [],
        "landsat_quality_flag": "HIGH",
        "sentinel_quality_flag": "HIGH"
      }
    },
    {
      "type": "Feature",
      "id": "M4B-R-5EEC8B7710-G-R09-C05",
      "geometry": {
        "type": "Polygon",
        "coordinates": [
          [
            [
              120.13456285387325,
              30.25384164913595
            ],
            [
              120.13456380292052,
              30.25609681145465
            ],
            [
              120.13196606544784,
              30.256097609277028
            ],
            [
              120.13196517571598,
              30.25384244692243
            ],
            [
              120.13456285387325,
              30.25384164913595
            ]
          ]
        ]
      },
      "properties": {
        "grid_id": "M4B-R-5EEC8B7710-G-R09-C05",
        "row": 9,
        "column": 5,
        "analysis_status": "ANALYZABLE_LAND",
        "ranking_eligible": true,
        "source_mode": "REAL",
        "population_total": 93.0646611228445,
        "population_age_0_14": 10.352434031686705,
        "population_age_65_plus": 10.355743165934342,
        "elderly_share": 0.11127470987365286,
        "child_share": 0.11123915250732593,
        "vulnerability_share_raw": 0.11126404266375477,
        "lst_median_c": 40.41228190999999,
        "lst_valid_fraction": 1.0,
        "ndvi_median_land": 0.7659081905220596,
        "green_fraction_land": 0.8352,
        "green_fraction_grid_legacy": 0.8352,
        "water_fraction_grid": 0.0,
        "sentinel_valid_fraction": 1.0,
        "spatial_heat_score": 0.2070063694267516,
        "temporal_severity_score": 0.5238709677419354,
        "hazard_score": 0.3020657489213067,
        "exposure_score": 0.4021229628406063,
        "vulnerability_score": 0.22000364987930296,
        "adaptive_capacity_score": 0.8352,
        "risk_score": 29.007777025453485,
        "risk_percentile_within_aoi": 0.23885350318471338,
        "hazard_contribution_points": 12.08262995685227,
        "exposure_contribution_points": 10.053074071015157,
        "vulnerability_contribution_points": 4.400072997586059,
        "adaptive_deficit_contribution_points": 2.471999999999999,
        "primary_driver": "hazard",
        "temporal_context_id": "era5-temporal:pilot_v1:2026-07-31T03Z",
        "source_ids": [
          "LC09_L2SP_119039_20260731_02_T1",
          "S2C_MSIL2A_20260731T023551_R089_T51RTP_20260731T060913",
          "chn_pop_2026_CN_100m_R2025A_v1.tif"
        ],
        "analysis_reasons": [],
        "landsat_quality_flag": "HIGH",
        "sentinel_quality_flag": "HIGH"
      }
    },
    {
      "type": "Feature",
      "id": "M4B-R-5EEC8B7710-G-R09-C06",
      "geometry": {
        "type": "Polygon",
        "coordinates": [
          [
            [
              120.13716053198716,
              30.253840799879395
            ],
            [
              120.13716154034988,
              30.256095962159854
            ],
            [
              120.13456380292052,
              30.25609681145465
            ],
            [
              120.13456285387325,
              30.25384164913595
            ],
            [
              120.13716053198716,
              30.253840799879395
            ]
          ]
        ]
      },
      "properties": {
        "grid_id": "M4B-R-5EEC8B7710-G-R09-C06",
        "row": 9,
        "column": 6,
        "analysis_status": "ANALYZABLE_LAND",
        "ranking_eligible": true,
        "source_mode": "REAL",
        "population_total": 20.261929933187268,
        "population_age_0_14": 2.2539198623773995,
        "population_age_65_plus": 2.2546398238415684,
        "elderly_share": 0.11127468268206109,
        "child_share": 0.11123914996298927,
        "vulnerability_share_raw": 0.11126402286633953,
        "lst_median_c": 37.888074140000015,
        "lst_valid_fraction": 1.0,
        "ndvi_median_land": 0.8330885559848764,
        "green_fraction_land": 0.821247892074199,
        "green_fraction_grid_legacy": 0.7792,
        "water_fraction_grid": 0.0512,
        "sentinel_valid_fraction": 1.0,
        "spatial_heat_score": 0.04777070063694268,
        "temporal_severity_score": 0.5238709677419354,
        "hazard_score": 0.19060078076844048,
        "exposure_score": 0.08770386783735214,
        "vulnerability_score": 0.22000315330169432,
        "adaptive_capacity_score": 0.821247892074199,
        "risk_score": 16.897972611592326,
        "risk_percentile_within_aoi": 0.0732484076433121,
        "hazard_contribution_points": 7.624031230737619,
        "exposure_contribution_points": 2.1925966959338035,
        "vulnerability_contribution_points": 4.400063066033886,
        "adaptive_deficit_contribution_points": 2.6812816188870148,
        "primary_driver": "hazard",
        "temporal_context_id": "era5-temporal:pilot_v1:2026-07-31T03Z",
        "source_ids": [
          "LC09_L2SP_119039_20260731_02_T1",
          "S2C_MSIL2A_20260731T023551_R089_T51RTP_20260731T060913",
          "chn_pop_2026_CN_100m_R2025A_v1.tif"
        ],
        "analysis_reasons": [],
        "landsat_quality_flag": "HIGH",
        "sentinel_quality_flag": "HIGH"
      }
    },
    {
      "type": "Feature",
      "id": "M4B-R-5EEC8B7710-G-R09-C07",
      "geometry": {
        "type": "Polygon",
        "coordinates": [
          [
            [
              120.13975821005506,
              30.253839899152755
            ],
            [
              120.1397592777332,
              30.256095061392674
            ],
            [
              120.13716154034988,
              30.256095962159854
            ],
            [
              120.13716053198716,
              30.253840799879395
            ],
            [
              120.13975821005506,
              30.253839899152755
            ]
          ]
        ]
      },
      "properties": {
        "grid_id": "M4B-R-5EEC8B7710-G-R09-C07",
        "row": 9,
        "column": 7,
        "analysis_status": "ANALYZABLE_LAND",
        "ranking_eligible": true,
        "source_mode": "REAL",
        "population_total": 49.928041632962774,
        "population_age_0_14": 5.55395463289789,
        "population_age_65_plus": 5.555730447832813,
        "elderly_share": 0.11127475194550568,
        "child_share": 0.1112391844592426,
        "vulnerability_share_raw": 0.11126408169962676,
        "lst_median_c": 38.475973580000016,
        "lst_valid_fraction": 1.0,
        "ndvi_median_land": 0.8549081218759227,
        "green_fraction_land": 0.9913793103448276,
        "green_fraction_grid_legacy": 0.92,
        "water_fraction_grid": 0.072,
        "sentinel_valid_fraction": 1.0,
        "spatial_heat_score": 0.0732484076433121,
        "temporal_severity_score": 0.5238709677419354,
        "hazard_score": 0.20843517567289907,
        "exposure_score": 0.27239237168706276,
        "vulnerability_score": 0.22000462901419188,
        "adaptive_capacity_score": 0.9913793103448276,
        "risk_score": 19.676619244203955,
        "risk_percentile_within_aoi": 0.11146496815286625,
        "hazard_contribution_points": 8.337407026915963,
        "exposure_contribution_points": 6.809809292176569,
        "vulnerability_contribution_points": 4.400092580283838,
        "adaptive_deficit_contribution_points": 0.12931034482758563,
        "primary_driver": "hazard",
        "temporal_context_id": "era5-temporal:pilot_v1:2026-07-31T03Z",
        "source_ids": [
          "LC09_L2SP_119039_20260731_02_T1",
          "S2C_MSIL2A_20260731T023551_R089_T51RTP_20260731T060913",
          "chn_pop_2026_CN_100m_R2025A_v1.tif"
        ],
        "analysis_reasons": [],
        "landsat_quality_flag": "HIGH",
        "sentinel_quality_flag": "HIGH"
      }
    },
    {
      "type": "Feature",
      "id": "M4B-R-5EEC8B7710-G-R09-C08",
      "geometry": {
        "type": "Polygon",
        "coordinates": [
          [
            [
              120.14235588807423,
              30.253838946956034
            ],
            [
              120.14235701506777,
              30.256094109153096
            ],
            [
              120.1397592777332,
              30.256095061392674
            ],
            [
              120.13975821005506,
              30.253839899152755
            ],
            [
              120.14235588807423,
              30.253838946956034
            ]
          ]
        ]
      },
      "properties": {
        "grid_id": "M4B-R-5EEC8B7710-G-R09-C08",
        "row": 9,
        "column": 8,
        "analysis_status": "ANALYZABLE_LAND",
        "ranking_eligible": true,
        "source_mode": "REAL",
        "population_total": 29.608730037364275,
        "population_age_0_14": 3.293650320983809,
        "population_age_65_plus": 3.2947063187602836,
        "elderly_share": 0.11127482720814369,
        "child_share": 0.11123916212642143,
        "vulnerability_share_raw": 0.111264127683627,
        "lst_median_c": 36.821651900000006,
        "lst_valid_fraction": 1.0,
        "ndvi_median_land": 0.8181580927252634,
        "green_fraction_land": 0.9592760180995475,
        "green_fraction_grid_legacy": 0.6784,
        "water_fraction_grid": 0.2928,
        "sentinel_valid_fraction": 1.0,
        "spatial_heat_score": 0.01592356687898089,
        "temporal_severity_score": 0.5238709677419354,
        "hazard_score": 0.16830778713786723,
        "exposure_score": 0.16474423555055084,
        "vulnerability_score": 0.22000578242864563,
        "adaptive_capacity_score": 0.9592760180995475,
        "risk_score": 15.86189275135816,
        "risk_percentile_within_aoi": 0.06687898089171974,
        "hazard_contribution_points": 6.732311485514689,
        "exposure_contribution_points": 4.118605888763771,
        "vulnerability_contribution_points": 4.400115648572912,
        "adaptive_deficit_contribution_points": 0.6108597285067868,
        "primary_driver": "hazard",
        "temporal_context_id": "era5-temporal:pilot_v1:2026-07-31T03Z",
        "source_ids": [
          "LC09_L2SP_119039_20260731_02_T1",
          "S2C_MSIL2A_20260731T023551_R089_T51RTP_20260731T060913",
          "chn_pop_2026_CN_100m_R2025A_v1.tif"
        ],
        "analysis_reasons": [],
        "landsat_quality_flag": "HIGH",
        "sentinel_quality_flag": "HIGH"
      }
    },
    {
      "type": "Feature",
      "id": "M4B-R-5EEC8B7710-G-R09-C09",
      "geometry": {
        "type": "Polygon",
        "coordinates": [
          [
            [
              120.14495356604196,
              30.253837943289252
            ],
            [
              120.14495475235093,
              30.256093105441135
            ],
            [
              120.14235701506777,
              30.256094109153096
            ],
            [
              120.14235588807423,
              30.253838946956034
            ],
            [
              120.14495356604196,
              30.253837943289252
            ]
          ]
        ]
      },
      "properties": {
        "grid_id": "M4B-R-5EEC8B7710-G-R09-C09",
        "row": 9,
        "column": 9,
        "analysis_status": "NON_URBAN_WATER",
        "ranking_eligible": false,
        "source_mode": "REAL",
        "population_total": 0.10649711170793347,
        "population_age_0_14": 0.011846561424021549,
        "population_age_65_plus": 0.011850484202281287,
        "elderly_share": 0.11127516992931263,
        "child_share": 0.11123833533167118,
        "vulnerability_share_raw": 0.11126411955002019,
        "lst_median_c": 35.09555180000001,
        "lst_valid_fraction": 1.0,
        "ndvi_median_land": 0.5951910138220647,
        "green_fraction_land": 1.0,
        "green_fraction_grid_legacy": 0.0256,
        "water_fraction_grid": 0.9744,
        "sentinel_valid_fraction": 1.0,
        "spatial_heat_score": null,
        "temporal_severity_score": 0.5238709677419354,
        "hazard_score": null,
        "exposure_score": null,
        "vulnerability_score": 0.0,
        "adaptive_capacity_score": null,
        "risk_score": null,
        "risk_percentile_within_aoi": null,
        "hazard_contribution_points": null,
        "exposure_contribution_points": null,
        "vulnerability_contribution_points": 0.0,
        "adaptive_deficit_contribution_points": null,
        "primary_driver": "vulnerability",
        "temporal_context_id": "era5-temporal:pilot_v1:2026-07-31T03Z",
        "source_ids": [
          "LC09_L2SP_119039_20260731_02_T1",
          "S2C_MSIL2A_20260731T023551_R089_T51RTP_20260731T060913",
          "chn_pop_2026_CN_100m_R2025A_v1.tif"
        ],
        "analysis_reasons": [
          "WATER_EXCLUDED"
        ],
        "landsat_quality_flag": "HIGH",
        "sentinel_quality_flag": "HIGH"
      }
    },
    {
      "type": "Feature",
      "id": "M4B-R-5EEC8B7710-G-R09-C10",
      "geometry": {
        "type": "Polygon",
        "coordinates": [
          [
            [
              120.14755124395556,
              30.253836888152385
            ],
            [
              120.14755248957991,
              30.25609205025678
            ],
            [
              120.14495475235093,
              30.256093105441135
            ],
            [
              120.14495356604196,
              30.253837943289252
            ],
            [
              120.14755124395556,
              30.253836888152385
            ]
          ]
        ]
      },
      "properties": {
        "grid_id": "M4B-R-5EEC8B7710-G-R09-C10",
        "row": 9,
        "column": 10,
        "analysis_status": "NON_URBAN_WATER",
        "ranking_eligible": false,
        "source_mode": "REAL",
        "population_total": 0.0,
        "population_age_0_14": 0.0,
        "population_age_65_plus": 0.0,
        "elderly_share": 0.0,
        "child_share": 0.0,
        "vulnerability_share_raw": 0.0,
        "lst_median_c": 34.94515892000004,
        "lst_valid_fraction": 1.0,
        "ndvi_median_land": null,
        "green_fraction_land": null,
        "green_fraction_grid_legacy": 0.0,
        "water_fraction_grid": 1.0,
        "sentinel_valid_fraction": 1.0,
        "spatial_heat_score": null,
        "temporal_severity_score": 0.5238709677419354,
        "hazard_score": null,
        "exposure_score": null,
        "vulnerability_score": 0.0,
        "adaptive_capacity_score": null,
        "risk_score": null,
        "risk_percentile_within_aoi": null,
        "hazard_contribution_points": null,
        "exposure_contribution_points": null,
        "vulnerability_contribution_points": 0.0,
        "adaptive_deficit_contribution_points": null,
        "primary_driver": "vulnerability",
        "temporal_context_id": "era5-temporal:pilot_v1:2026-07-31T03Z",
        "source_ids": [
          "LC09_L2SP_119039_20260731_02_T1",
          "S2C_MSIL2A_20260731T023551_R089_T51RTP_20260731T060913",
          "chn_pop_2026_CN_100m_R2025A_v1.tif"
        ],
        "analysis_reasons": [
          "WATER_EXCLUDED"
        ],
        "landsat_quality_flag": "HIGH",
        "sentinel_quality_flag": "HIGH"
      }
    },
    {
      "type": "Feature",
      "id": "M4B-R-5EEC8B7710-G-R09-C11",
      "geometry": {
        "type": "Polygon",
        "coordinates": [
          [
            [
              120.15014892181229,
              30.25383578154547
            ],
            [
              120.15015022675202,
              30.25609094360004
            ],
            [
              120.14755248957991,
              30.25609205025678
            ],
            [
              120.14755124395556,
              30.253836888152385
            ],
            [
              120.15014892181229,
              30.25383578154547
            ]
          ]
        ]
      },
      "properties": {
        "grid_id": "M4B-R-5EEC8B7710-G-R09-C11",
        "row": 9,
        "column": 11,
        "analysis_status": "NON_URBAN_WATER",
        "ranking_eligible": false,
        "source_mode": "REAL",
        "population_total": 0.0,
        "population_age_0_14": 0.0,
        "population_age_65_plus": 0.0,
        "elderly_share": 0.0,
        "child_share": 0.0,
        "vulnerability_share_raw": 0.0,
        "lst_median_c": 35.249362700000006,
        "lst_valid_fraction": 1.0,
        "ndvi_median_land": null,
        "green_fraction_land": null,
        "green_fraction_grid_legacy": 0.0,
        "water_fraction_grid": 1.0,
        "sentinel_valid_fraction": 1.0,
        "spatial_heat_score": null,
        "temporal_severity_score": 0.5238709677419354,
        "hazard_score": null,
        "exposure_score": null,
        "vulnerability_score": 0.0,
        "adaptive_capacity_score": null,
        "risk_score": null,
        "risk_percentile_within_aoi": null,
        "hazard_contribution_points": null,
        "exposure_contribution_points": null,
        "vulnerability_contribution_points": 0.0,
        "adaptive_deficit_contribution_points": null,
        "primary_driver": "vulnerability",
        "temporal_context_id": "era5-temporal:pilot_v1:2026-07-31T03Z",
        "source_ids": [
          "LC09_L2SP_119039_20260731_02_T1",
          "S2C_MSIL2A_20260731T023551_R089_T51RTP_20260731T060913",
          "chn_pop_2026_CN_100m_R2025A_v1.tif"
        ],
        "analysis_reasons": [
          "WATER_EXCLUDED"
        ],
        "landsat_quality_flag": "HIGH",
        "sentinel_quality_flag": "HIGH"
      }
    },
    {
      "type": "Feature",
      "id": "M4B-R-5EEC8B7710-G-R09-C12",
      "geometry": {
        "type": "Polygon",
        "coordinates": [
          [
            [
              120.15274659960944,
              30.25383462346848
            ],
            [
              120.15274796386456,
              30.25608978547093
            ],
            [
              120.15015022675202,
              30.25609094360004
            ],
            [
              120.15014892181229,
              30.25383578154547
            ],
            [
              120.15274659960944,
              30.25383462346848
            ]
          ]
        ]
      },
      "properties": {
        "grid_id": "M4B-R-5EEC8B7710-G-R09-C12",
        "row": 9,
        "column": 12,
        "analysis_status": "NON_URBAN_WATER",
        "ranking_eligible": false,
        "source_mode": "REAL",
        "population_total": 0.0,
        "population_age_0_14": 0.0,
        "population_age_65_plus": 0.0,
        "elderly_share": 0.0,
        "child_share": 0.0,
        "vulnerability_share_raw": 0.0,
        "lst_median_c": 35.49546013999998,
        "lst_valid_fraction": 1.0,
        "ndvi_median_land": null,
        "green_fraction_land": null,
        "green_fraction_grid_legacy": 0.0,
        "water_fraction_grid": 1.0,
        "sentinel_valid_fraction": 1.0,
        "spatial_heat_score": null,
        "temporal_severity_score": 0.5238709677419354,
        "hazard_score": null,
        "exposure_score": null,
        "vulnerability_score": 0.0,
        "adaptive_capacity_score": null,
        "risk_score": null,
        "risk_percentile_within_aoi": null,
        "hazard_contribution_points": null,
        "exposure_contribution_points": null,
        "vulnerability_contribution_points": 0.0,
        "adaptive_deficit_contribution_points": null,
        "primary_driver": "vulnerability",
        "temporal_context_id": "era5-temporal:pilot_v1:2026-07-31T03Z",
        "source_ids": [
          "LC09_L2SP_119039_20260731_02_T1",
          "S2C_MSIL2A_20260731T023551_R089_T51RTP_20260731T060913",
          "chn_pop_2026_CN_100m_R2025A_v1.tif"
        ],
        "analysis_reasons": [
          "WATER_EXCLUDED"
        ],
        "landsat_quality_flag": "HIGH",
        "sentinel_quality_flag": "HIGH"
      }
    },
    {
      "type": "Feature",
      "id": "M4B-R-5EEC8B7710-G-R09-C13",
      "geometry": {
        "type": "Polygon",
        "coordinates": [
          [
            [
              120.15534427734434,
              30.253833413921424
            ],
            [
              120.15534570091484,
              30.25608857586944
            ],
            [
              120.15274796386456,
              30.25608978547093
            ],
            [
              120.15274659960944,
              30.25383462346848
            ],
            [
              120.15534427734434,
              30.253833413921424
            ]
          ]
        ]
      },
      "properties": {
        "grid_id": "M4B-R-5EEC8B7710-G-R09-C13",
        "row": 9,
        "column": 13,
        "analysis_status": "NON_URBAN_WATER",
        "ranking_eligible": false,
        "source_mode": "REAL",
        "population_total": 0.0,
        "population_age_0_14": 0.0,
        "population_age_65_plus": 0.0,
        "elderly_share": 0.0,
        "child_share": 0.0,
        "vulnerability_share_raw": 0.0,
        "lst_median_c": 35.69712332000006,
        "lst_valid_fraction": 1.0,
        "ndvi_median_land": null,
        "green_fraction_land": null,
        "green_fraction_grid_legacy": 0.0,
        "water_fraction_grid": 1.0,
        "sentinel_valid_fraction": 1.0,
        "spatial_heat_score": null,
        "temporal_severity_score": 0.5238709677419354,
        "hazard_score": null,
        "exposure_score": null,
        "vulnerability_score": 0.0,
        "adaptive_capacity_score": null,
        "risk_score": null,
        "risk_percentile_within_aoi": null,
        "hazard_contribution_points": null,
        "exposure_contribution_points": null,
        "vulnerability_contribution_points": 0.0,
        "adaptive_deficit_contribution_points": null,
        "primary_driver": "vulnerability",
        "temporal_context_id": "era5-temporal:pilot_v1:2026-07-31T03Z",
        "source_ids": [
          "LC09_L2SP_119039_20260731_02_T1",
          "S2C_MSIL2A_20260731T023551_R089_T51RTP_20260731T060913",
          "chn_pop_2026_CN_100m_R2025A_v1.tif"
        ],
        "analysis_reasons": [
          "WATER_EXCLUDED"
        ],
        "landsat_quality_flag": "HIGH",
        "sentinel_quality_flag": "HIGH"
      }
    },
    {
      "type": "Feature",
      "id": "M4B-R-5EEC8B7710-G-R09-C14",
      "geometry": {
        "type": "Polygon",
        "coordinates": [
          [
            [
              120.15794195501427,
              30.253832152904327
            ],
            [
              120.1579434379001,
              30.256087314795565
            ],
            [
              120.15534570091484,
              30.25608857586944
            ],
            [
              120.15534427734434,
              30.253833413921424
            ],
            [
              120.15794195501427,
              30.253832152904327
            ]
          ]
        ]
      },
      "properties": {
        "grid_id": "M4B-R-5EEC8B7710-G-R09-C14",
        "row": 9,
        "column": 14,
        "analysis_status": "NON_URBAN_WATER",
        "ranking_eligible": false,
        "source_mode": "REAL",
        "population_total": 178.05070702831873,
        "population_age_0_14": 18.443350219857226,
        "population_age_65_plus": 18.165635577489514,
        "elderly_share": 0.10202506848007233,
        "child_share": 0.10358481877257492,
        "vulnerability_share_raw": 0.10249299356782311,
        "lst_median_c": 37.045532210000005,
        "lst_valid_fraction": 1.0,
        "ndvi_median_land": 0.3545937758694704,
        "green_fraction_land": 0.5247148288973384,
        "green_fraction_grid_legacy": 0.2208,
        "water_fraction_grid": 0.5792,
        "sentinel_valid_fraction": 1.0,
        "spatial_heat_score": null,
        "temporal_severity_score": 0.5238709677419354,
        "hazard_score": null,
        "exposure_score": null,
        "vulnerability_score": 0.0,
        "adaptive_capacity_score": null,
        "risk_score": null,
        "risk_percentile_within_aoi": null,
        "hazard_contribution_points": null,
        "exposure_contribution_points": null,
        "vulnerability_contribution_points": 0.0,
        "adaptive_deficit_contribution_points": null,
        "primary_driver": "vulnerability",
        "temporal_context_id": "era5-temporal:pilot_v1:2026-07-31T03Z",
        "source_ids": [
          "LC09_L2SP_119039_20260731_02_T1",
          "S2C_MSIL2A_20260731T023551_R089_T51RTP_20260731T060913",
          "chn_pop_2026_CN_100m_R2025A_v1.tif"
        ],
        "analysis_reasons": [
          "WATER_EXCLUDED"
        ],
        "landsat_quality_flag": "HIGH",
        "sentinel_quality_flag": "HIGH"
      }
    },
    {
      "type": "Feature",
      "id": "M4B-R-5EEC8B7710-G-R09-C15",
      "geometry": {
        "type": "Polygon",
        "coordinates": [
          [
            [
              120.1605396326165,
              30.253830840417173
            ],
            [
              120.16054117481767,
              30.256086002249333
            ],
            [
              120.1579434379001,
              30.256087314795565
            ],
            [
              120.15794195501427,
              30.253832152904327
            ],
            [
              120.1605396326165,
              30.253830840417173
            ]
          ]
        ]
      },
      "properties": {
        "grid_id": "M4B-R-5EEC8B7710-G-R09-C15",
        "row": 9,
        "column": 15,
        "analysis_status": "ANALYZABLE_LAND",
        "ranking_eligible": true,
        "source_mode": "REAL",
        "population_total": 713.4799950964184,
        "population_age_0_14": 73.90569838859031,
        "population_age_65_plus": 72.79285265854641,
        "elderly_share": 0.10202507871115477,
        "child_share": 0.10358482213450543,
        "vulnerability_share_raw": 0.10249300173815996,
        "lst_median_c": 49.52643224000002,
        "lst_valid_fraction": 1.0,
        "ndvi_median_land": 0.16152277540172175,
        "green_fraction_land": 0.312,
        "green_fraction_grid_legacy": 0.312,
        "water_fraction_grid": 0.0,
        "sentinel_valid_fraction": 1.0,
        "spatial_heat_score": 0.8471337579617835,
        "temporal_severity_score": 0.5238709677419354,
        "hazard_score": 0.750154920895829,
        "exposure_score": 0.8308250297575406,
        "vulnerability_score": 5.4630091911796715e-08,
        "adaptive_capacity_score": 0.312,
        "risk_score": 61.09682367237351,
        "risk_percentile_within_aoi": 0.6624203821656051,
        "hazard_contribution_points": 30.006196835833162,
        "exposure_contribution_points": 20.770625743938513,
        "vulnerability_contribution_points": 1.0926018382359343e-06,
        "adaptive_deficit_contribution_points": 10.319999999999999,
        "primary_driver": "hazard",
        "temporal_context_id": "era5-temporal:pilot_v1:2026-07-31T03Z",
        "source_ids": [
          "LC09_L2SP_119039_20260731_02_T1",
          "S2C_MSIL2A_20260731T023551_R089_T51RTP_20260731T060913",
          "chn_pop_2026_CN_100m_R2025A_v1.tif"
        ],
        "analysis_reasons": [],
        "landsat_quality_flag": "HIGH",
        "sentinel_quality_flag": "HIGH"
      }
    },
    {
      "type": "Feature",
      "id": "M4B-R-5EEC8B7710-G-R09-C16",
      "geometry": {
        "type": "Polygon",
        "coordinates": [
          [
            [
              120.16313731014834,
              30.25382947645998
            ],
            [
              120.16313891166486,
              30.25608463823074
            ],
            [
              120.16054117481767,
              30.256086002249333
            ],
            [
              120.1605396326165,
              30.253830840417173
            ],
            [
              120.16313731014834,
              30.25382947645998
            ]
          ]
        ]
      },
      "properties": {
        "grid_id": "M4B-R-5EEC8B7710-G-R09-C16",
        "row": 9,
        "column": 16,
        "analysis_status": "ANALYZABLE_LAND",
        "ranking_eligible": true,
        "source_mode": "REAL",
        "population_total": 1171.2421696276162,
        "population_age_0_14": 121.32291105543499,
        "population_age_65_plus": 119.49607194584978,
        "elderly_share": 0.10202507649109173,
        "child_share": 0.10358482148402177,
        "vulnerability_share_raw": 0.10249299998897073,
        "lst_median_c": 48.80523002000001,
        "lst_valid_fraction": 1.0,
        "ndvi_median_land": 0.26589848256302506,
        "green_fraction_land": 0.4624,
        "green_fraction_grid_legacy": 0.4624,
        "water_fraction_grid": 0.0,
        "sentinel_valid_fraction": 1.0,
        "spatial_heat_score": 0.7388535031847133,
        "temporal_severity_score": 0.5238709677419354,
        "hazard_score": 0.6743587425518799,
        "exposure_score": 0.9355109787443885,
        "vulnerability_score": 1.0755262872301325e-08,
        "adaptive_capacity_score": 0.4624,
        "risk_score": 58.42612438579017,
        "risk_percentile_within_aoi": 0.5859872611464968,
        "hazard_contribution_points": 26.974349702075195,
        "exposure_contribution_points": 23.387774468609713,
        "vulnerability_contribution_points": 2.151052574460265e-07,
        "adaptive_deficit_contribution_points": 8.064000000000002,
        "primary_driver": "hazard",
        "temporal_context_id": "era5-temporal:pilot_v1:2026-07-31T03Z",
        "source_ids": [
          "LC09_L2SP_119039_20260731_02_T1",
          "S2C_MSIL2A_20260731T023551_R089_T51RTP_20260731T060913",
          "chn_pop_2026_CN_100m_R2025A_v1.tif"
        ],
        "analysis_reasons": [],
        "landsat_quality_flag": "HIGH",
        "sentinel_quality_flag": "HIGH"
      }
    },
    {
      "type": "Feature",
      "id": "M4B-R-5EEC8B7710-G-R09-C17",
      "geometry": {
        "type": "Polygon",
        "coordinates": [
          [
            [
              120.16573498760707,
              30.253828061032724
            ],
            [
              120.16573664843894,
              30.256083222739775
            ],
            [
              120.16313891166486,
              30.25608463823074
            ],
            [
              120.16313731014834,
              30.25382947645998
            ],
            [
              120.16573498760707,
              30.253828061032724
            ]
          ]
        ]
      },
      "properties": {
        "grid_id": "M4B-R-5EEC8B7710-G-R09-C17",
        "row": 9,
        "column": 17,
        "analysis_status": "ANALYZABLE_LAND",
        "ranking_eligible": true,
        "source_mode": "REAL",
        "population_total": 1653.8614361049777,
        "population_age_0_14": 171.3149421531616,
        "population_age_65_plus": 168.7353418567437,
        "elderly_share": 0.1020250779014073,
        "child_share": 0.10358482180745855,
        "vulnerability_share_raw": 0.10249300107322266,
        "lst_median_c": 48.730033580000054,
        "lst_valid_fraction": 1.0,
        "ndvi_median_land": 0.2841781787802499,
        "green_fraction_land": 0.4608,
        "green_fraction_grid_legacy": 0.4608,
        "water_fraction_grid": 0.0,
        "sentinel_valid_fraction": 1.0,
        "spatial_heat_score": 0.7261146496815286,
        "temporal_severity_score": 0.5238709677419354,
        "hazard_score": 0.6654415450996506,
        "exposure_score": 1.0,
        "vulnerability_score": 3.79515017897383e-08,
        "adaptive_capacity_score": 0.4608,
        "risk_score": 59.70566256301606,
        "risk_percentile_within_aoi": 0.6273885350318471,
        "hazard_contribution_points": 26.617661803986024,
        "exposure_contribution_points": 25.0,
        "vulnerability_contribution_points": 7.59030035794766e-07,
        "adaptive_deficit_contribution_points": 8.088000000000001,
        "primary_driver": "hazard",
        "temporal_context_id": "era5-temporal:pilot_v1:2026-07-31T03Z",
        "source_ids": [
          "LC09_L2SP_119039_20260731_02_T1",
          "S2C_MSIL2A_20260731T023551_R089_T51RTP_20260731T060913",
          "chn_pop_2026_CN_100m_R2025A_v1.tif"
        ],
        "analysis_reasons": [],
        "landsat_quality_flag": "HIGH",
        "sentinel_quality_flag": "HIGH"
      }
    },
    {
      "type": "Feature",
      "id": "M4B-R-5EEC8B7710-G-R09-C18",
      "geometry": {
        "type": "Polygon",
        "coordinates": [
          [
            [
              120.16833266498999,
              30.25382659413543
            ],
            [
              120.16833438513719,
              30.256081755776464
            ],
            [
              120.16573664843894,
              30.256083222739775
            ],
            [
              120.16573498760707,
              30.253828061032724
            ],
            [
              120.16833266498999,
              30.25382659413543
            ]
          ]
        ]
      },
      "properties": {
        "grid_id": "M4B-R-5EEC8B7710-G-R09-C18",
        "row": 9,
        "column": 18,
        "analysis_status": "ANALYZABLE_LAND",
        "ranking_eligible": true,
        "source_mode": "REAL",
        "population_total": 1455.245956658996,
        "population_age_0_14": 150.74139296613404,
        "population_age_65_plus": 148.4715774512495,
        "elderly_share": 0.10202507471116132,
        "child_share": 0.10358482171097136,
        "vulnerability_share_raw": 0.10249299881110431,
        "lst_median_c": 48.53691545000001,
        "lst_valid_fraction": 1.0,
        "ndvi_median_land": 0.15555122712475503,
        "green_fraction_land": 0.2944,
        "green_fraction_grid_legacy": 0.2944,
        "water_fraction_grid": 0.0,
        "sentinel_valid_fraction": 1.0,
        "spatial_heat_score": 0.7006369426751592,
        "temporal_severity_score": 0.5238709677419354,
        "hazard_score": 0.647607150195192,
        "exposure_score": 0.9813806828124347,
        "vulnerability_score": 0.0,
        "adaptive_capacity_score": 0.2944,
        "risk_score": 61.02280307811855,
        "risk_percentile_within_aoi": 0.6592356687898089,
        "hazard_contribution_points": 25.90428600780768,
        "exposure_contribution_points": 24.53451707031087,
        "vulnerability_contribution_points": 0.0,
        "adaptive_deficit_contribution_points": 10.584,
        "primary_driver": "hazard",
        "temporal_context_id": "era5-temporal:pilot_v1:2026-07-31T03Z",
        "source_ids": [
          "LC09_L2SP_119039_20260731_02_T1",
          "S2C_MSIL2A_20260731T023551_R089_T51RTP_20260731T060913",
          "chn_pop_2026_CN_100m_R2025A_v1.tif"
        ],
        "analysis_reasons": [],
        "landsat_quality_flag": "HIGH",
        "sentinel_quality_flag": "HIGH"
      }
    },
    {
      "type": "Feature",
      "id": "M4B-R-5EEC8B7710-G-R09-C19",
      "geometry": {
        "type": "Polygon",
        "coordinates": [
          [
            [
              120.17093034229441,
              30.25382507576811
            ],
            [
              120.17093212175693,
              30.256080237340793
            ],
            [
              120.16833438513719,
              30.256081755776464
            ],
            [
              120.16833266498999,
              30.25382659413543
            ],
            [
              120.17093034229441,
              30.25382507576811
            ]
          ]
        ]
      },
      "properties": {
        "grid_id": "M4B-R-5EEC8B7710-G-R09-C19",
        "row": 9,
        "column": 19,
        "analysis_status": "ANALYZABLE_LAND",
        "ranking_eligible": true,
        "source_mode": "REAL",
        "population_total": 940.5796509937608,
        "population_age_0_14": 97.42977681388132,
        "population_age_65_plus": 95.96271183252875,
        "elderly_share": 0.10202507754780814,
        "child_share": 0.10358482315765899,
        "vulnerability_share_raw": 0.10249300123076338,
        "lst_median_c": 51.009852920000014,
        "lst_valid_fraction": 1.0,
        "ndvi_median_land": 0.22117376522578944,
        "green_fraction_land": 0.3424,
        "green_fraction_grid_legacy": 0.3424,
        "water_fraction_grid": 0.0,
        "sentinel_valid_fraction": 1.0,
        "spatial_heat_score": 0.9713375796178344,
        "temporal_severity_score": 0.5238709677419354,
        "hazard_score": 0.8370975960550647,
        "exposure_score": 0.8891822318693382,
        "vulnerability_score": 4.190308796297251e-08,
        "adaptive_capacity_score": 0.3424,
        "risk_score": 65.5774604769978,
        "risk_percentile_within_aoi": 0.7515923566878981,
        "hazard_contribution_points": 33.48390384220259,
        "exposure_contribution_points": 22.229555796733454,
        "vulnerability_contribution_points": 8.380617592594502e-07,
        "adaptive_deficit_contribution_points": 9.863999999999999,
        "primary_driver": "hazard",
        "temporal_context_id": "era5-temporal:pilot_v1:2026-07-31T03Z",
        "source_ids": [
          "LC09_L2SP_119039_20260731_02_T1",
          "S2C_MSIL2A_20260731T023551_R089_T51RTP_20260731T060913",
          "chn_pop_2026_CN_100m_R2025A_v1.tif"
        ],
        "analysis_reasons": [],
        "landsat_quality_flag": "HIGH",
        "sentinel_quality_flag": "HIGH"
      }
    },
    {
      "type": "Feature",
      "id": "M4B-R-5EEC8B7710-G-R10-C00",
      "geometry": {
        "type": "Polygon",
        "coordinates": [
          [
            [
              120.12157511517805,
              30.25610028584256
            ],
            [
              120.12157576770733,
              30.258355447540445
            ],
            [
              120.11897797073782,
              30.258355988025137
            ],
            [
              120.11897737752936,
              30.256100826302923
            ],
            [
              120.12157511517805,
              30.25610028584256
            ]
          ]
        ]
      },
      "properties": {
        "grid_id": "M4B-R-5EEC8B7710-G-R10-C00",
        "row": 10,
        "column": 0,
        "analysis_status": "ANALYZABLE_LAND",
        "ranking_eligible": true,
        "source_mode": "REAL",
        "population_total": 12.369434927827331,
        "population_age_0_14": 1.3759648436309218,
        "population_age_65_plus": 1.3764046495429967,
        "elderly_share": 0.1112746586706657,
        "child_share": 0.11123910280941245,
        "vulnerability_share_raw": 0.11126399191228972,
        "lst_median_c": 38.52895289000003,
        "lst_valid_fraction": 1.0,
        "ndvi_median_land": 0.8607311418970962,
        "green_fraction_land": 1.0,
        "green_fraction_grid_legacy": 1.0,
        "water_fraction_grid": 0.0,
        "sentinel_valid_fraction": 1.0,
        "spatial_heat_score": 0.07643312101910828,
        "temporal_severity_score": 0.5238709677419354,
        "hazard_score": 0.2106644750359564,
        "exposure_score": 0.0,
        "vulnerability_score": 0.2200023768827603,
        "adaptive_capacity_score": 1.0,
        "risk_score": 12.82662653909346,
        "risk_percentile_within_aoi": 0.03184713375796178,
        "hazard_contribution_points": 8.426579001438256,
        "exposure_contribution_points": 0.0,
        "vulnerability_contribution_points": 4.400047537655206,
        "adaptive_deficit_contribution_points": 0.0,
        "primary_driver": "hazard",
        "temporal_context_id": "era5-temporal:pilot_v1:2026-07-31T03Z",
        "source_ids": [
          "LC09_L2SP_119039_20260731_02_T1",
          "S2C_MSIL2A_20260731T023551_R089_T51RTP_20260731T060913",
          "chn_pop_2026_CN_100m_R2025A_v1.tif"
        ],
        "analysis_reasons": [],
        "landsat_quality_flag": "HIGH",
        "sentinel_quality_flag": "HIGH"
      }
    },
    {
      "type": "Feature",
      "id": "M4B-R-5EEC8B7710-G-R10-C01",
      "geometry": {
        "type": "Polygon",
        "coordinates": [
          [
            [
              120.12417285279693,
              30.25609969390978
            ],
            [
              120.12417356464705,
              30.25835485558103
            ],
            [
              120.12157576770733,
              30.258355447540445
            ],
            [
              120.12157511517805,
              30.25610028584256
            ],
            [
              120.12417285279693,
              30.25609969390978
            ]
          ]
        ]
      },
      "properties": {
        "grid_id": "M4B-R-5EEC8B7710-G-R10-C01",
        "row": 10,
        "column": 1,
        "analysis_status": "ANALYZABLE_LAND",
        "ranking_eligible": true,
        "source_mode": "REAL",
        "population_total": 74.73755555295035,
        "population_age_0_14": 8.31374277313177,
        "population_age_65_plus": 8.316401935241657,
        "elderly_share": 0.11127473829873417,
        "child_share": 0.11123915830029545,
        "vulnerability_share_raw": 0.11126406429920256,
        "lst_median_c": 38.56826011999999,
        "lst_valid_fraction": 1.0,
        "ndvi_median_land": 0.8790028330474038,
        "green_fraction_land": 0.992,
        "green_fraction_grid_legacy": 0.992,
        "water_fraction_grid": 0.0,
        "sentinel_valid_fraction": 1.0,
        "spatial_heat_score": 0.08598726114649681,
        "temporal_severity_score": 0.5238709677419354,
        "hazard_score": 0.21735237312512837,
        "exposure_score": 0.3563030055235314,
        "vulnerability_score": 0.2200041925601934,
        "adaptive_capacity_score": 0.992,
        "risk_score": 22.12175391429729,
        "risk_percentile_within_aoi": 0.13694267515923567,
        "hazard_contribution_points": 8.694094925005135,
        "exposure_contribution_points": 8.907575138088285,
        "vulnerability_contribution_points": 4.400083851203868,
        "adaptive_deficit_contribution_points": 0.1200000000000001,
        "primary_driver": "exposure",
        "temporal_context_id": "era5-temporal:pilot_v1:2026-07-31T03Z",
        "source_ids": [
          "LC09_L2SP_119039_20260731_02_T1",
          "S2C_MSIL2A_20260731T023551_R089_T51RTP_20260731T060913",
          "chn_pop_2026_CN_100m_R2025A_v1.tif"
        ],
        "analysis_reasons": [],
        "landsat_quality_flag": "HIGH",
        "sentinel_quality_flag": "HIGH"
      }
    },
    {
      "type": "Feature",
      "id": "M4B-R-5EEC8B7710-G-R10-C02",
      "geometry": {
        "type": "Polygon",
        "coordinates": [
          [
            [
              120.12677059038334,
              30.256099050504602
            ],
            [
              120.12677136155428,
              30.258354212146884
            ],
            [
              120.12417356464705,
              30.25835485558103
            ],
            [
              120.12417285279693,
              30.25609969390978
            ],
            [
              120.12677059038334,
              30.256099050504602
            ]
          ]
        ]
      },
      "properties": {
        "grid_id": "M4B-R-5EEC8B7710-G-R10-C02",
        "row": 10,
        "column": 2,
        "analysis_status": "ANALYZABLE_LAND",
        "ranking_eligible": true,
        "source_mode": "REAL",
        "population_total": 267.4958780247321,
        "population_age_0_14": 29.756016500965863,
        "population_age_65_plus": 29.765523899755173,
        "elderly_share": 0.11127470120120174,
        "child_share": 0.11123915897580554,
        "vulnerability_share_raw": 0.11126403853358288,
        "lst_median_c": 45.2299811,
        "lst_valid_fraction": 1.0,
        "ndvi_median_land": 0.5290335445471614,
        "green_fraction_land": 0.7728,
        "green_fraction_grid_legacy": 0.7728,
        "water_fraction_grid": 0.0,
        "sentinel_valid_fraction": 1.0,
        "spatial_heat_score": 0.37898089171974525,
        "temporal_severity_score": 0.5238709677419354,
        "hazard_score": 0.4224479145264023,
        "exposure_score": 0.6238883943398044,
        "vulnerability_score": 0.22000354628240137,
        "adaptive_capacity_score": 0.7728,
        "risk_score": 40.303197365199225,
        "risk_percentile_within_aoi": 0.3343949044585987,
        "hazard_contribution_points": 16.89791658105609,
        "exposure_contribution_points": 15.597209858495109,
        "vulnerability_contribution_points": 4.400070925648027,
        "adaptive_deficit_contribution_points": 3.4079999999999995,
        "primary_driver": "hazard",
        "temporal_context_id": "era5-temporal:pilot_v1:2026-07-31T03Z",
        "source_ids": [
          "LC09_L2SP_119039_20260731_02_T1",
          "S2C_MSIL2A_20260731T023551_R089_T51RTP_20260731T060913",
          "chn_pop_2026_CN_100m_R2025A_v1.tif"
        ],
        "analysis_reasons": [],
        "landsat_quality_flag": "HIGH",
        "sentinel_quality_flag": "HIGH"
      }
    },
    {
      "type": "Feature",
      "id": "M4B-R-5EEC8B7710-G-R10-C03",
      "geometry": {
        "type": "Polygon",
        "coordinates": [
          [
            [
              120.12936832793456,
              30.256098355627014
            ],
            [
              120.12936915842631,
              30.258353517238017
            ],
            [
              120.12677136155428,
              30.258354212146884
            ],
            [
              120.12677059038334,
              30.256099050504602
            ],
            [
              120.12936832793456,
              30.256098355627014
            ]
          ]
        ]
      },
      "properties": {
        "grid_id": "M4B-R-5EEC8B7710-G-R10-C03",
        "row": 10,
        "column": 3,
        "analysis_status": "ANALYZABLE_LAND",
        "ranking_eligible": true,
        "source_mode": "REAL",
        "population_total": 75.28157185457901,
        "population_age_0_14": 8.374257522040647,
        "population_age_65_plus": 8.376934102870747,
        "elderly_share": 0.11127469706733041,
        "child_share": 0.11123914280399395,
        "vulnerability_share_raw": 0.11126403078832947,
        "lst_median_c": 40.220872790000044,
        "lst_valid_fraction": 1.0,
        "ndvi_median_land": 0.8873610967419902,
        "green_fraction_land": 0.9824,
        "green_fraction_grid_legacy": 0.9824,
        "water_fraction_grid": 0.0,
        "sentinel_valid_fraction": 1.0,
        "spatial_heat_score": 0.1942675159235669,
        "temporal_severity_score": 0.5238709677419354,
        "hazard_score": 0.2931485514690774,
        "exposure_score": 0.3578163043608614,
        "vulnerability_score": 0.22000335200858473,
        "adaptive_capacity_score": 0.9824,
        "risk_score": 25.335416707956327,
        "risk_percentile_within_aoi": 0.18471337579617833,
        "hazard_contribution_points": 11.725942058763097,
        "exposure_contribution_points": 8.945407609021535,
        "vulnerability_contribution_points": 4.400067040171694,
        "adaptive_deficit_contribution_points": 0.26399999999999924,
        "primary_driver": "hazard",
        "temporal_context_id": "era5-temporal:pilot_v1:2026-07-31T03Z",
        "source_ids": [
          "LC09_L2SP_119039_20260731_02_T1",
          "S2C_MSIL2A_20260731T023551_R089_T51RTP_20260731T060913",
          "chn_pop_2026_CN_100m_R2025A_v1.tif"
        ],
        "analysis_reasons": [],
        "landsat_quality_flag": "HIGH",
        "sentinel_quality_flag": "HIGH"
      }
    },
    {
      "type": "Feature",
      "id": "M4B-R-5EEC8B7710-G-R10-C04",
      "geometry": {
        "type": "Polygon",
        "coordinates": [
          [
            [
              120.13196606544784,
              30.256097609277028
            ],
            [
              120.13196695526041,
              30.258352770854433
            ],
            [
              120.12936915842631,
              30.258353517238017
            ],
            [
              120.12936832793456,
              30.256098355627014
            ],
            [
              120.13196606544784,
              30.256097609277028
            ]
          ]
        ]
      },
      "properties": {
        "grid_id": "M4B-R-5EEC8B7710-G-R10-C04",
        "row": 10,
        "column": 4,
        "analysis_status": "ANALYZABLE_LAND",
        "ranking_eligible": true,
        "source_mode": "REAL",
        "population_total": 30.02177793640665,
        "population_age_0_14": 3.339598645469618,
        "population_age_65_plus": 3.340664152621027,
        "elderly_share": 0.11127469398039508,
        "child_share": 0.11123920283947511,
        "vulnerability_share_raw": 0.11126404663811909,
        "lst_median_c": 38.544333980000005,
        "lst_valid_fraction": 1.0,
        "ndvi_median_land": 0.8963956956606732,
        "green_fraction_land": 0.992,
        "green_fraction_grid_legacy": 0.992,
        "water_fraction_grid": 0.0,
        "sentinel_valid_fraction": 1.0,
        "spatial_heat_score": 0.07961783439490445,
        "temporal_severity_score": 0.5238709677419354,
        "hazard_score": 0.21289377439901372,
        "exposure_score": 0.16757836928077116,
        "vulnerability_score": 0.22000374956809104,
        "adaptive_capacity_score": 0.992,
        "risk_score": 17.22528519934165,
        "risk_percentile_within_aoi": 0.07961783439490445,
        "hazard_contribution_points": 8.515750975960549,
        "exposure_contribution_points": 4.189459232019279,
        "vulnerability_contribution_points": 4.400074991361821,
        "adaptive_deficit_contribution_points": 0.1200000000000001,
        "primary_driver": "hazard",
        "temporal_context_id": "era5-temporal:pilot_v1:2026-07-31T03Z",
        "source_ids": [
          "LC09_L2SP_119039_20260731_02_T1",
          "S2C_MSIL2A_20260731T023551_R089_T51RTP_20260731T060913",
          "chn_pop_2026_CN_100m_R2025A_v1.tif"
        ],
        "analysis_reasons": [],
        "landsat_quality_flag": "HIGH",
        "sentinel_quality_flag": "HIGH"
      }
    },
    {
      "type": "Feature",
      "id": "M4B-R-5EEC8B7710-G-R10-C05",
      "geometry": {
        "type": "Polygon",
        "coordinates": [
          [
            [
              120.13456380292052,
              30.25609681145465
            ],
            [
              120.1345647520539,
              30.258351972996135
            ],
            [
              120.13196695526041,
              30.258352770854433
            ],
            [
              120.13196606544784,
              30.256097609277028
            ],
            [
              120.13456380292052,
              30.25609681145465
            ]
          ]
        ]
      },
      "properties": {
        "grid_id": "M4B-R-5EEC8B7710-G-R10-C05",
        "row": 10,
        "column": 5,
        "analysis_status": "ANALYZABLE_LAND",
        "ranking_eligible": true,
        "source_mode": "REAL",
        "population_total": 49.086143709152765,
        "population_age_0_14": 5.460301195174788,
        "population_age_65_plus": 5.462044283409175,
        "elderly_share": 0.11127466675266047,
        "child_share": 0.11123915595261238,
        "vulnerability_share_raw": 0.11126401351264603,
        "lst_median_c": 39.62955533000002,
        "lst_valid_fraction": 1.0,
        "ndvi_median_land": 0.88542720243868,
        "green_fraction_land": 0.9904,
        "green_fraction_grid_legacy": 0.9904,
        "water_fraction_grid": 0.0,
        "sentinel_valid_fraction": 1.0,
        "spatial_heat_score": 0.16560509554140126,
        "temporal_severity_score": 0.5238709677419354,
        "hazard_score": 0.2730848572015615,
        "exposure_score": 0.26886788158642666,
        "vulnerability_score": 0.2200029186834527,
        "adaptive_capacity_score": 0.9904,
        "risk_score": 22.189149701392182,
        "risk_percentile_within_aoi": 0.14012738853503184,
        "hazard_contribution_points": 10.923394288062461,
        "exposure_contribution_points": 6.721697039660667,
        "vulnerability_contribution_points": 4.400058373669054,
        "adaptive_deficit_contribution_points": 0.1440000000000008,
        "primary_driver": "hazard",
        "temporal_context_id": "era5-temporal:pilot_v1:2026-07-31T03Z",
        "source_ids": [
          "LC09_L2SP_119039_20260731_02_T1",
          "S2C_MSIL2A_20260731T023551_R089_T51RTP_20260731T060913",
          "chn_pop_2026_CN_100m_R2025A_v1.tif"
        ],
        "analysis_reasons": [],
        "landsat_quality_flag": "HIGH",
        "sentinel_quality_flag": "HIGH"
      }
    },
    {
      "type": "Feature",
      "id": "M4B-R-5EEC8B7710-G-R10-C06",
      "geometry": {
        "type": "Polygon",
        "coordinates": [
          [
            [
              120.13716154034988,
              30.256095962159854
            ],
            [
              120.13716254880406,
              30.258351123663115
            ],
            [
              120.1345647520539,
              30.258351972996135
            ],
            [
              120.13456380292052,
              30.25609681145465
            ],
            [
              120.13716154034988,
              30.256095962159854
            ]
          ]
        ]
      },
      "properties": {
        "grid_id": "M4B-R-5EEC8B7710-G-R10-C06",
        "row": 10,
        "column": 6,
        "analysis_status": "ANALYZABLE_LAND",
        "ranking_eligible": true,
        "source_mode": "REAL",
        "population_total": 82.62072008518865,
        "population_age_0_14": 9.190659083271049,
        "population_age_65_plus": 9.193597575195435,
        "elderly_share": 0.11127472098664949,
        "child_share": 0.1112391549455722,
        "vulnerability_share_raw": 0.11126405117432629,
        "lst_median_c": 40.42937201000004,
        "lst_valid_fraction": 1.0,
        "ndvi_median_land": 0.8278384542016458,
        "green_fraction_land": 0.9294320137693631,
        "green_fraction_grid_legacy": 0.864,
        "water_fraction_grid": 0.0704,
        "sentinel_valid_fraction": 1.0,
        "spatial_heat_score": 0.21337579617834396,
        "temporal_severity_score": 0.5238709677419354,
        "hazard_score": 0.30652434764742137,
        "exposure_score": 0.3772388154032457,
        "vulnerability_score": 0.22000386334955685,
        "adaptive_capacity_score": 0.9294320137693631,
        "risk_score": 27.150541351428693,
        "risk_percentile_within_aoi": 0.20063694267515925,
        "hazard_contribution_points": 12.260973905896854,
        "exposure_contribution_points": 9.430970385081142,
        "vulnerability_contribution_points": 4.400077266991137,
        "adaptive_deficit_contribution_points": 1.0585197934595532,
        "primary_driver": "hazard",
        "temporal_context_id": "era5-temporal:pilot_v1:2026-07-31T03Z",
        "source_ids": [
          "LC09_L2SP_119039_20260731_02_T1",
          "S2C_MSIL2A_20260731T023551_R089_T51RTP_20260731T060913",
          "chn_pop_2026_CN_100m_R2025A_v1.tif"
        ],
        "analysis_reasons": [],
        "landsat_quality_flag": "HIGH",
        "sentinel_quality_flag": "HIGH"
      }
    },
    {
      "type": "Feature",
      "id": "M4B-R-5EEC8B7710-G-R10-C07",
      "geometry": {
        "type": "Polygon",
        "coordinates": [
          [
            [
              120.1397592777332,
              30.256095061392674
            ],
            [
              120.13976034550818,
              30.258350222855388
            ],
            [
              120.13716254880406,
              30.258351123663115
            ],
            [
              120.13716154034988,
              30.256095962159854
            ],
            [
              120.1397592777332,
              30.256095061392674
            ]
          ]
        ]
      },
      "properties": {
        "grid_id": "M4B-R-5EEC8B7710-G-R10-C07",
        "row": 10,
        "column": 7,
        "analysis_status": "NON_URBAN_WATER",
        "ranking_eligible": false,
        "source_mode": "REAL",
        "population_total": 40.00879402762672,
        "population_age_0_14": 4.450541955268616,
        "population_age_65_plus": 4.451968259991282,
        "elderly_share": 0.11127474267075198,
        "child_share": 0.11123909289031417,
        "vulnerability_share_raw": 0.11126404773662063,
        "lst_median_c": 37.036987160000024,
        "lst_valid_fraction": 1.0,
        "ndvi_median_land": 0.6841747238404017,
        "green_fraction_land": 0.8204225352112676,
        "green_fraction_grid_legacy": 0.3728,
        "water_fraction_grid": 0.5456,
        "sentinel_valid_fraction": 1.0,
        "spatial_heat_score": null,
        "temporal_severity_score": 0.5238709677419354,
        "hazard_score": null,
        "exposure_score": null,
        "vulnerability_score": 0.0,
        "adaptive_capacity_score": null,
        "risk_score": null,
        "risk_percentile_within_aoi": null,
        "hazard_contribution_points": null,
        "exposure_contribution_points": null,
        "vulnerability_contribution_points": 0.0,
        "adaptive_deficit_contribution_points": null,
        "primary_driver": "vulnerability",
        "temporal_context_id": "era5-temporal:pilot_v1:2026-07-31T03Z",
        "source_ids": [
          "LC09_L2SP_119039_20260731_02_T1",
          "S2C_MSIL2A_20260731T023551_R089_T51RTP_20260731T060913",
          "chn_pop_2026_CN_100m_R2025A_v1.tif"
        ],
        "analysis_reasons": [
          "WATER_EXCLUDED"
        ],
        "landsat_quality_flag": "HIGH",
        "sentinel_quality_flag": "HIGH"
      }
    },
    {
      "type": "Feature",
      "id": "M4B-R-5EEC8B7710-G-R10-C08",
      "geometry": {
        "type": "Polygon",
        "coordinates": [
          [
            [
              120.14235701506777,
              30.256094109153096
            ],
            [
              120.14235814216356,
              30.258349270572946
            ],
            [
              120.13976034550818,
              30.258350222855388
            ],
            [
              120.1397592777332,
              30.256095061392674
            ],
            [
              120.14235701506777,
              30.256094109153096
            ]
          ]
        ]
      },
      "properties": {
        "grid_id": "M4B-R-5EEC8B7710-G-R10-C08",
        "row": 10,
        "column": 8,
        "analysis_status": "NON_URBAN_WATER",
        "ranking_eligible": false,
        "source_mode": "REAL",
        "population_total": 1.2272231308194472,
        "population_age_0_14": 0.13651500022677765,
        "population_age_65_plus": 0.13655894569196014,
        "elderly_share": 0.11127474887209497,
        "child_share": 0.11123894000891525,
        "vulnerability_share_raw": 0.11126400621314103,
        "lst_median_c": 35.362157360000026,
        "lst_valid_fraction": 1.0,
        "ndvi_median_land": 0.8453296765582038,
        "green_fraction_land": 0.8974358974358975,
        "green_fraction_grid_legacy": 0.056,
        "water_fraction_grid": 0.9376,
        "sentinel_valid_fraction": 1.0,
        "spatial_heat_score": null,
        "temporal_severity_score": 0.5238709677419354,
        "hazard_score": null,
        "exposure_score": null,
        "vulnerability_score": 0.0,
        "adaptive_capacity_score": null,
        "risk_score": null,
        "risk_percentile_within_aoi": null,
        "hazard_contribution_points": null,
        "exposure_contribution_points": null,
        "vulnerability_contribution_points": 0.0,
        "adaptive_deficit_contribution_points": null,
        "primary_driver": "vulnerability",
        "temporal_context_id": "era5-temporal:pilot_v1:2026-07-31T03Z",
        "source_ids": [
          "LC09_L2SP_119039_20260731_02_T1",
          "S2C_MSIL2A_20260731T023551_R089_T51RTP_20260731T060913",
          "chn_pop_2026_CN_100m_R2025A_v1.tif"
        ],
        "analysis_reasons": [
          "WATER_EXCLUDED"
        ],
        "landsat_quality_flag": "HIGH",
        "sentinel_quality_flag": "HIGH"
      }
    },
    {
      "type": "Feature",
      "id": "M4B-R-5EEC8B7710-G-R10-C09",
      "geometry": {
        "type": "Polygon",
        "coordinates": [
          [
            [
              120.14495475235093,
              30.256093105441135
            ],
            [
              120.14495593876747,
              30.25834826681579
            ],
            [
              120.14235814216356,
              30.258349270572946
            ],
            [
              120.14235701506777,
              30.256094109153096
            ],
            [
              120.14495475235093,
              30.256093105441135
            ]
          ]
        ]
      },
      "properties": {
        "grid_id": "M4B-R-5EEC8B7710-G-R10-C09",
        "row": 10,
        "column": 9,
        "analysis_status": "NON_URBAN_WATER",
        "ranking_eligible": false,
        "source_mode": "REAL",
        "population_total": 0.0,
        "population_age_0_14": 0.0,
        "population_age_65_plus": 0.0,
        "elderly_share": 0.0,
        "child_share": 0.0,
        "vulnerability_share_raw": 0.0,
        "lst_median_c": 35.94322076000003,
        "lst_valid_fraction": 1.0,
        "ndvi_median_land": 0.5959058393612338,
        "green_fraction_land": 1.0,
        "green_fraction_grid_legacy": 0.064,
        "water_fraction_grid": 0.936,
        "sentinel_valid_fraction": 1.0,
        "spatial_heat_score": null,
        "temporal_severity_score": 0.5238709677419354,
        "hazard_score": null,
        "exposure_score": null,
        "vulnerability_score": 0.0,
        "adaptive_capacity_score": null,
        "risk_score": null,
        "risk_percentile_within_aoi": null,
        "hazard_contribution_points": null,
        "exposure_contribution_points": null,
        "vulnerability_contribution_points": 0.0,
        "adaptive_deficit_contribution_points": null,
        "primary_driver": "vulnerability",
        "temporal_context_id": "era5-temporal:pilot_v1:2026-07-31T03Z",
        "source_ids": [
          "LC09_L2SP_119039_20260731_02_T1",
          "S2C_MSIL2A_20260731T023551_R089_T51RTP_20260731T060913",
          "chn_pop_2026_CN_100m_R2025A_v1.tif"
        ],
        "analysis_reasons": [
          "WATER_EXCLUDED"
        ],
        "landsat_quality_flag": "HIGH",
        "sentinel_quality_flag": "HIGH"
      }
    },
    {
      "type": "Feature",
      "id": "M4B-R-5EEC8B7710-G-R10-C10",
      "geometry": {
        "type": "Polygon",
        "coordinates": [
          [
            [
              120.14755248957991,
              30.25609205025678
            ],
            [
              120.14755373531722,
              30.25834721158395
            ],
            [
              120.14495593876747,
              30.25834826681579
            ],
            [
              120.14495475235093,
              30.256093105441135
            ],
            [
              120.14755248957991,
              30.25609205025678
            ]
          ]
        ]
      },
      "properties": {
        "grid_id": "M4B-R-5EEC8B7710-G-R10-C10",
        "row": 10,
        "column": 10,
        "analysis_status": "NON_URBAN_WATER",
        "ranking_eligible": false,
        "source_mode": "REAL",
        "population_total": 0.0,
        "population_age_0_14": 0.0,
        "population_age_65_plus": 0.0,
        "elderly_share": 0.0,
        "child_share": 0.0,
        "vulnerability_share_raw": 0.0,
        "lst_median_c": 35.300633000000005,
        "lst_valid_fraction": 1.0,
        "ndvi_median_land": null,
        "green_fraction_land": null,
        "green_fraction_grid_legacy": 0.0,
        "water_fraction_grid": 1.0,
        "sentinel_valid_fraction": 1.0,
        "spatial_heat_score": null,
        "temporal_severity_score": 0.5238709677419354,
        "hazard_score": null,
        "exposure_score": null,
        "vulnerability_score": 0.0,
        "adaptive_capacity_score": null,
        "risk_score": null,
        "risk_percentile_within_aoi": null,
        "hazard_contribution_points": null,
        "exposure_contribution_points": null,
        "vulnerability_contribution_points": 0.0,
        "adaptive_deficit_contribution_points": null,
        "primary_driver": "vulnerability",
        "temporal_context_id": "era5-temporal:pilot_v1:2026-07-31T03Z",
        "source_ids": [
          "LC09_L2SP_119039_20260731_02_T1",
          "S2C_MSIL2A_20260731T023551_R089_T51RTP_20260731T060913",
          "chn_pop_2026_CN_100m_R2025A_v1.tif"
        ],
        "analysis_reasons": [
          "WATER_EXCLUDED"
        ],
        "landsat_quality_flag": "HIGH",
        "sentinel_quality_flag": "HIGH"
      }
    },
    {
      "type": "Feature",
      "id": "M4B-R-5EEC8B7710-G-R10-C11",
      "geometry": {
        "type": "Polygon",
        "coordinates": [
          [
            [
              120.15015022675202,
              30.25609094360004
            ],
            [
              120.15015153181008,
              30.258346104877397
            ],
            [
              120.14755373531722,
              30.25834721158395
            ],
            [
              120.14755248957991,
              30.25609205025678
            ],
            [
              120.15015022675202,
              30.25609094360004
            ]
          ]
        ]
      },
      "properties": {
        "grid_id": "M4B-R-5EEC8B7710-G-R10-C11",
        "row": 10,
        "column": 11,
        "analysis_status": "NON_URBAN_WATER",
        "ranking_eligible": false,
        "source_mode": "REAL",
        "population_total": 0.0,
        "population_age_0_14": 0.0,
        "population_age_65_plus": 0.0,
        "elderly_share": 0.0,
        "child_share": 0.0,
        "vulnerability_share_raw": 0.0,
        "lst_median_c": 35.25278072000003,
        "lst_valid_fraction": 1.0,
        "ndvi_median_land": null,
        "green_fraction_land": null,
        "green_fraction_grid_legacy": 0.0,
        "water_fraction_grid": 1.0,
        "sentinel_valid_fraction": 1.0,
        "spatial_heat_score": null,
        "temporal_severity_score": 0.5238709677419354,
        "hazard_score": null,
        "exposure_score": null,
        "vulnerability_score": 0.0,
        "adaptive_capacity_score": null,
        "risk_score": null,
        "risk_percentile_within_aoi": null,
        "hazard_contribution_points": null,
        "exposure_contribution_points": null,
        "vulnerability_contribution_points": 0.0,
        "adaptive_deficit_contribution_points": null,
        "primary_driver": "vulnerability",
        "temporal_context_id": "era5-temporal:pilot_v1:2026-07-31T03Z",
        "source_ids": [
          "LC09_L2SP_119039_20260731_02_T1",
          "S2C_MSIL2A_20260731T023551_R089_T51RTP_20260731T060913",
          "chn_pop_2026_CN_100m_R2025A_v1.tif"
        ],
        "analysis_reasons": [
          "WATER_EXCLUDED"
        ],
        "landsat_quality_flag": "HIGH",
        "sentinel_quality_flag": "HIGH"
      }
    },
    {
      "type": "Feature",
      "id": "M4B-R-5EEC8B7710-G-R10-C12",
      "geometry": {
        "type": "Polygon",
        "coordinates": [
          [
            [
              120.15274796386456,
              30.25608978547093
            ],
            [
              120.1527493282434,
              30.25834494669616
            ],
            [
              120.15015153181008,
              30.258346104877397
            ],
            [
              120.15015022675202,
              30.25609094360004
            ],
            [
              120.15274796386456,
              30.25608978547093
            ]
          ]
        ]
      },
      "properties": {
        "grid_id": "M4B-R-5EEC8B7710-G-R10-C12",
        "row": 10,
        "column": 12,
        "analysis_status": "NON_URBAN_WATER",
        "ranking_eligible": false,
        "source_mode": "REAL",
        "population_total": 0.0,
        "population_age_0_14": 0.0,
        "population_age_65_plus": 0.0,
        "elderly_share": 0.0,
        "child_share": 0.0,
        "vulnerability_share_raw": 0.0,
        "lst_median_c": 35.688578269999994,
        "lst_valid_fraction": 1.0,
        "ndvi_median_land": null,
        "green_fraction_land": null,
        "green_fraction_grid_legacy": 0.0,
        "water_fraction_grid": 1.0,
        "sentinel_valid_fraction": 1.0,
        "spatial_heat_score": null,
        "temporal_severity_score": 0.5238709677419354,
        "hazard_score": null,
        "exposure_score": null,
        "vulnerability_score": 0.0,
        "adaptive_capacity_score": null,
        "risk_score": null,
        "risk_percentile_within_aoi": null,
        "hazard_contribution_points": null,
        "exposure_contribution_points": null,
        "vulnerability_contribution_points": 0.0,
        "adaptive_deficit_contribution_points": null,
        "primary_driver": "vulnerability",
        "temporal_context_id": "era5-temporal:pilot_v1:2026-07-31T03Z",
        "source_ids": [
          "LC09_L2SP_119039_20260731_02_T1",
          "S2C_MSIL2A_20260731T023551_R089_T51RTP_20260731T060913",
          "chn_pop_2026_CN_100m_R2025A_v1.tif"
        ],
        "analysis_reasons": [
          "WATER_EXCLUDED"
        ],
        "landsat_quality_flag": "HIGH",
        "sentinel_quality_flag": "HIGH"
      }
    },
    {
      "type": "Feature",
      "id": "M4B-R-5EEC8B7710-G-R10-C13",
      "geometry": {
        "type": "Polygon",
        "coordinates": [
          [
            [
              120.15534570091484,
              30.25608857586944
            ],
            [
              120.15534712461442,
              30.25834373704021
            ],
            [
              120.1527493282434,
              30.25834494669616
            ],
            [
              120.15274796386456,
              30.25608978547093
            ],
            [
              120.15534570091484,
              30.25608857586944
            ]
          ]
        ]
      },
      "properties": {
        "grid_id": "M4B-R-5EEC8B7710-G-R10-C13",
        "row": 10,
        "column": 13,
        "analysis_status": "NON_URBAN_WATER",
        "ranking_eligible": false,
        "source_mode": "REAL",
        "population_total": 17.80045173005606,
        "population_age_0_14": 1.8438568716114179,
        "population_age_65_plus": 1.8160928531131886,
        "elderly_share": 0.10202509917468645,
        "child_share": 0.10358483591166767,
        "vulnerability_share_raw": 0.10249302019578081,
        "lst_median_c": 36.004745120000024,
        "lst_valid_fraction": 1.0,
        "ndvi_median_land": 0.7411625569011001,
        "green_fraction_land": 0.6875,
        "green_fraction_grid_legacy": 0.0352,
        "water_fraction_grid": 0.9488,
        "sentinel_valid_fraction": 1.0,
        "spatial_heat_score": null,
        "temporal_severity_score": 0.5238709677419354,
        "hazard_score": null,
        "exposure_score": null,
        "vulnerability_score": 0.0,
        "adaptive_capacity_score": null,
        "risk_score": null,
        "risk_percentile_within_aoi": null,
        "hazard_contribution_points": null,
        "exposure_contribution_points": null,
        "vulnerability_contribution_points": 0.0,
        "adaptive_deficit_contribution_points": null,
        "primary_driver": "vulnerability",
        "temporal_context_id": "era5-temporal:pilot_v1:2026-07-31T03Z",
        "source_ids": [
          "LC09_L2SP_119039_20260731_02_T1",
          "S2C_MSIL2A_20260731T023551_R089_T51RTP_20260731T060913",
          "chn_pop_2026_CN_100m_R2025A_v1.tif"
        ],
        "analysis_reasons": [
          "WATER_EXCLUDED"
        ],
        "landsat_quality_flag": "HIGH",
        "sentinel_quality_flag": "HIGH"
      }
    },
    {
      "type": "Feature",
      "id": "M4B-R-5EEC8B7710-G-R10-C14",
      "geometry": {
        "type": "Polygon",
        "coordinates": [
          [
            [
              120.1579434379001,
              30.256087314795565
            ],
            [
              120.15794492092044,
              30.25834247590958
            ],
            [
              120.15534712461442,
              30.25834373704021
            ],
            [
              120.15534570091484,
              30.25608857586944
            ],
            [
              120.1579434379001,
              30.256087314795565
            ]
          ]
        ]
      },
      "properties": {
        "grid_id": "M4B-R-5EEC8B7710-G-R10-C14",
        "row": 10,
        "column": 14,
        "analysis_status": "ANALYZABLE_LAND",
        "ranking_eligible": true,
        "source_mode": "REAL",
        "population_total": 812.4650842265005,
        "population_age_0_14": 84.15905414254262,
        "population_age_65_plus": 82.89181540990624,
        "elderly_share": 0.10202508023938357,
        "child_share": 0.10358482570689843,
        "vulnerability_share_raw": 0.10249300387963803,
        "lst_median_c": 46.29640333999998,
        "lst_valid_fraction": 1.0,
        "ndvi_median_land": 0.3148929423917322,
        "green_fraction_land": 0.5316901408450704,
        "green_fraction_grid_legacy": 0.4832,
        "water_fraction_grid": 0.0912,
        "sentinel_valid_fraction": 1.0,
        "spatial_heat_score": 0.4394904458598726,
        "temporal_severity_score": 0.5238709677419354,
        "hazard_score": 0.4648046024244914,
        "exposure_score": 0.8582584442529878,
        "vulnerability_score": 1.0834468260800673e-07,
        "adaptive_capacity_score": 0.5316901408450704,
        "risk_score": 47.07329525752195,
        "risk_percentile_within_aoi": 0.40445859872611467,
        "hazard_contribution_points": 18.592184096979658,
        "exposure_contribution_points": 21.456461106324696,
        "vulnerability_contribution_points": 2.1668936521601348e-06,
        "adaptive_deficit_contribution_points": 7.024647887323944,
        "primary_driver": "exposure",
        "temporal_context_id": "era5-temporal:pilot_v1:2026-07-31T03Z",
        "source_ids": [
          "LC09_L2SP_119039_20260731_02_T1",
          "S2C_MSIL2A_20260731T023551_R089_T51RTP_20260731T060913",
          "chn_pop_2026_CN_100m_R2025A_v1.tif"
        ],
        "analysis_reasons": [],
        "landsat_quality_flag": "HIGH",
        "sentinel_quality_flag": "HIGH"
      }
    },
    {
      "type": "Feature",
      "id": "M4B-R-5EEC8B7710-G-R10-C15",
      "geometry": {
        "type": "Polygon",
        "coordinates": [
          [
            [
              120.16054117481767,
              30.256086002249333
            ],
            [
              120.16054271715876,
              30.258341163304262
            ],
            [
              120.15794492092044,
              30.25834247590958
            ],
            [
              120.1579434379001,
              30.256087314795565
            ],
            [
              120.16054117481767,
              30.256086002249333
            ]
          ]
        ]
      },
      "properties": {
        "grid_id": "M4B-R-5EEC8B7710-G-R10-C15",
        "row": 10,
        "column": 15,
        "analysis_status": "ANALYZABLE_LAND",
        "ranking_eligible": true,
        "source_mode": "REAL",
        "population_total": 1020.1469780914742,
        "population_age_0_14": 105.67174314612664,
        "population_age_65_plus": 104.08057402453144,
        "elderly_share": 0.10202507703277124,
        "child_share": 0.10358482200655139,
        "vulnerability_share_raw": 0.10249300052490526,
        "lst_median_c": 49.33160510000005,
        "lst_valid_fraction": 1.0,
        "ndvi_median_land": 0.10576330629299643,
        "green_fraction_land": 0.1744,
        "green_fraction_grid_legacy": 0.1744,
        "water_fraction_grid": 0.0,
        "sentinel_valid_fraction": 1.0,
        "spatial_heat_score": 0.8152866242038217,
        "temporal_severity_score": 0.5238709677419354,
        "hazard_score": 0.7278619272652558,
        "exposure_score": 0.9063345253985439,
        "vulnerability_score": 2.4198082834998918e-08,
        "adaptive_capacity_score": 0.1744,
        "risk_score": 64.15684070953547,
        "risk_percentile_within_aoi": 0.7261146496815286,
        "hazard_contribution_points": 29.11447709061023,
        "exposure_contribution_points": 22.658363134963597,
        "vulnerability_contribution_points": 4.839616566999784e-07,
        "adaptive_deficit_contribution_points": 12.384,
        "primary_driver": "hazard",
        "temporal_context_id": "era5-temporal:pilot_v1:2026-07-31T03Z",
        "source_ids": [
          "LC09_L2SP_119039_20260731_02_T1",
          "S2C_MSIL2A_20260731T023551_R089_T51RTP_20260731T060913",
          "chn_pop_2026_CN_100m_R2025A_v1.tif"
        ],
        "analysis_reasons": [],
        "landsat_quality_flag": "HIGH",
        "sentinel_quality_flag": "HIGH"
      }
    },
    {
      "type": "Feature",
      "id": "M4B-R-5EEC8B7710-G-R10-C16",
      "geometry": {
        "type": "Polygon",
        "coordinates": [
          [
            [
              120.16313891166486,
              30.25608463823074
            ],
            [
              120.16314051332665,
              30.25833979922427
            ],
            [
              120.16054271715876,
              30.258341163304262
            ],
            [
              120.16054117481767,
              30.256086002249333
            ],
            [
              120.16313891166486,
              30.25608463823074
            ]
          ]
        ]
      },
      "properties": {
        "grid_id": "M4B-R-5EEC8B7710-G-R10-C16",
        "row": 10,
        "column": 16,
        "analysis_status": "ANALYZABLE_LAND",
        "ranking_eligible": true,
        "source_mode": "REAL",
        "population_total": 1290.4920771052475,
        "population_age_0_14": 133.6753902948119,
        "population_age_65_plus": 131.66255409668122,
        "elderly_share": 0.10202507743559229,
        "child_share": 0.10358482060166098,
        "vulnerability_share_raw": 0.1024930003854129,
        "lst_median_c": 47.89774571000004,
        "lst_valid_fraction": 1.0,
        "ndvi_median_land": 0.25971678641544155,
        "green_fraction_land": 0.4528,
        "green_fraction_grid_legacy": 0.4528,
        "water_fraction_grid": 0.0,
        "sentinel_valid_fraction": 1.0,
        "spatial_heat_score": 0.6210191082802548,
        "temporal_severity_score": 0.5238709677419354,
        "hazard_score": 0.5918746661187589,
        "exposure_score": 0.9559948883673631,
        "vulnerability_score": 2.0699202664061288e-08,
        "adaptive_capacity_score": 0.4528,
        "risk_score": 55.7828592679185,
        "risk_percentile_within_aoi": 0.5573248407643312,
        "hazard_contribution_points": 23.67498664475036,
        "exposure_contribution_points": 23.89987220918408,
        "vulnerability_contribution_points": 4.139840532812258e-07,
        "adaptive_deficit_contribution_points": 8.208,
        "primary_driver": "exposure",
        "temporal_context_id": "era5-temporal:pilot_v1:2026-07-31T03Z",
        "source_ids": [
          "LC09_L2SP_119039_20260731_02_T1",
          "S2C_MSIL2A_20260731T023551_R089_T51RTP_20260731T060913",
          "chn_pop_2026_CN_100m_R2025A_v1.tif"
        ],
        "analysis_reasons": [],
        "landsat_quality_flag": "HIGH",
        "sentinel_quality_flag": "HIGH"
      }
    },
    {
      "type": "Feature",
      "id": "M4B-R-5EEC8B7710-G-R10-C17",
      "geometry": {
        "type": "Polygon",
        "coordinates": [
          [
            [
              120.16573664843894,
              30.256083222739775
            ],
            [
              120.16573830942143,
              30.258338383669585
            ],
            [
              120.16314051332665,
              30.25833979922427
            ],
            [
              120.16313891166486,
              30.25608463823074
            ],
            [
              120.16573664843894,
              30.256083222739775
            ]
          ]
        ]
      },
      "properties": {
        "grid_id": "M4B-R-5EEC8B7710-G-R10-C17",
        "row": 10,
        "column": 17,
        "analysis_status": "ANALYZABLE_LAND",
        "ranking_eligible": true,
        "source_mode": "REAL",
        "population_total": 1661.6286422986711,
        "population_age_0_14": 172.11950617529178,
        "population_age_65_plus": 169.52779264369923,
        "elderly_share": 0.10202507848515245,
        "child_share": 0.10358482141784962,
        "vulnerability_share_raw": 0.10249300136496159,
        "lst_median_c": 46.71511079000004,
        "lst_valid_fraction": 1.0,
        "ndvi_median_land": 0.3095516765775621,
        "green_fraction_land": 0.5152,
        "green_fraction_grid_legacy": 0.5152,
        "water_fraction_grid": 0.0,
        "sentinel_valid_fraction": 1.0,
        "spatial_heat_score": 0.4968152866242038,
        "temporal_severity_score": 0.5238709677419354,
        "hazard_score": 0.5049319909595232,
        "exposure_score": 1.0,
        "vulnerability_score": 4.5269175125123574e-08,
        "adaptive_capacity_score": 0.5152,
        "risk_score": 52.46928054376443,
        "risk_percentile_within_aoi": 0.4713375796178344,
        "hazard_contribution_points": 20.19727963838093,
        "exposure_contribution_points": 25.0,
        "vulnerability_contribution_points": 9.053835025024715e-07,
        "adaptive_deficit_contribution_points": 7.272,
        "primary_driver": "exposure",
        "temporal_context_id": "era5-temporal:pilot_v1:2026-07-31T03Z",
        "source_ids": [
          "LC09_L2SP_119039_20260731_02_T1",
          "S2C_MSIL2A_20260731T023551_R089_T51RTP_20260731T060913",
          "chn_pop_2026_CN_100m_R2025A_v1.tif"
        ],
        "analysis_reasons": [],
        "landsat_quality_flag": "HIGH",
        "sentinel_quality_flag": "HIGH"
      }
    },
    {
      "type": "Feature",
      "id": "M4B-R-5EEC8B7710-G-R10-C18",
      "geometry": {
        "type": "Polygon",
        "coordinates": [
          [
            [
              120.16833438513719,
              30.256081755776464
            ],
            [
              120.16833610544039,
              30.25833691664024
            ],
            [
              120.16573830942143,
              30.258338383669585
            ],
            [
              120.16573664843894,
              30.256083222739775
            ],
            [
              120.16833438513719,
              30.256081755776464
            ]
          ]
        ]
      },
      "properties": {
        "grid_id": "M4B-R-5EEC8B7710-G-R10-C18",
        "row": 10,
        "column": 18,
        "analysis_status": "ANALYZABLE_LAND",
        "ranking_eligible": true,
        "source_mode": "REAL",
        "population_total": 1767.541140130648,
        "population_age_0_14": 183.09043065543705,
        "population_age_65_plus": 180.3335216940512,
        "elderly_share": 0.10202507743651264,
        "child_share": 0.103584819893869,
        "vulnerability_share_raw": 0.10249300017371954,
        "lst_median_c": 47.89090967000004,
        "lst_valid_fraction": 1.0,
        "ndvi_median_land": 0.2503933565718906,
        "green_fraction_land": 0.448,
        "green_fraction_grid_legacy": 0.448,
        "water_fraction_grid": 0.0,
        "sentinel_valid_fraction": 1.0,
        "spatial_heat_score": 0.6146496815286624,
        "temporal_severity_score": 0.5238709677419354,
        "hazard_score": 0.5874160673926443,
        "exposure_score": 1.0,
        "vulnerability_score": 1.5389308423586743e-08,
        "adaptive_capacity_score": 0.448,
        "risk_score": 56.77664300349194,
        "risk_percentile_within_aoi": 0.5668789808917197,
        "hazard_contribution_points": 23.496642695705773,
        "exposure_contribution_points": 25.0,
        "vulnerability_contribution_points": 3.0778616847173483e-07,
        "adaptive_deficit_contribution_points": 8.280000000000001,
        "primary_driver": "exposure",
        "temporal_context_id": "era5-temporal:pilot_v1:2026-07-31T03Z",
        "source_ids": [
          "LC09_L2SP_119039_20260731_02_T1",
          "S2C_MSIL2A_20260731T023551_R089_T51RTP_20260731T060913",
          "chn_pop_2026_CN_100m_R2025A_v1.tif"
        ],
        "analysis_reasons": [],
        "landsat_quality_flag": "HIGH",
        "sentinel_quality_flag": "HIGH"
      }
    },
    {
      "type": "Feature",
      "id": "M4B-R-5EEC8B7710-G-R10-C19",
      "geometry": {
        "type": "Polygon",
        "coordinates": [
          [
            [
              120.17093212175693,
              30.256080237340793
            ],
            [
              120.1709339013808,
              30.258335398136218
            ],
            [
              120.16833610544039,
              30.25833691664024
            ],
            [
              120.16833438513719,
              30.256081755776464
            ],
            [
              120.17093212175693,
              30.256080237340793
            ]
          ]
        ]
      },
      "properties": {
        "grid_id": "M4B-R-5EEC8B7710-G-R10-C19",
        "row": 10,
        "column": 19,
        "analysis_status": "ANALYZABLE_LAND",
        "ranking_eligible": true,
        "source_mode": "REAL",
        "population_total": 987.3877622456528,
        "population_age_0_14": 102.27838416174069,
        "population_age_65_plus": 100.73831274107532,
        "elderly_share": 0.10202507727254227,
        "child_share": 0.10358482054621089,
        "vulnerability_share_raw": 0.10249300025464285,
        "lst_median_c": 51.54306403999999,
        "lst_valid_fraction": 1.0,
        "ndvi_median_land": 0.22677937900834913,
        "green_fraction_land": 0.3728,
        "green_fraction_grid_legacy": 0.3728,
        "water_fraction_grid": 0.0,
        "sentinel_valid_fraction": 1.0,
        "spatial_heat_score": 0.9872611464968153,
        "temporal_severity_score": 0.5238709677419354,
        "hazard_score": 0.8482440928703513,
        "exposure_score": 0.8994402977298589,
        "vulnerability_score": 1.741910388673239e-08,
        "adaptive_capacity_score": 0.3728,
        "risk_score": 65.82377150644261,
        "risk_percentile_within_aoi": 0.7579617834394905,
        "hazard_contribution_points": 33.92976371481405,
        "exposure_contribution_points": 22.48600744324647,
        "vulnerability_contribution_points": 3.483820777346478e-07,
        "adaptive_deficit_contribution_points": 9.408,
        "primary_driver": "hazard",
        "temporal_context_id": "era5-temporal:pilot_v1:2026-07-31T03Z",
        "source_ids": [
          "LC09_L2SP_119039_20260731_02_T1",
          "S2C_MSIL2A_20260731T023551_R089_T51RTP_20260731T060913",
          "chn_pop_2026_CN_100m_R2025A_v1.tif"
        ],
        "analysis_reasons": [],
        "landsat_quality_flag": "HIGH",
        "sentinel_quality_flag": "HIGH"
      }
    },
    {
      "type": "Feature",
      "id": "M4B-R-5EEC8B7710-G-R11-C00",
      "geometry": {
        "type": "Polygon",
        "coordinates": [
          [
            [
              120.12157576770733,
              30.258355447540445
            ],
            [
              120.12157642029581,
              30.26061060846111
            ],
            [
              120.11897856400006,
              30.260611148970128
            ],
            [
              120.11897797073782,
              30.258355988025137
            ],
            [
              120.12157576770733,
              30.258355447540445
            ]
          ]
        ]
      },
      "properties": {
        "grid_id": "M4B-R-5EEC8B7710-G-R11-C00",
        "row": 11,
        "column": 0,
        "analysis_status": "ANALYZABLE_LAND",
        "ranking_eligible": true,
        "source_mode": "REAL",
        "population_total": 267.776370789901,
        "population_age_0_14": 29.787217906199057,
        "population_age_65_plus": 29.79673967707562,
        "elderly_share": 0.11127471624617068,
        "child_share": 0.11123915757888246,
        "vulnerability_share_raw": 0.1112640486459842,
        "lst_median_c": 43.04244830000002,
        "lst_valid_fraction": 1.0,
        "ndvi_median_land": 0.7158661855811093,
        "green_fraction_land": 0.8336,
        "green_fraction_grid_legacy": 0.8336,
        "water_fraction_grid": 0.0,
        "sentinel_valid_fraction": 1.0,
        "spatial_heat_score": 0.3089171974522293,
        "temporal_severity_score": 0.5238709677419354,
        "hazard_score": 0.3734033285391411,
        "exposure_score": 0.6241091625112285,
        "vulnerability_score": 0.22000379993127447,
        "adaptive_capacity_score": 0.8336,
        "risk_score": 37.43493820297184,
        "risk_percentile_within_aoi": 0.31210191082802546,
        "hazard_contribution_points": 14.936133141565644,
        "exposure_contribution_points": 15.602729062780712,
        "vulnerability_contribution_points": 4.400075998625489,
        "adaptive_deficit_contribution_points": 2.496,
        "primary_driver": "exposure",
        "temporal_context_id": "era5-temporal:pilot_v1:2026-07-31T03Z",
        "source_ids": [
          "LC09_L2SP_119039_20260731_02_T1",
          "S2C_MSIL2A_20260731T023551_R089_T51RTP_20260731T060913",
          "chn_pop_2026_CN_100m_R2025A_v1.tif"
        ],
        "analysis_reasons": [],
        "landsat_quality_flag": "HIGH",
        "sentinel_quality_flag": "HIGH"
      }
    },
    {
      "type": "Feature",
      "id": "M4B-R-5EEC8B7710-G-R11-C01",
      "geometry": {
        "type": "Polygon",
        "coordinates": [
          [
            [
              120.12417356464705,
              30.25835485558103
            ],
            [
              120.12417427656175,
              30.260610016475045
            ],
            [
              120.12157642029581,
              30.26061060846111
            ],
            [
              120.12157576770733,
              30.258355447540445
            ],
            [
              120.12417356464705,
              30.25835485558103
            ]
          ]
        ]
      },
      "properties": {
        "grid_id": "M4B-R-5EEC8B7710-G-R11-C01",
        "row": 11,
        "column": 1,
        "analysis_status": "ANALYZABLE_LAND",
        "ranking_eligible": true,
        "source_mode": "REAL",
        "population_total": 569.0051774845315,
        "population_age_0_14": 63.29565722576094,
        "population_age_65_plus": 63.315888667676475,
        "elderly_share": 0.11127471448956672,
        "child_share": 0.1112391586761645,
        "vulnerability_share_raw": 0.11126404774554605,
        "lst_median_c": 45.81104449999998,
        "lst_valid_fraction": 1.0,
        "ndvi_median_land": 0.520225378400999,
        "green_fraction_land": 0.8592,
        "green_fraction_grid_legacy": 0.8592,
        "water_fraction_grid": 0.0,
        "sentinel_valid_fraction": 1.0,
        "spatial_heat_score": 0.40764331210191085,
        "temporal_severity_score": 0.5238709677419354,
        "hazard_score": 0.44251160879391815,
        "exposure_score": 0.7830595912114081,
        "vulnerability_score": 0.22000377734562782,
        "adaptive_capacity_score": 0.8592,
        "risk_score": 43.78902967895449,
        "risk_percentile_within_aoi": 0.35987261146496813,
        "hazard_contribution_points": 17.700464351756725,
        "exposure_contribution_points": 19.576489780285204,
        "vulnerability_contribution_points": 4.400075546912556,
        "adaptive_deficit_contribution_points": 2.1120000000000005,
        "primary_driver": "exposure",
        "temporal_context_id": "era5-temporal:pilot_v1:2026-07-31T03Z",
        "source_ids": [
          "LC09_L2SP_119039_20260731_02_T1",
          "S2C_MSIL2A_20260731T023551_R089_T51RTP_20260731T060913",
          "chn_pop_2026_CN_100m_R2025A_v1.tif"
        ],
        "analysis_reasons": [],
        "landsat_quality_flag": "HIGH",
        "sentinel_quality_flag": "HIGH"
      }
    },
    {
      "type": "Feature",
      "id": "M4B-R-5EEC8B7710-G-R11-C02",
      "geometry": {
        "type": "Polygon",
        "coordinates": [
          [
            [
              120.12677136155428,
              30.258354212146884
            ],
            [
              120.12677213279517,
              30.26060937301194
            ],
            [
              120.12417427656175,
              30.260610016475045
            ],
            [
              120.12417356464705,
              30.25835485558103
            ],
            [
              120.12677136155428,
              30.258354212146884
            ]
          ]
        ]
      },
      "properties": {
        "grid_id": "M4B-R-5EEC8B7710-G-R11-C02",
        "row": 11,
        "column": 2,
        "analysis_status": "ANALYZABLE_LAND",
        "ranking_eligible": true,
        "source_mode": "REAL",
        "population_total": 639.9854644874375,
        "population_age_0_14": 71.19144519128996,
        "population_age_65_plus": 71.21419867571632,
        "elderly_share": 0.11127471267296916,
        "child_share": 0.11123915954607966,
        "vulnerability_share_raw": 0.1112640467349023,
        "lst_median_c": 47.85502045999999,
        "lst_valid_fraction": 1.0,
        "ndvi_median_land": 0.42458729550176927,
        "green_fraction_land": 0.7184,
        "green_fraction_grid_legacy": 0.7184,
        "water_fraction_grid": 0.0,
        "sentinel_valid_fraction": 1.0,
        "spatial_heat_score": 0.5987261146496815,
        "temporal_severity_score": 0.5238709677419354,
        "hazard_score": 0.5762695705773576,
        "exposure_score": 0.8078740162117077,
        "vulnerability_score": 0.22000375199569955,
        "adaptive_capacity_score": 0.7184,
        "risk_score": 51.871708268300985,
        "risk_percentile_within_aoi": 0.4585987261146497,
        "hazard_contribution_points": 23.050782823094305,
        "exposure_contribution_points": 20.196850405292693,
        "vulnerability_contribution_points": 4.400075039913991,
        "adaptive_deficit_contribution_points": 4.223999999999999,
        "primary_driver": "hazard",
        "temporal_context_id": "era5-temporal:pilot_v1:2026-07-31T03Z",
        "source_ids": [
          "LC09_L2SP_119039_20260731_02_T1",
          "S2C_MSIL2A_20260731T023551_R089_T51RTP_20260731T060913",
          "chn_pop_2026_CN_100m_R2025A_v1.tif"
        ],
        "analysis_reasons": [],
        "landsat_quality_flag": "HIGH",
        "sentinel_quality_flag": "HIGH"
      }
    },
    {
      "type": "Feature",
      "id": "M4B-R-5EEC8B7710-G-R11-C03",
      "geometry": {
        "type": "Polygon",
        "coordinates": [
          [
            [
              120.12936915842631,
              30.258353517238017
            ],
            [
              120.12936998899339,
              30.260608678071783
            ],
            [
              120.12677213279517,
              30.26060937301194
            ],
            [
              120.12677136155428,
              30.258354212146884
            ],
            [
              120.12936915842631,
              30.258353517238017
            ]
          ]
        ]
      },
      "properties": {
        "grid_id": "M4B-R-5EEC8B7710-G-R11-C03",
        "row": 11,
        "column": 3,
        "analysis_status": "ANALYZABLE_LAND",
        "ranking_eligible": true,
        "source_mode": "REAL",
        "population_total": 151.38422770899817,
        "population_age_0_14": 16.839856797776235,
        "population_age_65_plus": 16.845237787973105,
        "elderly_share": 0.11127472156712556,
        "child_share": 0.11123917631727817,
        "vulnerability_share_raw": 0.11126405799217132,
        "lst_median_c": 40.241380910000004,
        "lst_valid_fraction": 1.0,
        "ndvi_median_land": 0.8790184341288709,
        "green_fraction_land": 0.9104,
        "green_fraction_grid_legacy": 0.9104,
        "water_fraction_grid": 0.0,
        "sentinel_valid_fraction": 1.0,
        "spatial_heat_score": 0.19904458598726116,
        "temporal_severity_score": 0.5238709677419354,
        "hazard_score": 0.2964925005136634,
        "exposure_score": 0.5041245475488517,
        "vulnerability_score": 0.2200040343612338,
        "adaptive_capacity_score": 0.9104,
        "risk_score": 30.206894396492505,
        "risk_percentile_within_aoi": 0.25477707006369427,
        "hazard_contribution_points": 11.859700020546535,
        "exposure_contribution_points": 12.603113688721294,
        "vulnerability_contribution_points": 4.400080687224676,
        "adaptive_deficit_contribution_points": 1.3440000000000003,
        "primary_driver": "exposure",
        "temporal_context_id": "era5-temporal:pilot_v1:2026-07-31T03Z",
        "source_ids": [
          "LC09_L2SP_119039_20260731_02_T1",
          "S2C_MSIL2A_20260731T023551_R089_T51RTP_20260731T060913",
          "chn_pop_2026_CN_100m_R2025A_v1.tif"
        ],
        "analysis_reasons": [],
        "landsat_quality_flag": "HIGH",
        "sentinel_quality_flag": "HIGH"
      }
    },
    {
      "type": "Feature",
      "id": "M4B-R-5EEC8B7710-G-R11-C04",
      "geometry": {
        "type": "Polygon",
        "coordinates": [
          [
            [
              120.13196695526041,
              30.258352770854433
            ],
            [
              120.13196784515371,
              30.260607931654608
            ],
            [
              120.12936998899339,
              30.260608678071783
            ],
            [
              120.12936915842631,
              30.258353517238017
            ],
            [
              120.13196695526041,
              30.258352770854433
            ]
          ]
        ]
      },
      "properties": {
        "grid_id": "M4B-R-5EEC8B7710-G-R11-C04",
        "row": 11,
        "column": 4,
        "analysis_status": "ANALYZABLE_LAND",
        "ranking_eligible": true,
        "source_mode": "REAL",
        "population_total": 1.6608844364144295,
        "population_age_0_14": 0.18475448031379205,
        "population_age_65_plus": 0.1848134520333523,
        "elderly_share": 0.11127411876550153,
        "child_share": 0.11123861255069975,
        "vulnerability_share_raw": 0.111263466901061,
        "lst_median_c": 37.667611850000014,
        "lst_valid_fraction": 1.0,
        "ndvi_median_land": 0.9049563608628035,
        "green_fraction_land": 1.0,
        "green_fraction_grid_legacy": 1.0,
        "water_fraction_grid": 0.0,
        "sentinel_valid_fraction": 1.0,
        "spatial_heat_score": 0.03503184713375796,
        "temporal_severity_score": 0.5238709677419354,
        "hazard_score": 0.18168358331621118,
        "exposure_score": 0.0,
        "vulnerability_score": 0.21998920805150685,
        "adaptive_capacity_score": 1.0,
        "risk_score": 11.667127493678585,
        "risk_percentile_within_aoi": 0.009554140127388535,
        "hazard_contribution_points": 7.267343332648447,
        "exposure_contribution_points": 0.0,
        "vulnerability_contribution_points": 4.399784161030137,
        "adaptive_deficit_contribution_points": 0.0,
        "primary_driver": "hazard",
        "temporal_context_id": "era5-temporal:pilot_v1:2026-07-31T03Z",
        "source_ids": [
          "LC09_L2SP_119039_20260731_02_T1",
          "S2C_MSIL2A_20260731T023551_R089_T51RTP_20260731T060913",
          "chn_pop_2026_CN_100m_R2025A_v1.tif"
        ],
        "analysis_reasons": [],
        "landsat_quality_flag": "HIGH",
        "sentinel_quality_flag": "HIGH"
      }
    },
    {
      "type": "Feature",
      "id": "M4B-R-5EEC8B7710-G-R11-C05",
      "geometry": {
        "type": "Polygon",
        "coordinates": [
          [
            [
              120.1345647520539,
              30.258351972996135
            ],
            [
              120.13456570127337,
              30.260607133760388
            ],
            [
              120.13196784515371,
              30.260607931654608
            ],
            [
              120.13196695526041,
              30.258352770854433
            ],
            [
              120.1345647520539,
              30.258351972996135
            ]
          ]
        ]
      },
      "properties": {
        "grid_id": "M4B-R-5EEC8B7710-G-R11-C05",
        "row": 11,
        "column": 5,
        "analysis_status": "ANALYZABLE_LAND",
        "ranking_eligible": true,
        "source_mode": "REAL",
        "population_total": 1.577971813945326,
        "population_age_0_14": 0.1755322145112757,
        "population_age_65_plus": 0.17558799273794998,
        "elderly_share": 0.1112744798013444,
        "child_share": 0.11123913175128336,
        "vulnerability_share_raw": 0.11126387538632608,
        "lst_median_c": 37.78895155999999,
        "lst_valid_fraction": 1.0,
        "ndvi_median_land": 0.9081681239935446,
        "green_fraction_land": 1.0,
        "green_fraction_grid_legacy": 1.0,
        "water_fraction_grid": 0.0,
        "sentinel_valid_fraction": 1.0,
        "spatial_heat_score": 0.03821656050955414,
        "temporal_severity_score": 0.5238709677419354,
        "hazard_score": 0.1839128826792685,
        "exposure_score": 0.0,
        "vulnerability_score": 0.21999945406765106,
        "adaptive_capacity_score": 1.0,
        "risk_score": 11.756504388523762,
        "risk_percentile_within_aoi": 0.012738853503184714,
        "hazard_contribution_points": 7.35651530717074,
        "exposure_contribution_points": 0.0,
        "vulnerability_contribution_points": 4.399989081353021,
        "adaptive_deficit_contribution_points": 0.0,
        "primary_driver": "hazard",
        "temporal_context_id": "era5-temporal:pilot_v1:2026-07-31T03Z",
        "source_ids": [
          "LC09_L2SP_119039_20260731_02_T1",
          "S2C_MSIL2A_20260731T023551_R089_T51RTP_20260731T060913",
          "chn_pop_2026_CN_100m_R2025A_v1.tif"
        ],
        "analysis_reasons": [],
        "landsat_quality_flag": "HIGH",
        "sentinel_quality_flag": "HIGH"
      }
    },
    {
      "type": "Feature",
      "id": "M4B-R-5EEC8B7710-G-R11-C06",
      "geometry": {
        "type": "Polygon",
        "coordinates": [
          [
            [
              120.13716254880406,
              30.258351123663115
            ],
            [
              120.1371635573497,
              30.260606284389137
            ],
            [
              120.13456570127337,
              30.260607133760388
            ],
            [
              120.1345647520539,
              30.258351972996135
            ],
            [
              120.13716254880406,
              30.258351123663115
            ]
          ]
        ]
      },
      "properties": {
        "grid_id": "M4B-R-5EEC8B7710-G-R11-C06",
        "row": 11,
        "column": 6,
        "analysis_status": "ANALYZABLE_LAND",
        "ranking_eligible": true,
        "source_mode": "REAL",
        "population_total": 43.9147670121519,
        "population_age_0_14": 4.885040799467287,
        "population_age_65_plus": 4.88660428811579,
        "elderly_share": 0.11127474015206754,
        "child_share": 0.11123913735248829,
        "vulnerability_share_raw": 0.11126405931219377,
        "lst_median_c": 40.19181962000002,
        "lst_valid_fraction": 1.0,
        "ndvi_median_land": 0.8915773536828405,
        "green_fraction_land": 0.984,
        "green_fraction_grid_legacy": 0.984,
        "water_fraction_grid": 0.0,
        "sentinel_valid_fraction": 1.0,
        "spatial_heat_score": 0.1910828025477707,
        "temporal_severity_score": 0.5238709677419354,
        "hazard_score": 0.2909192521060201,
        "exposure_score": 0.24582604530878005,
        "vulnerability_score": 0.2200040674712931,
        "adaptive_capacity_score": 0.984,
        "risk_score": 22.42250256638617,
        "risk_percentile_within_aoi": 0.14968152866242038,
        "hazard_contribution_points": 11.636770084240805,
        "exposure_contribution_points": 6.145651132719501,
        "vulnerability_contribution_points": 4.400081349425863,
        "adaptive_deficit_contribution_points": 0.2400000000000002,
        "primary_driver": "hazard",
        "temporal_context_id": "era5-temporal:pilot_v1:2026-07-31T03Z",
        "source_ids": [
          "LC09_L2SP_119039_20260731_02_T1",
          "S2C_MSIL2A_20260731T023551_R089_T51RTP_20260731T060913",
          "chn_pop_2026_CN_100m_R2025A_v1.tif"
        ],
        "analysis_reasons": [],
        "landsat_quality_flag": "HIGH",
        "sentinel_quality_flag": "HIGH"
      }
    },
    {
      "type": "Feature",
      "id": "M4B-R-5EEC8B7710-G-R11-C07",
      "geometry": {
        "type": "Polygon",
        "coordinates": [
          [
            [
              120.13976034550818,
              30.258350222855388
            ],
            [
              120.13976141337997,
              30.260605383540856
            ],
            [
              120.1371635573497,
              30.260606284389137
            ],
            [
              120.13716254880406,
              30.258351123663115
            ],
            [
              120.13976034550818,
              30.258350222855388
            ]
          ]
        ]
      },
      "properties": {
        "grid_id": "M4B-R-5EEC8B7710-G-R11-C07",
        "row": 11,
        "column": 7,
        "analysis_status": "ANALYZABLE_LAND",
        "ranking_eligible": true,
        "source_mode": "REAL",
        "population_total": 110.98887863055519,
        "population_age_0_14": 12.346308756834954,
        "population_age_65_plus": 12.350257030039112,
        "elderly_share": 0.11127472574210774,
        "child_share": 0.11123915214903361,
        "vulnerability_share_raw": 0.1112640536641855,
        "lst_median_c": 43.05612038000004,
        "lst_valid_fraction": 1.0,
        "ndvi_median_land": 0.76151705309765,
        "green_fraction_land": 0.8752,
        "green_fraction_grid_legacy": 0.8752,
        "water_fraction_grid": 0.0,
        "sentinel_valid_fraction": 1.0,
        "spatial_heat_score": 0.31210191082802546,
        "temporal_severity_score": 0.5238709677419354,
        "hazard_score": 0.3756326279021984,
        "exposure_score": 0.4390010449773047,
        "vulnerability_score": 0.2200039258025749,
        "adaptive_capacity_score": 0.8752,
        "risk_score": 32.27240975657206,
        "risk_percentile_within_aoi": 0.2802547770700637,
        "hazard_contribution_points": 15.025305116087937,
        "exposure_contribution_points": 10.975026124432617,
        "vulnerability_contribution_points": 4.400078516051498,
        "adaptive_deficit_contribution_points": 1.8720000000000003,
        "primary_driver": "hazard",
        "temporal_context_id": "era5-temporal:pilot_v1:2026-07-31T03Z",
        "source_ids": [
          "LC09_L2SP_119039_20260731_02_T1",
          "S2C_MSIL2A_20260731T023551_R089_T51RTP_20260731T060913",
          "chn_pop_2026_CN_100m_R2025A_v1.tif"
        ],
        "analysis_reasons": [],
        "landsat_quality_flag": "HIGH",
        "sentinel_quality_flag": "HIGH"
      }
    },
    {
      "type": "Feature",
      "id": "M4B-R-5EEC8B7710-G-R11-C08",
      "geometry": {
        "type": "Polygon",
        "coordinates": [
          [
            [
              120.14235814216356,
              30.258349270572946
            ],
            [
              120.14235926936153,
              30.260604431215548
            ],
            [
              120.13976141337997,
              30.260605383540856
            ],
            [
              120.13976034550818,
              30.258350222855388
            ],
            [
              120.14235814216356,
              30.258349270572946
            ]
          ]
        ]
      },
      "properties": {
        "grid_id": "M4B-R-5EEC8B7710-G-R11-C08",
        "row": 11,
        "column": 8,
        "analysis_status": "ANALYZABLE_LAND",
        "ranking_eligible": true,
        "source_mode": "REAL",
        "population_total": 52.91663715428581,
        "population_age_0_14": 5.8864031287328045,
        "population_age_65_plus": 5.888282729733552,
        "elderly_share": 0.11127469632216888,
        "child_share": 0.11123917628344708,
        "vulnerability_share_raw": 0.11126404031055231,
        "lst_median_c": 39.050200940000025,
        "lst_valid_fraction": 1.0,
        "ndvi_median_land": 0.8108874315553339,
        "green_fraction_land": 0.92578125,
        "green_fraction_grid_legacy": 0.7584,
        "water_fraction_grid": 0.1808,
        "sentinel_valid_fraction": 1.0,
        "spatial_heat_score": 0.1178343949044586,
        "temporal_severity_score": 0.5238709677419354,
        "hazard_score": 0.23964536675570164,
        "exposure_score": 0.2844496026938471,
        "vulnerability_score": 0.2200035908540397,
        "adaptive_capacity_score": 0.92578125,
        "risk_score": 22.210407804655038,
        "risk_percentile_within_aoi": 0.14331210191082802,
        "hazard_contribution_points": 9.585814670228066,
        "exposure_contribution_points": 7.111240067346178,
        "vulnerability_contribution_points": 4.400071817080794,
        "adaptive_deficit_contribution_points": 1.11328125,
        "primary_driver": "hazard",
        "temporal_context_id": "era5-temporal:pilot_v1:2026-07-31T03Z",
        "source_ids": [
          "LC09_L2SP_119039_20260731_02_T1",
          "S2C_MSIL2A_20260731T023551_R089_T51RTP_20260731T060913",
          "chn_pop_2026_CN_100m_R2025A_v1.tif"
        ],
        "analysis_reasons": [],
        "landsat_quality_flag": "HIGH",
        "sentinel_quality_flag": "HIGH"
      }
    },
    {
      "type": "Feature",
      "id": "M4B-R-5EEC8B7710-G-R11-C09",
      "geometry": {
        "type": "Polygon",
        "coordinates": [
          [
            [
              120.14495593876747,
              30.25834826681579
            ],
            [
              120.14495712529161,
              30.260603427413223
            ],
            [
              120.14235926936153,
              30.260604431215548
            ],
            [
              120.14235814216356,
              30.258349270572946
            ],
            [
              120.14495593876747,
              30.25834826681579
            ]
          ]
        ]
      },
      "properties": {
        "grid_id": "M4B-R-5EEC8B7710-G-R11-C09",
        "row": 11,
        "column": 9,
        "analysis_status": "NON_URBAN_WATER",
        "ranking_eligible": false,
        "source_mode": "REAL",
        "population_total": 0.7280480583408857,
        "population_age_0_14": 0.08098756425014354,
        "population_age_65_plus": 0.08101369288951359,
        "elderly_share": 0.11127519943413057,
        "child_share": 0.11123931081514354,
        "vulnerability_share_raw": 0.11126443284843446,
        "lst_median_c": 35.83384411999998,
        "lst_valid_fraction": 1.0,
        "ndvi_median_land": 0.5215480524931562,
        "green_fraction_land": 0.5869565217391305,
        "green_fraction_grid_legacy": 0.0432,
        "water_fraction_grid": 0.9264,
        "sentinel_valid_fraction": 1.0,
        "spatial_heat_score": null,
        "temporal_severity_score": 0.5238709677419354,
        "hazard_score": null,
        "exposure_score": null,
        "vulnerability_score": 0.0,
        "adaptive_capacity_score": null,
        "risk_score": null,
        "risk_percentile_within_aoi": null,
        "hazard_contribution_points": null,
        "exposure_contribution_points": null,
        "vulnerability_contribution_points": 0.0,
        "adaptive_deficit_contribution_points": null,
        "primary_driver": "vulnerability",
        "temporal_context_id": "era5-temporal:pilot_v1:2026-07-31T03Z",
        "source_ids": [
          "LC09_L2SP_119039_20260731_02_T1",
          "S2C_MSIL2A_20260731T023551_R089_T51RTP_20260731T060913",
          "chn_pop_2026_CN_100m_R2025A_v1.tif"
        ],
        "analysis_reasons": [
          "WATER_EXCLUDED"
        ],
        "landsat_quality_flag": "HIGH",
        "sentinel_quality_flag": "HIGH"
      }
    },
    {
      "type": "Feature",
      "id": "M4B-R-5EEC8B7710-G-R11-C10",
      "geometry": {
        "type": "Polygon",
        "coordinates": [
          [
            [
              120.14755373531722,
              30.25834721158395
            ],
            [
              120.14755498116752,
              30.260602372133867
            ],
            [
              120.14495712529161,
              30.260603427413223
            ],
            [
              120.14495593876747,
              30.25834826681579
            ],
            [
              120.14755373531722,
              30.25834721158395
            ]
          ]
        ]
      },
      "properties": {
        "grid_id": "M4B-R-5EEC8B7710-G-R11-C10",
        "row": 11,
        "column": 10,
        "analysis_status": "NON_URBAN_WATER",
        "ranking_eligible": false,
        "source_mode": "REAL",
        "population_total": 0.0,
        "population_age_0_14": 0.0,
        "population_age_65_plus": 0.0,
        "elderly_share": 0.0,
        "child_share": 0.0,
        "vulnerability_share_raw": 0.0,
        "lst_median_c": 36.72936536,
        "lst_valid_fraction": 1.0,
        "ndvi_median_land": 0.45006847112397863,
        "green_fraction_land": 0.6585365853658537,
        "green_fraction_grid_legacy": 0.0864,
        "water_fraction_grid": 0.8688,
        "sentinel_valid_fraction": 1.0,
        "spatial_heat_score": null,
        "temporal_severity_score": 0.5238709677419354,
        "hazard_score": null,
        "exposure_score": null,
        "vulnerability_score": 0.0,
        "adaptive_capacity_score": null,
        "risk_score": null,
        "risk_percentile_within_aoi": null,
        "hazard_contribution_points": null,
        "exposure_contribution_points": null,
        "vulnerability_contribution_points": 0.0,
        "adaptive_deficit_contribution_points": null,
        "primary_driver": "vulnerability",
        "temporal_context_id": "era5-temporal:pilot_v1:2026-07-31T03Z",
        "source_ids": [
          "LC09_L2SP_119039_20260731_02_T1",
          "S2C_MSIL2A_20260731T023551_R089_T51RTP_20260731T060913",
          "chn_pop_2026_CN_100m_R2025A_v1.tif"
        ],
        "analysis_reasons": [
          "WATER_EXCLUDED"
        ],
        "landsat_quality_flag": "HIGH",
        "sentinel_quality_flag": "HIGH"
      }
    },
    {
      "type": "Feature",
      "id": "M4B-R-5EEC8B7710-G-R11-C11",
      "geometry": {
        "type": "Polygon",
        "coordinates": [
          [
            [
              120.15015153181008,
              30.258346104877397
            ],
            [
              120.15015283698655,
              30.260601265377503
            ],
            [
              120.14755498116752,
              30.260602372133867
            ],
            [
              120.14755373531722,
              30.25834721158395
            ],
            [
              120.15015153181008,
              30.258346104877397
            ]
          ]
        ]
      },
      "properties": {
        "grid_id": "M4B-R-5EEC8B7710-G-R11-C11",
        "row": 11,
        "column": 11,
        "analysis_status": "NON_URBAN_WATER",
        "ranking_eligible": false,
        "source_mode": "REAL",
        "population_total": 0.0,
        "population_age_0_14": 0.0,
        "population_age_65_plus": 0.0,
        "elderly_share": 0.0,
        "child_share": 0.0,
        "vulnerability_share_raw": 0.0,
        "lst_median_c": 35.56382054000005,
        "lst_valid_fraction": 1.0,
        "ndvi_median_land": null,
        "green_fraction_land": null,
        "green_fraction_grid_legacy": 0.0,
        "water_fraction_grid": 1.0,
        "sentinel_valid_fraction": 1.0,
        "spatial_heat_score": null,
        "temporal_severity_score": 0.5238709677419354,
        "hazard_score": null,
        "exposure_score": null,
        "vulnerability_score": 0.0,
        "adaptive_capacity_score": null,
        "risk_score": null,
        "risk_percentile_within_aoi": null,
        "hazard_contribution_points": null,
        "exposure_contribution_points": null,
        "vulnerability_contribution_points": 0.0,
        "adaptive_deficit_contribution_points": null,
        "primary_driver": "vulnerability",
        "temporal_context_id": "era5-temporal:pilot_v1:2026-07-31T03Z",
        "source_ids": [
          "LC09_L2SP_119039_20260731_02_T1",
          "S2C_MSIL2A_20260731T023551_R089_T51RTP_20260731T060913",
          "chn_pop_2026_CN_100m_R2025A_v1.tif"
        ],
        "analysis_reasons": [
          "WATER_EXCLUDED"
        ],
        "landsat_quality_flag": "HIGH",
        "sentinel_quality_flag": "HIGH"
      }
    },
    {
      "type": "Feature",
      "id": "M4B-R-5EEC8B7710-G-R11-C12",
      "geometry": {
        "type": "Polygon",
        "coordinates": [
          [
            [
              120.1527493282434,
              30.25834494669616
            ],
            [
              120.152750692746,
              30.260600107144114
            ],
            [
              120.15015283698655,
              30.260601265377503
            ],
            [
              120.15015153181008,
              30.258346104877397
            ],
            [
              120.1527493282434,
              30.25834494669616
            ]
          ]
        ]
      },
      "properties": {
        "grid_id": "M4B-R-5EEC8B7710-G-R11-C12",
        "row": 11,
        "column": 12,
        "analysis_status": "NON_URBAN_WATER",
        "ranking_eligible": false,
        "source_mode": "REAL",
        "population_total": 4.936948003789569,
        "population_age_0_14": 0.5113926200949411,
        "population_age_65_plus": 0.5036920769156376,
        "elderly_share": 0.1020249912555301,
        "child_share": 0.10358476931545553,
        "vulnerability_share_raw": 0.10249292467350772,
        "lst_median_c": 35.792827880000004,
        "lst_valid_fraction": 1.0,
        "ndvi_median_land": 0.5701646620514162,
        "green_fraction_land": 0.825,
        "green_fraction_grid_legacy": 0.0528,
        "water_fraction_grid": 0.936,
        "sentinel_valid_fraction": 1.0,
        "spatial_heat_score": null,
        "temporal_severity_score": 0.5238709677419354,
        "hazard_score": null,
        "exposure_score": null,
        "vulnerability_score": 0.0,
        "adaptive_capacity_score": null,
        "risk_score": null,
        "risk_percentile_within_aoi": null,
        "hazard_contribution_points": null,
        "exposure_contribution_points": null,
        "vulnerability_contribution_points": 0.0,
        "adaptive_deficit_contribution_points": null,
        "primary_driver": "vulnerability",
        "temporal_context_id": "era5-temporal:pilot_v1:2026-07-31T03Z",
        "source_ids": [
          "LC09_L2SP_119039_20260731_02_T1",
          "S2C_MSIL2A_20260731T023551_R089_T51RTP_20260731T060913",
          "chn_pop_2026_CN_100m_R2025A_v1.tif"
        ],
        "analysis_reasons": [
          "WATER_EXCLUDED"
        ],
        "landsat_quality_flag": "HIGH",
        "sentinel_quality_flag": "HIGH"
      }
    },
    {
      "type": "Feature",
      "id": "M4B-R-5EEC8B7710-G-R11-C13",
      "geometry": {
        "type": "Polygon",
        "coordinates": [
          [
            [
              120.15534712461442,
              30.25834373704021
            ],
            [
              120.15534854844313,
              30.26059889743373
            ],
            [
              120.152750692746,
              30.260600107144114
            ],
            [
              120.1527493282434,
              30.25834494669616
            ],
            [
              120.15534712461442,
              30.25834373704021
            ]
          ]
        ]
      },
      "properties": {
        "grid_id": "M4B-R-5EEC8B7710-G-R11-C13",
        "row": 11,
        "column": 13,
        "analysis_status": "ANALYZABLE_LAND",
        "ranking_eligible": true,
        "source_mode": "REAL",
        "population_total": 223.62219076736991,
        "population_age_0_14": 23.163865414407923,
        "population_age_65_plus": 22.81507017265965,
        "elderly_share": 0.10202507226303739,
        "child_share": 0.10358482463175969,
        "vulnerability_share_raw": 0.10249299797365408,
        "lst_median_c": 41.01898046000002,
        "lst_valid_fraction": 1.0,
        "ndvi_median_land": 0.7526192900583373,
        "green_fraction_land": 0.8081936685288641,
        "green_fraction_grid_legacy": 0.6944,
        "water_fraction_grid": 0.1408,
        "sentinel_valid_fraction": 1.0,
        "spatial_heat_score": 0.24203821656050956,
        "temporal_severity_score": 0.5238709677419354,
        "hazard_score": 0.3265880419149373,
        "exposure_score": 0.586164866943285,
        "vulnerability_score": 0.0,
        "adaptive_capacity_score": 0.8081936685288641,
        "risk_score": 30.594738322246656,
        "risk_percentile_within_aoi": 0.2643312101910828,
        "hazard_contribution_points": 13.063521676597492,
        "exposure_contribution_points": 14.654121673582123,
        "vulnerability_contribution_points": 0.0,
        "adaptive_deficit_contribution_points": 2.8770949720670385,
        "primary_driver": "exposure",
        "temporal_context_id": "era5-temporal:pilot_v1:2026-07-31T03Z",
        "source_ids": [
          "LC09_L2SP_119039_20260731_02_T1",
          "S2C_MSIL2A_20260731T023551_R089_T51RTP_20260731T060913",
          "chn_pop_2026_CN_100m_R2025A_v1.tif"
        ],
        "analysis_reasons": [],
        "landsat_quality_flag": "HIGH",
        "sentinel_quality_flag": "HIGH"
      }
    },
    {
      "type": "Feature",
      "id": "M4B-R-5EEC8B7710-G-R11-C14",
      "geometry": {
        "type": "Polygon",
        "coordinates": [
          [
            [
              120.15794492092044,
              30.25834247590958
            ],
            [
              120.15794640407528,
              30.26059763624632
            ],
            [
              120.15534854844313,
              30.26059889743373
            ],
            [
              120.15534712461442,
              30.25834373704021
            ],
            [
              120.15794492092044,
              30.25834247590958
            ]
          ]
        ]
      },
      "properties": {
        "grid_id": "M4B-R-5EEC8B7710-G-R11-C14",
        "row": 11,
        "column": 14,
        "analysis_status": "ANALYZABLE_LAND",
        "ranking_eligible": true,
        "source_mode": "REAL",
        "population_total": 1082.9174574195633,
        "population_age_0_14": 112.17381295316017,
        "population_age_65_plus": 110.48474161361793,
        "elderly_share": 0.10202508128079049,
        "child_share": 0.10358482281784823,
        "vulnerability_share_raw": 0.1024930037419078,
        "lst_median_c": 48.950495870000026,
        "lst_valid_fraction": 1.0,
        "ndvi_median_land": 0.17213787105535772,
        "green_fraction_land": 0.216,
        "green_fraction_grid_legacy": 0.216,
        "water_fraction_grid": 0.0,
        "sentinel_valid_fraction": 1.0,
        "spatial_heat_score": 0.7643312101910829,
        "temporal_severity_score": 0.5238709677419354,
        "hazard_score": 0.6921931374563386,
        "exposure_score": 0.9189478039248299,
        "vulnerability_score": 1.0489000191146559e-07,
        "adaptive_capacity_score": 0.216,
        "risk_score": 62.42142269417433,
        "risk_percentile_within_aoi": 0.6942675159235668,
        "hazard_contribution_points": 27.687725498253542,
        "exposure_contribution_points": 22.973695098120746,
        "vulnerability_contribution_points": 2.0978000382293117e-06,
        "adaptive_deficit_contribution_points": 11.76,
        "primary_driver": "hazard",
        "temporal_context_id": "era5-temporal:pilot_v1:2026-07-31T03Z",
        "source_ids": [
          "LC09_L2SP_119039_20260731_02_T1",
          "S2C_MSIL2A_20260731T023551_R089_T51RTP_20260731T060913",
          "chn_pop_2026_CN_100m_R2025A_v1.tif"
        ],
        "analysis_reasons": [],
        "landsat_quality_flag": "HIGH",
        "sentinel_quality_flag": "HIGH"
      }
    },
    {
      "type": "Feature",
      "id": "M4B-R-5EEC8B7710-G-R11-C15",
      "geometry": {
        "type": "Polygon",
        "coordinates": [
          [
            [
              120.16054271715876,
              30.258341163304262
            ],
            [
              120.16054425963969,
              30.26059632358192
            ],
            [
              120.15794640407528,
              30.26059763624632
            ],
            [
              120.15794492092044,
              30.25834247590958
            ],
            [
              120.16054271715876,
              30.258341163304262
            ]
          ]
        ]
      },
      "properties": {
        "grid_id": "M4B-R-5EEC8B7710-G-R11-C15",
        "row": 11,
        "column": 15,
        "analysis_status": "ANALYZABLE_LAND",
        "ranking_eligible": true,
        "source_mode": "REAL",
        "population_total": 1671.5129011929914,
        "population_age_0_14": 173.1433681114973,
        "population_age_65_plus": 170.53623066187598,
        "elderly_share": 0.10202507592981241,
        "child_share": 0.1035848230593503,
        "vulnerability_share_raw": 0.10249300006867376,
        "lst_median_c": 49.564030460000026,
        "lst_valid_fraction": 1.0,
        "ndvi_median_land": 0.2233738736285523,
        "green_fraction_land": 0.3712,
        "green_fraction_grid_legacy": 0.3712,
        "water_fraction_grid": 0.0,
        "sentinel_valid_fraction": 1.0,
        "spatial_heat_score": 0.856687898089172,
        "temporal_severity_score": 0.5238709677419354,
        "hazard_score": 0.756842818985001,
        "exposure_score": 1.0,
        "vulnerability_score": 1.2754450264695375e-08,
        "adaptive_capacity_score": 0.3712,
        "risk_score": 64.70571301448905,
        "risk_percentile_within_aoi": 0.732484076433121,
        "hazard_contribution_points": 30.27371275940004,
        "exposure_contribution_points": 25.0,
        "vulnerability_contribution_points": 2.550890052939075e-07,
        "adaptive_deficit_contribution_points": 9.432,
        "primary_driver": "hazard",
        "temporal_context_id": "era5-temporal:pilot_v1:2026-07-31T03Z",
        "source_ids": [
          "LC09_L2SP_119039_20260731_02_T1",
          "S2C_MSIL2A_20260731T023551_R089_T51RTP_20260731T060913",
          "chn_pop_2026_CN_100m_R2025A_v1.tif"
        ],
        "analysis_reasons": [],
        "landsat_quality_flag": "HIGH",
        "sentinel_quality_flag": "HIGH"
      }
    },
    {
      "type": "Feature",
      "id": "M4B-R-5EEC8B7710-G-R11-C16",
      "geometry": {
        "type": "Polygon",
        "coordinates": [
          [
            [
              120.16314051332665,
              30.25833979922427
            ],
            [
              120.1631421151337,
              30.260594959440525
            ],
            [
              120.16054425963969,
              30.26059632358192
            ],
            [
              120.16054271715876,
              30.258341163304262
            ],
            [
              120.16314051332665,
              30.25833979922427
            ]
          ]
        ]
      },
      "properties": {
        "grid_id": "M4B-R-5EEC8B7710-G-R11-C16",
        "row": 11,
        "column": 16,
        "analysis_status": "ANALYZABLE_LAND",
        "ranking_eligible": true,
        "source_mode": "REAL",
        "population_total": 1635.8024247966732,
        "population_age_0_14": 169.44430393799763,
        "population_age_65_plus": 166.8928679400601,
        "elderly_share": 0.10202507675143259,
        "child_share": 0.1035848225735814,
        "vulnerability_share_raw": 0.10249300049807723,
        "lst_median_c": 49.38971144000004,
        "lst_valid_fraction": 1.0,
        "ndvi_median_land": 0.2880719875602494,
        "green_fraction_land": 0.4832,
        "green_fraction_grid_legacy": 0.4832,
        "water_fraction_grid": 0.0,
        "sentinel_valid_fraction": 1.0,
        "spatial_heat_score": 0.821656050955414,
        "temporal_severity_score": 0.5238709677419354,
        "hazard_score": 0.7323205259913704,
        "exposure_score": 1.0,
        "vulnerability_score": 2.3525156758820485e-08,
        "adaptive_capacity_score": 0.4832,
        "risk_score": 62.044821510157966,
        "risk_percentile_within_aoi": 0.6847133757961783,
        "hazard_contribution_points": 29.292821039654818,
        "exposure_contribution_points": 25.0,
        "vulnerability_contribution_points": 4.705031351764097e-07,
        "adaptive_deficit_contribution_points": 7.751999999999999,
        "primary_driver": "hazard",
        "temporal_context_id": "era5-temporal:pilot_v1:2026-07-31T03Z",
        "source_ids": [
          "LC09_L2SP_119039_20260731_02_T1",
          "S2C_MSIL2A_20260731T023551_R089_T51RTP_20260731T060913",
          "chn_pop_2026_CN_100m_R2025A_v1.tif"
        ],
        "analysis_reasons": [],
        "landsat_quality_flag": "HIGH",
        "sentinel_quality_flag": "HIGH"
      }
    },
    {
      "type": "Feature",
      "id": "M4B-R-5EEC8B7710-G-R11-C17",
      "geometry": {
        "type": "Polygon",
        "coordinates": [
          [
            [
              120.16573830942143,
              30.258338383669585
            ],
            [
              120.16573997055458,
              30.26059354382212
            ],
            [
              120.1631421151337,
              30.260594959440525
            ],
            [
              120.16314051332665,
              30.25833979922427
            ],
            [
              120.16573830942143,
              30.258338383669585
            ]
          ]
        ]
      },
      "properties": {
        "grid_id": "M4B-R-5EEC8B7710-G-R11-C17",
        "row": 11,
        "column": 17,
        "analysis_status": "ANALYZABLE_LAND",
        "ranking_eligible": true,
        "source_mode": "REAL",
        "population_total": 1335.9644335909647,
        "population_age_0_14": 138.38563932905896,
        "population_age_65_plus": 136.3018739319475,
        "elderly_share": 0.10202507679458132,
        "child_share": 0.1035848229560195,
        "vulnerability_share_raw": 0.10249300064301275,
        "lst_median_c": 48.74883269000003,
        "lst_valid_fraction": 1.0,
        "ndvi_median_land": 0.2668602382155747,
        "green_fraction_land": 0.4592,
        "green_fraction_grid_legacy": 0.4592,
        "water_fraction_grid": 0.0,
        "sentinel_valid_fraction": 1.0,
        "spatial_heat_score": 0.732484076433121,
        "temporal_severity_score": 0.5238709677419354,
        "hazard_score": 0.6699001438257652,
        "exposure_score": 0.9633113173887174,
        "vulnerability_score": 2.7160567444011063e-08,
        "adaptive_capacity_score": 0.4592,
        "risk_score": 58.9907892309599,
        "risk_percentile_within_aoi": 0.6050955414012739,
        "hazard_contribution_points": 26.79600575303061,
        "exposure_contribution_points": 24.082782934717937,
        "vulnerability_contribution_points": 5.432113488802212e-07,
        "adaptive_deficit_contribution_points": 8.111999999999998,
        "primary_driver": "hazard",
        "temporal_context_id": "era5-temporal:pilot_v1:2026-07-31T03Z",
        "source_ids": [
          "LC09_L2SP_119039_20260731_02_T1",
          "S2C_MSIL2A_20260731T023551_R089_T51RTP_20260731T060913",
          "chn_pop_2026_CN_100m_R2025A_v1.tif"
        ],
        "analysis_reasons": [],
        "landsat_quality_flag": "HIGH",
        "sentinel_quality_flag": "HIGH"
      }
    },
    {
      "type": "Feature",
      "id": "M4B-R-5EEC8B7710-G-R11-C18",
      "geometry": {
        "type": "Polygon",
        "coordinates": [
          [
            [
              120.16833610544039,
              30.25833691664024
            ],
            [
              120.16833782589961,
              30.260592076726727
            ],
            [
              120.16573997055458,
              30.26059354382212
            ],
            [
              120.16573830942143,
              30.258338383669585
            ],
            [
              120.16833610544039,
              30.25833691664024
            ]
          ]
        ]
      },
      "properties": {
        "grid_id": "M4B-R-5EEC8B7710-G-R11-C18",
        "row": 11,
        "column": 18,
        "analysis_status": "ANALYZABLE_LAND",
        "ranking_eligible": true,
        "source_mode": "REAL",
        "population_total": 1377.6459307423875,
        "population_age_0_14": 142.70320856031904,
        "population_age_65_plus": 140.55443254436236,
        "elderly_share": 0.10202507727701865,
        "child_share": 0.10358482203291448,
        "vulnerability_share_raw": 0.10249300070378739,
        "lst_median_c": 47.209014679999996,
        "lst_valid_fraction": 1.0,
        "ndvi_median_land": 0.18325436797309705,
        "green_fraction_land": 0.3584,
        "green_fraction_grid_legacy": 0.3584,
        "water_fraction_grid": 0.0,
        "sentinel_valid_fraction": 1.0,
        "spatial_heat_score": 0.5318471337579618,
        "temporal_severity_score": 0.5238709677419354,
        "hazard_score": 0.5294542839531539,
        "exposure_score": 0.9698024297490987,
        "vulnerability_score": 2.8684974681957492e-08,
        "adaptive_capacity_score": 0.3584,
        "risk_score": 55.04723267555312,
        "risk_percentile_within_aoi": 0.535031847133758,
        "hazard_contribution_points": 21.178171358126153,
        "exposure_contribution_points": 24.245060743727468,
        "vulnerability_contribution_points": 5.736994936391499e-07,
        "adaptive_deficit_contribution_points": 9.623999999999999,
        "primary_driver": "exposure",
        "temporal_context_id": "era5-temporal:pilot_v1:2026-07-31T03Z",
        "source_ids": [
          "LC09_L2SP_119039_20260731_02_T1",
          "S2C_MSIL2A_20260731T023551_R089_T51RTP_20260731T060913",
          "chn_pop_2026_CN_100m_R2025A_v1.tif"
        ],
        "analysis_reasons": [],
        "landsat_quality_flag": "HIGH",
        "sentinel_quality_flag": "HIGH"
      }
    },
    {
      "type": "Feature",
      "id": "M4B-R-5EEC8B7710-G-R11-C19",
      "geometry": {
        "type": "Polygon",
        "coordinates": [
          [
            [
              120.1709339013808,
              30.258335398136218
            ],
            [
              120.1709356811661,
              30.260590558154355
            ],
            [
              120.16833782589961,
              30.260592076726727
            ],
            [
              120.16833610544039,
              30.25833691664024
            ],
            [
              120.1709339013808,
              30.258335398136218
            ]
          ]
        ]
      },
      "properties": {
        "grid_id": "M4B-R-5EEC8B7710-G-R11-C19",
        "row": 11,
        "column": 19,
        "analysis_status": "ANALYZABLE_LAND",
        "ranking_eligible": true,
        "source_mode": "REAL",
        "population_total": 1082.0567732139396,
        "population_age_0_14": 112.35412146235386,
        "population_age_65_plus": 118.19343071824048,
        "elderly_share": 0.10923034136848547,
        "child_share": 0.10383385072174924,
        "vulnerability_share_raw": 0.10761139417446458,
        "lst_median_c": 50.579182400000036,
        "lst_valid_fraction": 1.0,
        "ndvi_median_land": 0.30531486132553853,
        "green_fraction_land": 0.5072,
        "green_fraction_grid_legacy": 0.5072,
        "water_fraction_grid": 0.0,
        "sentinel_valid_fraction": 1.0,
        "spatial_heat_score": 0.9426751592356688,
        "temporal_severity_score": 0.5238709677419354,
        "hazard_score": 0.8170339017875488,
        "exposure_score": 0.9187798464736098,
        "vulnerability_score": 0.12838444451446823,
        "adaptive_capacity_score": 0.5072,
        "risk_score": 65.61054112363156,
        "risk_percentile_within_aoi": 0.7547770700636943,
        "hazard_contribution_points": 32.68135607150195,
        "exposure_contribution_points": 22.969496161840244,
        "vulnerability_contribution_points": 2.5676888902893644,
        "adaptive_deficit_contribution_points": 7.392,
        "primary_driver": "hazard",
        "temporal_context_id": "era5-temporal:pilot_v1:2026-07-31T03Z",
        "source_ids": [
          "LC09_L2SP_119039_20260731_02_T1",
          "S2C_MSIL2A_20260731T023551_R089_T51RTP_20260731T060913",
          "chn_pop_2026_CN_100m_R2025A_v1.tif"
        ],
        "analysis_reasons": [],
        "landsat_quality_flag": "HIGH",
        "sentinel_quality_flag": "HIGH"
      }
    },
    {
      "type": "Feature",
      "id": "M4B-R-5EEC8B7710-G-R12-C00",
      "geometry": {
        "type": "Polygon",
        "coordinates": [
          [
            [
              120.12157642029581,
              30.26061060846111
            ],
            [
              120.12157707294347,
              30.262865768604506
            ],
            [
              120.11897915731613,
              30.26286630913786
            ],
            [
              120.11897856400006,
              30.260611148970128
            ],
            [
              120.12157642029581,
              30.26061060846111
            ]
          ]
        ]
      },
      "properties": {
        "grid_id": "M4B-R-5EEC8B7710-G-R12-C00",
        "row": 12,
        "column": 0,
        "analysis_status": "ANALYZABLE_LAND",
        "ranking_eligible": true,
        "source_mode": "REAL",
        "population_total": 755.0757457919439,
        "population_age_0_14": 83.99399098036345,
        "population_age_65_plus": 84.02083759811488,
        "elderly_share": 0.1112747139162728,
        "child_share": 0.11123915904922661,
        "vulnerability_share_raw": 0.11126404745615895,
        "lst_median_c": 48.125044040000034,
        "lst_valid_fraction": 1.0,
        "ndvi_median_land": 0.2860592157368747,
        "green_fraction_land": 0.4704,
        "green_fraction_grid_legacy": 0.4704,
        "water_fraction_grid": 0.0,
        "sentinel_valid_fraction": 1.0,
        "spatial_heat_score": 0.6464968152866242,
        "temporal_severity_score": 0.5238709677419354,
        "hazard_score": 0.6097090610232175,
        "exposure_score": 0.8427894733315165,
        "vulnerability_score": 0.22000377008694524,
        "adaptive_capacity_score": 0.4704,
        "risk_score": 57.80217467595552,
        "risk_percentile_within_aoi": 0.5796178343949044,
        "hazard_contribution_points": 24.388362440928702,
        "exposure_contribution_points": 21.069736833287912,
        "vulnerability_contribution_points": 4.4000754017389045,
        "adaptive_deficit_contribution_points": 7.944000000000001,
        "primary_driver": "hazard",
        "temporal_context_id": "era5-temporal:pilot_v1:2026-07-31T03Z",
        "source_ids": [
          "LC09_L2SP_119039_20260731_02_T1",
          "S2C_MSIL2A_20260731T023551_R089_T51RTP_20260731T060913",
          "chn_pop_2026_CN_100m_R2025A_v1.tif"
        ],
        "analysis_reasons": [],
        "landsat_quality_flag": "HIGH",
        "sentinel_quality_flag": "HIGH"
      }
    },
    {
      "type": "Feature",
      "id": "M4B-R-5EEC8B7710-G-R12-C01",
      "geometry": {
        "type": "Polygon",
        "coordinates": [
          [
            [
              120.12417427656175,
              30.260610016475045
            ],
            [
              120.12417498854097,
              30.262865176591795
            ],
            [
              120.12157707294347,
              30.262865768604506
            ],
            [
              120.12157642029581,
              30.26061060846111
            ],
            [
              120.12417427656175,
              30.260610016475045
            ]
          ]
        ]
      },
      "properties": {
        "grid_id": "M4B-R-5EEC8B7710-G-R12-C01",
        "row": 12,
        "column": 1,
        "analysis_status": "ANALYZABLE_LAND",
        "ranking_eligible": true,
        "source_mode": "REAL",
        "population_total": 999.1742558271832,
        "population_age_0_14": 111.14730738427804,
        "population_age_65_plus": 111.18283084633971,
        "elderly_share": 0.11127471529407565,
        "child_share": 0.11123916247448036,
        "vulnerability_share_raw": 0.11126404944819707,
        "lst_median_c": 50.58089141000002,
        "lst_valid_fraction": 1.0,
        "ndvi_median_land": 0.1931136818796231,
        "green_fraction_land": 0.288,
        "green_fraction_grid_legacy": 0.288,
        "water_fraction_grid": 0.0,
        "sentinel_valid_fraction": 1.0,
        "spatial_heat_score": 0.945859872611465,
        "temporal_severity_score": 0.5238709677419354,
        "hazard_score": 0.8192632011506061,
        "exposure_score": 0.9019467517147158,
        "vulnerability_score": 0.22000382005314098,
        "adaptive_capacity_score": 0.288,
        "risk_score": 70.39927323995498,
        "risk_percentile_within_aoi": 0.8407643312101911,
        "hazard_contribution_points": 32.770528046024246,
        "exposure_contribution_points": 22.548668792867897,
        "vulnerability_contribution_points": 4.40007640106282,
        "adaptive_deficit_contribution_points": 10.68,
        "primary_driver": "hazard",
        "temporal_context_id": "era5-temporal:pilot_v1:2026-07-31T03Z",
        "source_ids": [
          "LC09_L2SP_119039_20260731_02_T1",
          "S2C_MSIL2A_20260731T023551_R089_T51RTP_20260731T060913",
          "chn_pop_2026_CN_100m_R2025A_v1.tif"
        ],
        "analysis_reasons": [],
        "landsat_quality_flag": "HIGH",
        "sentinel_quality_flag": "HIGH"
      }
    },
    {
      "type": "Feature",
      "id": "M4B-R-5EEC8B7710-G-R12-C02",
      "geometry": {
        "type": "Polygon",
        "coordinates": [
          [
            [
              120.12677213279517,
              30.26060937301194
            ],
            [
              120.12677290410599,
              30.262864533099727
            ],
            [
              120.12417498854097,
              30.262865176591795
            ],
            [
              120.12417427656175,
              30.260610016475045
            ],
            [
              120.12677213279517,
              30.26060937301194
            ]
          ]
        ]
      },
      "properties": {
        "grid_id": "M4B-R-5EEC8B7710-G-R12-C02",
        "row": 12,
        "column": 2,
        "analysis_status": "ANALYZABLE_LAND",
        "ranking_eligible": true,
        "source_mode": "REAL",
        "population_total": 882.8164147477395,
        "population_age_0_14": 98.20375968947704,
        "population_age_65_plus": 98.23514555158356,
        "elderly_share": 0.11127471568327575,
        "child_share": 0.11123916371393965,
        "vulnerability_share_raw": 0.11126405009247492,
        "lst_median_c": 49.030819339999994,
        "lst_valid_fraction": 1.0,
        "ndvi_median_land": 0.4648375476165831,
        "green_fraction_land": 0.776,
        "green_fraction_grid_legacy": 0.776,
        "water_fraction_grid": 0.0,
        "sentinel_valid_fraction": 1.0,
        "spatial_heat_score": 0.7866242038216561,
        "temporal_severity_score": 0.5238709677419354,
        "hazard_score": 0.7077982329977399,
        "exposure_score": 0.8757963004015422,
        "vulnerability_score": 0.2200038362135312,
        "adaptive_capacity_score": 0.776,
        "risk_score": 57.96691355421878,
        "risk_percentile_within_aoi": 0.5828025477707006,
        "hazard_contribution_points": 28.311929319909595,
        "exposure_contribution_points": 21.894907510038557,
        "vulnerability_contribution_points": 4.400076724270624,
        "adaptive_deficit_contribution_points": 3.3599999999999994,
        "primary_driver": "hazard",
        "temporal_context_id": "era5-temporal:pilot_v1:2026-07-31T03Z",
        "source_ids": [
          "LC09_L2SP_119039_20260731_02_T1",
          "S2C_MSIL2A_20260731T023551_R089_T51RTP_20260731T060913",
          "chn_pop_2026_CN_100m_R2025A_v1.tif"
        ],
        "analysis_reasons": [],
        "landsat_quality_flag": "HIGH",
        "sentinel_quality_flag": "HIGH"
      }
    },
    {
      "type": "Feature",
      "id": "M4B-R-5EEC8B7710-G-R12-C03",
      "geometry": {
        "type": "Polygon",
        "coordinates": [
          [
            [
              120.12936998899339,
              30.260608678071783
            ],
            [
              120.1293708196358,
              30.2628638381283
            ],
            [
              120.12677290410599,
              30.262864533099727
            ],
            [
              120.12677213279517,
              30.26060937301194
            ],
            [
              120.12936998899339,
              30.260608678071783
            ]
          ]
        ]
      },
      "properties": {
        "grid_id": "M4B-R-5EEC8B7710-G-R12-C03",
        "row": 12,
        "column": 3,
        "analysis_status": "ANALYZABLE_LAND",
        "ranking_eligible": true,
        "source_mode": "REAL",
        "population_total": 207.90192567491985,
        "population_age_0_14": 23.126837167295328,
        "population_age_65_plus": 23.1342289774289,
        "elderly_share": 0.11127472197444724,
        "child_share": 0.11123916766147214,
        "vulnerability_share_raw": 0.11126405568055471,
        "lst_median_c": 43.67478200000005,
        "lst_valid_fraction": 1.0,
        "ndvi_median_land": 0.8458186233636836,
        "green_fraction_land": 0.9104,
        "green_fraction_grid_legacy": 0.9104,
        "water_fraction_grid": 0.0,
        "sentinel_valid_fraction": 1.0,
        "spatial_heat_score": 0.32802547770700635,
        "temporal_severity_score": 0.5238709677419354,
        "hazard_score": 0.38677912471748505,
        "exposure_score": 0.5708241297588748,
        "vulnerability_score": 0.2200039763790663,
        "adaptive_capacity_score": 0.9104,
        "risk_score": 35.4858477602526,
        "risk_percentile_within_aoi": 0.3057324840764331,
        "hazard_contribution_points": 15.471164988699401,
        "exposure_contribution_points": 14.27060324397187,
        "vulnerability_contribution_points": 4.400079527581326,
        "adaptive_deficit_contribution_points": 1.3440000000000003,
        "primary_driver": "hazard",
        "temporal_context_id": "era5-temporal:pilot_v1:2026-07-31T03Z",
        "source_ids": [
          "LC09_L2SP_119039_20260731_02_T1",
          "S2C_MSIL2A_20260731T023551_R089_T51RTP_20260731T060913",
          "chn_pop_2026_CN_100m_R2025A_v1.tif"
        ],
        "analysis_reasons": [],
        "landsat_quality_flag": "HIGH",
        "sentinel_quality_flag": "HIGH"
      }
    },
    {
      "type": "Feature",
      "id": "M4B-R-5EEC8B7710-G-R12-C04",
      "geometry": {
        "type": "Polygon",
        "coordinates": [
          [
            [
              120.13196784515371,
              30.260607931654608
            ],
            [
              120.13196873512766,
              30.262863091677502
            ],
            [
              120.1293708196358,
              30.2628638381283
            ],
            [
              120.12936998899339,
              30.260608678071783
            ],
            [
              120.13196784515371,
              30.260607931654608
            ]
          ]
        ]
      },
      "properties": {
        "grid_id": "M4B-R-5EEC8B7710-G-R12-C04",
        "row": 12,
        "column": 4,
        "analysis_status": "ANALYZABLE_LAND",
        "ranking_eligible": true,
        "source_mode": "REAL",
        "population_total": 17.536022153597553,
        "population_age_0_14": 1.9506918481998334,
        "population_age_65_plus": 1.9513155067419636,
        "elderly_share": 0.11127469443471517,
        "child_share": 0.11123913000986058,
        "vulnerability_share_raw": 0.11126402510725879,
        "lst_median_c": 37.806041660000005,
        "lst_valid_fraction": 1.0,
        "ndvi_median_land": 0.90808894941515,
        "green_fraction_land": 1.0,
        "green_fraction_grid_legacy": 1.0,
        "water_fraction_grid": 0.0,
        "sentinel_valid_fraction": 1.0,
        "spatial_heat_score": 0.044585987261146494,
        "temporal_severity_score": 0.5238709677419354,
        "hazard_score": 0.18837148140538315,
        "exposure_score": 0.0586943752655848,
        "vulnerability_score": 0.2200032095105636,
        "adaptive_capacity_score": 1.0,
        "risk_score": 13.40228282806622,
        "risk_percentile_within_aoi": 0.041401273885350316,
        "hazard_contribution_points": 7.534859256215326,
        "exposure_contribution_points": 1.46735938163962,
        "vulnerability_contribution_points": 4.400064190211272,
        "adaptive_deficit_contribution_points": 0.0,
        "primary_driver": "hazard",
        "temporal_context_id": "era5-temporal:pilot_v1:2026-07-31T03Z",
        "source_ids": [
          "LC09_L2SP_119039_20260731_02_T1",
          "S2C_MSIL2A_20260731T023551_R089_T51RTP_20260731T060913",
          "chn_pop_2026_CN_100m_R2025A_v1.tif"
        ],
        "analysis_reasons": [],
        "landsat_quality_flag": "HIGH",
        "sentinel_quality_flag": "HIGH"
      }
    },
    {
      "type": "Feature",
      "id": "M4B-R-5EEC8B7710-G-R12-C05",
      "geometry": {
        "type": "Polygon",
        "coordinates": [
          [
            [
              120.13456570127337,
              30.260607133760388
            ],
            [
              120.13456665057892,
              30.262862293747375
            ],
            [
              120.13196873512766,
              30.262863091677502
            ],
            [
              120.13196784515371,
              30.260607931654608
            ],
            [
              120.13456570127337,
              30.260607133760388
            ]
          ]
        ]
      },
      "properties": {
        "grid_id": "M4B-R-5EEC8B7710-G-R12-C05",
        "row": 12,
        "column": 5,
        "analysis_status": "ANALYZABLE_LAND",
        "ranking_eligible": true,
        "source_mode": "REAL",
        "population_total": 11.640885398862311,
        "population_age_0_14": 1.2949208873593634,
        "population_age_65_plus": 1.2953359735100474,
        "elderly_share": 0.11127469510494824,
        "child_share": 0.11123903749502756,
        "vulnerability_share_raw": 0.11126399782197204,
        "lst_median_c": 37.80433264999999,
        "lst_valid_fraction": 1.0,
        "ndvi_median_land": 0.9153586705624034,
        "green_fraction_land": 1.0,
        "green_fraction_grid_legacy": 1.0,
        "water_fraction_grid": 0.0,
        "sentinel_valid_fraction": 1.0,
        "spatial_heat_score": 0.041401273885350316,
        "temporal_severity_score": 0.5238709677419354,
        "hazard_score": 0.18614218204232583,
        "exposure_score": 0.0,
        "vulnerability_score": 0.22000252511503587,
        "adaptive_capacity_score": 1.0,
        "risk_score": 11.845737783993751,
        "risk_percentile_within_aoi": 0.01592356687898089,
        "hazard_contribution_points": 7.445687281693033,
        "exposure_contribution_points": 0.0,
        "vulnerability_contribution_points": 4.400050502300718,
        "adaptive_deficit_contribution_points": 0.0,
        "primary_driver": "hazard",
        "temporal_context_id": "era5-temporal:pilot_v1:2026-07-31T03Z",
        "source_ids": [
          "LC09_L2SP_119039_20260731_02_T1",
          "S2C_MSIL2A_20260731T023551_R089_T51RTP_20260731T060913",
          "chn_pop_2026_CN_100m_R2025A_v1.tif"
        ],
        "analysis_reasons": [],
        "landsat_quality_flag": "HIGH",
        "sentinel_quality_flag": "HIGH"
      }
    },
    {
      "type": "Feature",
      "id": "M4B-R-5EEC8B7710-G-R12-C06",
      "geometry": {
        "type": "Polygon",
        "coordinates": [
          [
            [
              120.1371635573497,
              30.260606284389137
            ],
            [
              120.13716456598682,
              30.262861444337886
            ],
            [
              120.13456665057892,
              30.262862293747375
            ],
            [
              120.13456570127337,
              30.260607133760388
            ],
            [
              120.1371635573497,
              30.260606284389137
            ]
          ]
        ]
      },
      "properties": {
        "grid_id": "M4B-R-5EEC8B7710-G-R12-C06",
        "row": 12,
        "column": 6,
        "analysis_status": "ANALYZABLE_LAND",
        "ranking_eligible": true,
        "source_mode": "REAL",
        "population_total": 1.5199455221387599,
        "population_age_0_14": 0.16907843478725343,
        "population_age_65_plus": 0.16913127662215946,
        "elderly_share": 0.11127456488320048,
        "child_share": 0.11123979927210695,
        "vulnerability_share_raw": 0.11126413519987241,
        "lst_median_c": 38.64003853999998,
        "lst_valid_fraction": 1.0,
        "ndvi_median_land": 0.9042003936232993,
        "green_fraction_land": 1.0,
        "green_fraction_grid_legacy": 1.0,
        "water_fraction_grid": 0.0,
        "sentinel_valid_fraction": 1.0,
        "spatial_heat_score": 0.08917197452229299,
        "temporal_severity_score": 0.5238709677419354,
        "hazard_score": 0.2195816724881857,
        "exposure_score": 0.0,
        "vulnerability_score": 0.22000597095826552,
        "adaptive_capacity_score": 1.0,
        "risk_score": 13.183386318692738,
        "risk_percentile_within_aoi": 0.03821656050955414,
        "hazard_contribution_points": 8.783266899527428,
        "exposure_contribution_points": 0.0,
        "vulnerability_contribution_points": 4.400119419165311,
        "adaptive_deficit_contribution_points": 0.0,
        "primary_driver": "hazard",
        "temporal_context_id": "era5-temporal:pilot_v1:2026-07-31T03Z",
        "source_ids": [
          "LC09_L2SP_119039_20260731_02_T1",
          "S2C_MSIL2A_20260731T023551_R089_T51RTP_20260731T060913",
          "chn_pop_2026_CN_100m_R2025A_v1.tif"
        ],
        "analysis_reasons": [],
        "landsat_quality_flag": "HIGH",
        "sentinel_quality_flag": "HIGH"
      }
    },
    {
      "type": "Feature",
      "id": "M4B-R-5EEC8B7710-G-R12-C07",
      "geometry": {
        "type": "Polygon",
        "coordinates": [
          [
            [
              120.13976141337997,
              30.260605383540856
            ],
            [
              120.13976248134867,
              30.26286054344905
            ],
            [
              120.13716456598682,
              30.262861444337886
            ],
            [
              120.1371635573497,
              30.260606284389137
            ],
            [
              120.13976141337997,
              30.260605383540856
            ]
          ]
        ]
      },
      "properties": {
        "grid_id": "M4B-R-5EEC8B7710-G-R12-C07",
        "row": 12,
        "column": 7,
        "analysis_status": "ANALYZABLE_LAND",
        "ranking_eligible": true,
        "source_mode": "REAL",
        "population_total": 17.64606141124046,
        "population_age_0_14": 1.9629347028250181,
        "population_age_65_plus": 1.9635611124327264,
        "elderly_share": 0.11127475229015961,
        "child_share": 0.11123925373934365,
        "vulnerability_share_raw": 0.11126410272491481,
        "lst_median_c": 39.66031751000003,
        "lst_valid_fraction": 1.0,
        "ndvi_median_land": 0.8899741014822614,
        "green_fraction_land": 0.9888,
        "green_fraction_grid_legacy": 0.9888,
        "water_fraction_grid": 0.0,
        "sentinel_valid_fraction": 1.0,
        "spatial_heat_score": 0.16878980891719744,
        "temporal_severity_score": 0.5238709677419354,
        "hazard_score": 0.27531415656461883,
        "exposure_score": 0.05994585656183022,
        "vulnerability_score": 0.22000515639047502,
        "adaptive_capacity_score": 0.9888,
        "risk_score": 17.07931580444001,
        "risk_percentile_within_aoi": 0.07643312101910828,
        "hazard_contribution_points": 11.012566262584754,
        "exposure_contribution_points": 1.4986464140457556,
        "vulnerability_contribution_points": 4.4001031278095,
        "adaptive_deficit_contribution_points": 0.16799999999999982,
        "primary_driver": "hazard",
        "temporal_context_id": "era5-temporal:pilot_v1:2026-07-31T03Z",
        "source_ids": [
          "LC09_L2SP_119039_20260731_02_T1",
          "S2C_MSIL2A_20260731T023551_R089_T51RTP_20260731T060913",
          "chn_pop_2026_CN_100m_R2025A_v1.tif"
        ],
        "analysis_reasons": [],
        "landsat_quality_flag": "HIGH",
        "sentinel_quality_flag": "HIGH"
      }
    },
    {
      "type": "Feature",
      "id": "M4B-R-5EEC8B7710-G-R12-C08",
      "geometry": {
        "type": "Polygon",
        "coordinates": [
          [
            [
              120.14235926936153,
              30.260604431215548
            ],
            [
              120.14236039666176,
              30.26285959108088
            ],
            [
              120.13976248134867,
              30.26286054344905
            ],
            [
              120.13976141337997,
              30.260605383540856
            ],
            [
              120.14235926936153,
              30.260604431215548
            ]
          ]
        ]
      },
      "properties": {
        "grid_id": "M4B-R-5EEC8B7710-G-R12-C08",
        "row": 12,
        "column": 8,
        "analysis_status": "ANALYZABLE_LAND",
        "ranking_eligible": true,
        "source_mode": "REAL",
        "population_total": 23.361787952979803,
        "population_age_0_14": 2.5987464982786923,
        "population_age_65_plus": 2.599576577040537,
        "elderly_share": 0.1112747270145888,
        "child_share": 0.11123919554056312,
        "vulnerability_share_raw": 0.1112640675723811,
        "lst_median_c": 39.94743119,
        "lst_valid_fraction": 1.0,
        "ndvi_median_land": 0.8875552220673144,
        "green_fraction_land": 0.9952,
        "green_fraction_grid_legacy": 0.9952,
        "water_fraction_grid": 0.0,
        "sentinel_valid_fraction": 1.0,
        "spatial_heat_score": 0.18471337579617833,
        "temporal_severity_score": 0.5238709677419354,
        "hazard_score": 0.28646065337990545,
        "exposure_score": 0.11647983484588936,
        "vulnerability_score": 0.22000427466117223,
        "adaptive_capacity_score": 0.9952,
        "risk_score": 18.842507499566896,
        "risk_percentile_within_aoi": 0.08917197452229299,
        "hazard_contribution_points": 11.458426135196218,
        "exposure_contribution_points": 2.911995871147234,
        "vulnerability_contribution_points": 4.400085493223445,
        "adaptive_deficit_contribution_points": 0.0720000000000004,
        "primary_driver": "hazard",
        "temporal_context_id": "era5-temporal:pilot_v1:2026-07-31T03Z",
        "source_ids": [
          "LC09_L2SP_119039_20260731_02_T1",
          "S2C_MSIL2A_20260731T023551_R089_T51RTP_20260731T060913",
          "chn_pop_2026_CN_100m_R2025A_v1.tif"
        ],
        "analysis_reasons": [],
        "landsat_quality_flag": "HIGH",
        "sentinel_quality_flag": "HIGH"
      }
    },
    {
      "type": "Feature",
      "id": "M4B-R-5EEC8B7710-G-R12-C09",
      "geometry": {
        "type": "Polygon",
        "coordinates": [
          [
            [
              120.14495712529161,
              30.260603427413223
            ],
            [
              120.14495831192338,
              30.262858587233364
            ],
            [
              120.14236039666176,
              30.26285959108088
            ],
            [
              120.14235926936153,
              30.260604431215548
            ],
            [
              120.14495712529161,
              30.260603427413223
            ]
          ]
        ]
      },
      "properties": {
        "grid_id": "M4B-R-5EEC8B7710-G-R12-C09",
        "row": 12,
        "column": 9,
        "analysis_status": "ANALYZABLE_LAND",
        "ranking_eligible": true,
        "source_mode": "REAL",
        "population_total": 43.08912678297533,
        "population_age_0_14": 4.7931995860746905,
        "population_age_65_plus": 4.794731623442856,
        "elderly_share": 0.11127474565897381,
        "child_share": 0.11123919057854989,
        "vulnerability_share_raw": 0.11126407913484664,
        "lst_median_c": 39.52872374000003,
        "lst_valid_fraction": 1.0,
        "ndvi_median_land": 0.8483145231479717,
        "green_fraction_land": 0.9707495429616088,
        "green_fraction_grid_legacy": 0.8496,
        "water_fraction_grid": 0.1248,
        "sentinel_valid_fraction": 1.0,
        "spatial_heat_score": 0.15605095541401273,
        "temporal_severity_score": 0.5238709677419354,
        "hazard_score": 0.26639695911238953,
        "exposure_score": 0.24190317940418796,
        "vulnerability_score": 0.22000456468193608,
        "adaptive_capacity_score": 0.9707495429616088,
        "risk_score": 21.54230599881487,
        "risk_percentile_within_aoi": 0.1305732484076433,
        "hazard_contribution_points": 10.655878364495582,
        "exposure_contribution_points": 6.047579485104699,
        "vulnerability_contribution_points": 4.400091293638722,
        "adaptive_deficit_contribution_points": 0.43875685557586863,
        "primary_driver": "hazard",
        "temporal_context_id": "era5-temporal:pilot_v1:2026-07-31T03Z",
        "source_ids": [
          "LC09_L2SP_119039_20260731_02_T1",
          "S2C_MSIL2A_20260731T023551_R089_T51RTP_20260731T060913",
          "chn_pop_2026_CN_100m_R2025A_v1.tif"
        ],
        "analysis_reasons": [],
        "landsat_quality_flag": "HIGH",
        "sentinel_quality_flag": "HIGH"
      }
    },
    {
      "type": "Feature",
      "id": "M4B-R-5EEC8B7710-G-R12-C10",
      "geometry": {
        "type": "Polygon",
        "coordinates": [
          [
            [
              120.14755498116752,
              30.260602372133867
            ],
            [
              120.14755622713082,
              30.262857531906505
            ],
            [
              120.14495831192338,
              30.262858587233364
            ],
            [
              120.14495712529161,
              30.260603427413223
            ],
            [
              120.14755498116752,
              30.260602372133867
            ]
          ]
        ]
      },
      "properties": {
        "grid_id": "M4B-R-5EEC8B7710-G-R12-C10",
        "row": 12,
        "column": 10,
        "analysis_status": "ANALYZABLE_LAND",
        "ranking_eligible": true,
        "source_mode": "REAL",
        "population_total": 201.9326074071747,
        "population_age_0_14": 22.46281316333376,
        "population_age_65_plus": 22.469995162857977,
        "elderly_share": 0.11127472403478517,
        "child_share": 0.11123915771582145,
        "vulnerability_share_raw": 0.11126405413909604,
        "lst_median_c": 39.05532797000001,
        "lst_valid_fraction": 1.0,
        "ndvi_median_land": 0.8021573311163963,
        "green_fraction_land": 0.8877118644067796,
        "green_fraction_grid_legacy": 0.6704,
        "water_fraction_grid": 0.2448,
        "sentinel_valid_fraction": 1.0,
        "spatial_heat_score": 0.12101910828025478,
        "temporal_severity_score": 0.5238709677419354,
        "hazard_score": 0.24187466611875896,
        "exposure_score": 0.564694396768545,
        "vulnerability_score": 0.22000393771473306,
        "adaptive_capacity_score": 0.8877118644067796,
        "risk_score": 29.87674735215695,
        "risk_percentile_within_aoi": 0.2515923566878981,
        "hazard_contribution_points": 9.674986644750359,
        "exposure_contribution_points": 14.117359919213627,
        "vulnerability_contribution_points": 4.400078754294661,
        "adaptive_deficit_contribution_points": 1.6843220338983056,
        "primary_driver": "exposure",
        "temporal_context_id": "era5-temporal:pilot_v1:2026-07-31T03Z",
        "source_ids": [
          "LC09_L2SP_119039_20260731_02_T1",
          "S2C_MSIL2A_20260731T023551_R089_T51RTP_20260731T060913",
          "chn_pop_2026_CN_100m_R2025A_v1.tif"
        ],
        "analysis_reasons": [],
        "landsat_quality_flag": "HIGH",
        "sentinel_quality_flag": "HIGH"
      }
    },
    {
      "type": "Feature",
      "id": "M4B-R-5EEC8B7710-G-R12-C11",
      "geometry": {
        "type": "Polygon",
        "coordinates": [
          [
            [
              120.15015283698655,
              30.260601265377503
            ],
            [
              120.15015414228138,
              30.26285642510032
            ],
            [
              120.14755622713082,
              30.262857531906505
            ],
            [
              120.14755498116752,
              30.260602372133867
            ],
            [
              120.15015283698655,
              30.260601265377503
            ]
          ]
        ]
      },
      "properties": {
        "grid_id": "M4B-R-5EEC8B7710-G-R12-C11",
        "row": 12,
        "column": 11,
        "analysis_status": "ANALYZABLE_LAND",
        "ranking_eligible": true,
        "source_mode": "REAL",
        "population_total": 150.09711301582686,
        "population_age_0_14": 16.69667639913859,
        "population_age_65_plus": 16.702012228402296,
        "elderly_share": 0.11127470670699154,
        "child_share": 0.11123915752715392,
        "vulnerability_share_raw": 0.11126404195304025,
        "lst_median_c": 38.20082296999999,
        "lst_valid_fraction": 1.0,
        "ndvi_median_land": 0.7187041633063538,
        "green_fraction_land": 0.937888198757764,
        "green_fraction_grid_legacy": 0.4832,
        "water_fraction_grid": 0.4848,
        "sentinel_valid_fraction": 1.0,
        "spatial_heat_score": 0.06050955414012739,
        "temporal_severity_score": 0.5238709677419354,
        "hazard_score": 0.19951797822066977,
        "exposure_score": 0.5023310655411855,
        "vulnerability_score": 0.22000363205248516,
        "adaptive_capacity_score": 0.937888198757764,
        "risk_score": 25.870745427039672,
        "risk_percentile_within_aoi": 0.18789808917197454,
        "hazard_contribution_points": 7.980719128826791,
        "exposure_contribution_points": 12.558276638529636,
        "vulnerability_contribution_points": 4.400072641049703,
        "adaptive_deficit_contribution_points": 0.9316770186335405,
        "primary_driver": "exposure",
        "temporal_context_id": "era5-temporal:pilot_v1:2026-07-31T03Z",
        "source_ids": [
          "LC09_L2SP_119039_20260731_02_T1",
          "S2C_MSIL2A_20260731T023551_R089_T51RTP_20260731T060913",
          "chn_pop_2026_CN_100m_R2025A_v1.tif"
        ],
        "analysis_reasons": [],
        "landsat_quality_flag": "HIGH",
        "sentinel_quality_flag": "HIGH"
      }
    },
    {
      "type": "Feature",
      "id": "M4B-R-5EEC8B7710-G-R12-C12",
      "geometry": {
        "type": "Polygon",
        "coordinates": [
          [
            [
              120.152750692746,
              30.260600107144114
            ],
            [
              120.15275205737233,
              30.262855266814796
            ],
            [
              120.15015414228138,
              30.26285642510032
            ],
            [
              120.15015283698655,
              30.260601265377503
            ],
            [
              120.152750692746,
              30.260600107144114
            ]
          ]
        ]
      },
      "properties": {
        "grid_id": "M4B-R-5EEC8B7710-G-R12-C12",
        "row": 12,
        "column": 12,
        "analysis_status": "ANALYZABLE_LAND",
        "ranking_eligible": true,
        "source_mode": "REAL",
        "population_total": 48.748736049447544,
        "population_age_0_14": 5.412033908426174,
        "population_age_65_plus": 5.411530259294359,
        "elderly_share": 0.1110086270504584,
        "child_share": 0.11101895858256837,
        "vulnerability_share_raw": 0.11101172651009138,
        "lst_median_c": 38.82802964000001,
        "lst_valid_fraction": 1.0,
        "ndvi_median_land": 0.8179640339488123,
        "green_fraction_land": 0.90625,
        "green_fraction_grid_legacy": 0.464,
        "water_fraction_grid": 0.488,
        "sentinel_valid_fraction": 1.0,
        "spatial_heat_score": 0.09872611464968153,
        "temporal_severity_score": 0.5238709677419354,
        "hazard_score": 0.2262695705773577,
        "exposure_score": 0.2674387130120985,
        "vulnerability_score": 0.21367481600242377,
        "adaptive_capacity_score": 0.90625,
        "risk_score": 21.416496968445244,
        "risk_percentile_within_aoi": 0.12738853503184713,
        "hazard_contribution_points": 9.050782823094307,
        "exposure_contribution_points": 6.685967825302462,
        "vulnerability_contribution_points": 4.2734963200484755,
        "adaptive_deficit_contribution_points": 1.40625,
        "primary_driver": "hazard",
        "temporal_context_id": "era5-temporal:pilot_v1:2026-07-31T03Z",
        "source_ids": [
          "LC09_L2SP_119039_20260731_02_T1",
          "S2C_MSIL2A_20260731T023551_R089_T51RTP_20260731T060913",
          "chn_pop_2026_CN_100m_R2025A_v1.tif"
        ],
        "analysis_reasons": [],
        "landsat_quality_flag": "HIGH",
        "sentinel_quality_flag": "HIGH"
      }
    },
    {
      "type": "Feature",
      "id": "M4B-R-5EEC8B7710-G-R12-C13",
      "geometry": {
        "type": "Polygon",
        "coordinates": [
          [
            [
              120.15534854844313,
              30.26059889743373
            ],
            [
              120.155349972401,
              30.262854057049946
            ],
            [
              120.15275205737233,
              30.262855266814796
            ],
            [
              120.152750692746,
              30.260600107144114
            ],
            [
              120.15534854844313,
              30.26059889743373
            ]
          ]
        ]
      },
      "properties": {
        "grid_id": "M4B-R-5EEC8B7710-G-R12-C13",
        "row": 12,
        "column": 13,
        "analysis_status": "ANALYZABLE_LAND",
        "ranking_eligible": true,
        "source_mode": "REAL",
        "population_total": 872.0099797074303,
        "population_age_0_14": 92.64681314332098,
        "population_age_65_plus": 129.90299076712876,
        "elderly_share": 0.14896961478664816,
        "child_share": 0.10624512941285957,
        "vulnerability_share_raw": 0.13615226917451156,
        "lst_median_c": 46.73903693,
        "lst_valid_fraction": 1.0,
        "ndvi_median_land": 0.3826550182352349,
        "green_fraction_land": 0.5728,
        "green_fraction_grid_legacy": 0.5728,
        "water_fraction_grid": 0.0,
        "sentinel_valid_fraction": 1.0,
        "spatial_heat_score": 0.5,
        "temporal_severity_score": 0.5238709677419354,
        "hazard_score": 0.5071612903225806,
        "exposure_score": 0.8731951333567058,
        "vulnerability_score": 0.8442738315136344,
        "adaptive_capacity_score": 0.5728,
        "risk_score": 65.40980657709356,
        "risk_percentile_within_aoi": 0.7452229299363057,
        "hazard_contribution_points": 20.286451612903225,
        "exposure_contribution_points": 21.829878333917645,
        "vulnerability_contribution_points": 16.885476630272688,
        "adaptive_deficit_contribution_points": 6.408,
        "primary_driver": "exposure",
        "temporal_context_id": "era5-temporal:pilot_v1:2026-07-31T03Z",
        "source_ids": [
          "LC09_L2SP_119039_20260731_02_T1",
          "S2C_MSIL2A_20260731T023551_R089_T51RTP_20260731T060913",
          "chn_pop_2026_CN_100m_R2025A_v1.tif"
        ],
        "analysis_reasons": [],
        "landsat_quality_flag": "HIGH",
        "sentinel_quality_flag": "HIGH"
      }
    },
    {
      "type": "Feature",
      "id": "M4B-R-5EEC8B7710-G-R12-C14",
      "geometry": {
        "type": "Polygon",
        "coordinates": [
          [
            [
              120.15794640407528,
              30.26059763624632
            ],
            [
              120.15794788736463,
              30.262852795805767
            ],
            [
              120.155349972401,
              30.262854057049946
            ],
            [
              120.15534854844313,
              30.26059889743373
            ],
            [
              120.15794640407528,
              30.26059763624632
            ]
          ]
        ]
      },
      "properties": {
        "grid_id": "M4B-R-5EEC8B7710-G-R12-C14",
        "row": 12,
        "column": 14,
        "analysis_status": "ANALYZABLE_LAND",
        "ranking_eligible": true,
        "source_mode": "REAL",
        "population_total": 902.7278295213438,
        "population_age_0_14": 95.08955164158274,
        "population_age_65_plus": 137.8347927088102,
        "elderly_share": 0.15268698737458308,
        "child_share": 0.1053357928402433,
        "vulnerability_share_raw": 0.13848162901428113,
        "lst_median_c": 47.94047096000003,
        "lst_valid_fraction": 1.0,
        "ndvi_median_land": 0.2178647050096879,
        "green_fraction_land": 0.3872,
        "green_fraction_grid_legacy": 0.3872,
        "water_fraction_grid": 0.0,
        "sentinel_valid_fraction": 1.0,
        "spatial_heat_score": 0.6242038216560509,
        "temporal_severity_score": 0.5238709677419354,
        "hazard_score": 0.5941039654818162,
        "exposure_score": 0.8805068594075937,
        "vulnerability_score": 0.9027010516948785,
        "adaptive_capacity_score": 0.3872,
        "risk_score": 73.02285113836007,
        "risk_percentile_within_aoi": 0.8694267515923567,
        "hazard_contribution_points": 23.76415861927265,
        "exposure_contribution_points": 22.01267148518984,
        "vulnerability_contribution_points": 18.05402103389757,
        "adaptive_deficit_contribution_points": 9.192,
        "primary_driver": "hazard",
        "temporal_context_id": "era5-temporal:pilot_v1:2026-07-31T03Z",
        "source_ids": [
          "LC09_L2SP_119039_20260731_02_T1",
          "S2C_MSIL2A_20260731T023551_R089_T51RTP_20260731T060913",
          "chn_pop_2026_CN_100m_R2025A_v1.tif"
        ],
        "analysis_reasons": [],
        "landsat_quality_flag": "HIGH",
        "sentinel_quality_flag": "HIGH"
      }
    },
    {
      "type": "Feature",
      "id": "M4B-R-5EEC8B7710-G-R12-C15",
      "geometry": {
        "type": "Polygon",
        "coordinates": [
          [
            [
              120.16054425963969,
              30.26059632358192
            ],
            [
              120.16054580226054,
              30.262851483082276
            ],
            [
              120.15794788736463,
              30.262852795805767
            ],
            [
              120.15794640407528,
              30.26059763624632
            ],
            [
              120.16054425963969,
              30.26059632358192
            ]
          ]
        ]
      },
      "properties": {
        "grid_id": "M4B-R-5EEC8B7710-G-R12-C15",
        "row": 12,
        "column": 15,
        "analysis_status": "ANALYZABLE_LAND",
        "ranking_eligible": true,
        "source_mode": "REAL",
        "population_total": 1195.0008863956095,
        "population_age_0_14": 125.76103674646063,
        "population_age_65_plus": 179.1241674708657,
        "elderly_share": 0.14989458962758123,
        "child_share": 0.10523928323248705,
        "vulnerability_share_raw": 0.13649799770905297,
        "lst_median_c": 48.241256720000024,
        "lst_valid_fraction": 1.0,
        "ndvi_median_land": 0.21207813031885808,
        "green_fraction_land": 0.3904,
        "green_fraction_grid_legacy": 0.3904,
        "water_fraction_grid": 0.0,
        "sentinel_valid_fraction": 1.0,
        "spatial_heat_score": 0.6624203821656051,
        "temporal_severity_score": 0.5238709677419354,
        "hazard_score": 0.6208555578385041,
        "exposure_score": 0.9397534650035739,
        "vulnerability_score": 0.8529457236213767,
        "adaptive_capacity_score": 0.3904,
        "risk_score": 74.53097341105705,
        "risk_percentile_within_aoi": 0.8853503184713376,
        "hazard_contribution_points": 24.834222313540163,
        "exposure_contribution_points": 23.493836625089347,
        "vulnerability_contribution_points": 17.05891447242753,
        "adaptive_deficit_contribution_points": 9.143999999999998,
        "primary_driver": "hazard",
        "temporal_context_id": "era5-temporal:pilot_v1:2026-07-31T03Z",
        "source_ids": [
          "LC09_L2SP_119039_20260731_02_T1",
          "S2C_MSIL2A_20260731T023551_R089_T51RTP_20260731T060913",
          "chn_pop_2026_CN_100m_R2025A_v1.tif"
        ],
        "analysis_reasons": [],
        "landsat_quality_flag": "HIGH",
        "sentinel_quality_flag": "HIGH"
      }
    },
    {
      "type": "Feature",
      "id": "M4B-R-5EEC8B7710-G-R12-C16",
      "geometry": {
        "type": "Polygon",
        "coordinates": [
          [
            [
              120.1631421151337,
              30.260594959440525
            ],
            [
              120.16314371708604,
              30.26285011887947
            ],
            [
              120.16054580226054,
              30.262851483082276
            ],
            [
              120.16054425963969,
              30.26059632358192
            ],
            [
              120.1631421151337,
              30.260594959440525
            ]
          ]
        ]
      },
      "properties": {
        "grid_id": "M4B-R-5EEC8B7710-G-R12-C16",
        "row": 12,
        "column": 16,
        "analysis_status": "ANALYZABLE_LAND",
        "ranking_eligible": true,
        "source_mode": "REAL",
        "population_total": 1576.1552661394473,
        "population_age_0_14": 165.94717709880996,
        "population_age_65_plus": 238.3902673332406,
        "elderly_share": 0.15124795916657455,
        "child_share": 0.10528605947894482,
        "vulnerability_share_raw": 0.13745938926028564,
        "lst_median_c": 50.89193123000001,
        "lst_valid_fraction": 1.0,
        "ndvi_median_land": 0.2946611815278367,
        "green_fraction_land": 0.4912,
        "green_fraction_grid_legacy": 0.4912,
        "water_fraction_grid": 0.0,
        "sentinel_valid_fraction": 1.0,
        "spatial_heat_score": 0.9617834394904459,
        "temporal_severity_score": 0.5238709677419354,
        "hazard_score": 0.8304096979658927,
        "exposure_score": 0.9982450172211864,
        "vulnerability_score": 0.8770602613949035,
        "adaptive_capacity_score": 0.4912,
        "risk_score": 83.34571857706344,
        "risk_percentile_within_aoi": 0.9585987261146497,
        "hazard_contribution_points": 33.21638791863571,
        "exposure_contribution_points": 24.95612543052966,
        "vulnerability_contribution_points": 17.541205227898068,
        "adaptive_deficit_contribution_points": 7.631999999999999,
        "primary_driver": "hazard",
        "temporal_context_id": "era5-temporal:pilot_v1:2026-07-31T03Z",
        "source_ids": [
          "LC09_L2SP_119039_20260731_02_T1",
          "S2C_MSIL2A_20260731T023551_R089_T51RTP_20260731T060913",
          "chn_pop_2026_CN_100m_R2025A_v1.tif"
        ],
        "analysis_reasons": [],
        "landsat_quality_flag": "HIGH",
        "sentinel_quality_flag": "HIGH"
      }
    },
    {
      "type": "Feature",
      "id": "M4B-R-5EEC8B7710-G-R12-C17",
      "geometry": {
        "type": "Polygon",
        "coordinates": [
          [
            [
              120.16573997055458,
              30.26059354382212
            ],
            [
              120.16574163183839,
              30.262848703197342
            ],
            [
              120.16314371708604,
              30.26285011887947
            ],
            [
              120.1631421151337,
              30.260594959440525
            ],
            [
              120.16573997055458,
              30.26059354382212
            ]
          ]
        ]
      },
      "properties": {
        "grid_id": "M4B-R-5EEC8B7710-G-R12-C17",
        "row": 12,
        "column": 17,
        "analysis_status": "ANALYZABLE_LAND",
        "ranking_eligible": true,
        "source_mode": "REAL",
        "population_total": 1513.516362208268,
        "population_age_0_14": 159.45857811388203,
        "population_age_65_plus": 231.99491099636336,
        "elderly_share": 0.15328206340490133,
        "child_share": 0.10535636224059511,
        "vulnerability_share_raw": 0.13890435305560944,
        "lst_median_c": 49.191466279999986,
        "lst_valid_fraction": 1.0,
        "ndvi_median_land": 0.3052722819367178,
        "green_fraction_land": 0.5088,
        "green_fraction_grid_legacy": 0.5088,
        "water_fraction_grid": 0.0,
        "sentinel_valid_fraction": 1.0,
        "spatial_heat_score": 0.7914012738853503,
        "temporal_severity_score": 0.5238709677419354,
        "hazard_score": 0.7111421820423258,
        "exposure_score": 0.9896762293752701,
        "vulnerability_score": 0.9133042183748012,
        "adaptive_capacity_score": 0.5088,
        "risk_score": 78.82167738357082,
        "risk_percentile_within_aoi": 0.9267515923566879,
        "hazard_contribution_points": 28.445687281693033,
        "exposure_contribution_points": 24.741905734381753,
        "vulnerability_contribution_points": 18.266084367496024,
        "adaptive_deficit_contribution_points": 7.367999999999999,
        "primary_driver": "hazard",
        "temporal_context_id": "era5-temporal:pilot_v1:2026-07-31T03Z",
        "source_ids": [
          "LC09_L2SP_119039_20260731_02_T1",
          "S2C_MSIL2A_20260731T023551_R089_T51RTP_20260731T060913",
          "chn_pop_2026_CN_100m_R2025A_v1.tif"
        ],
        "analysis_reasons": [],
        "landsat_quality_flag": "HIGH",
        "sentinel_quality_flag": "HIGH"
      }
    },
    {
      "type": "Feature",
      "id": "M4B-R-5EEC8B7710-G-R12-C18",
      "geometry": {
        "type": "Polygon",
        "coordinates": [
          [
            [
              120.16833782589961,
              30.260592076726727
            ],
            [
              120.16833954651489,
              30.262847236035913
            ],
            [
              120.16574163183839,
              30.262848703197342
            ],
            [
              120.16573997055458,
              30.26059354382212
            ],
            [
              120.16833782589961,
              30.260592076726727
            ]
          ]
        ]
      },
      "properties": {
        "grid_id": "M4B-R-5EEC8B7710-G-R12-C18",
        "row": 12,
        "column": 18,
        "analysis_status": "ANALYZABLE_LAND",
        "ranking_eligible": true,
        "source_mode": "REAL",
        "population_total": 1082.6197366850963,
        "population_age_0_14": 114.00783748767145,
        "population_age_65_plus": 164.4115671123909,
        "elderly_share": 0.1518645573706307,
        "child_share": 0.10530737028382213,
        "vulnerability_share_raw": 0.13789740124458813,
        "lst_median_c": 46.15284650000001,
        "lst_valid_fraction": 1.0,
        "ndvi_median_land": 0.28971231860820085,
        "green_fraction_land": 0.48148148148148145,
        "green_fraction_grid_legacy": 0.4784,
        "water_fraction_grid": 0.0064,
        "sentinel_valid_fraction": 1.0,
        "spatial_heat_score": 0.4299363057324841,
        "temporal_severity_score": 0.5238709677419354,
        "hazard_score": 0.4581167043353195,
        "exposure_score": 0.9188897205700971,
        "vulnerability_score": 0.8880468948089134,
        "adaptive_capacity_score": 0.48148148148148145,
        "risk_score": 66.83562686162126,
        "risk_percentile_within_aoi": 0.7802547770700637,
        "hazard_contribution_points": 18.32466817341278,
        "exposure_contribution_points": 22.972243014252427,
        "vulnerability_contribution_points": 17.76093789617827,
        "adaptive_deficit_contribution_points": 7.777777777777779,
        "primary_driver": "exposure",
        "temporal_context_id": "era5-temporal:pilot_v1:2026-07-31T03Z",
        "source_ids": [
          "LC09_L2SP_119039_20260731_02_T1",
          "S2C_MSIL2A_20260731T023551_R089_T51RTP_20260731T060913",
          "chn_pop_2026_CN_100m_R2025A_v1.tif"
        ],
        "analysis_reasons": [],
        "landsat_quality_flag": "HIGH",
        "sentinel_quality_flag": "HIGH"
      }
    },
    {
      "type": "Feature",
      "id": "M4B-R-5EEC8B7710-G-R12-C19",
      "geometry": {
        "type": "Polygon",
        "coordinates": [
          [
            [
              120.1709356811661,
              30.260590558154355
            ],
            [
              120.17093746111281,
              30.262845717395187
            ],
            [
              120.16833954651489,
              30.262847236035913
            ],
            [
              120.16833782589961,
              30.260592076726727
            ],
            [
              120.1709356811661,
              30.260590558154355
            ]
          ]
        ]
      },
      "properties": {
        "grid_id": "M4B-R-5EEC8B7710-G-R12-C19",
        "row": 12,
        "column": 19,
        "analysis_status": "ANALYZABLE_LAND",
        "ranking_eligible": true,
        "source_mode": "REAL",
        "population_total": 975.6439467795365,
        "population_age_0_14": 102.86795273398278,
        "population_age_65_plus": 151.79556211076564,
        "elderly_share": 0.1555849986173967,
        "child_share": 0.10543595650189337,
        "vulnerability_share_raw": 0.14054028598274568,
        "lst_median_c": 49.728095420000045,
        "lst_valid_fraction": 1.0,
        "ndvi_median_land": 0.21643869160912074,
        "green_fraction_land": 0.296,
        "green_fraction_grid_legacy": 0.296,
        "water_fraction_grid": 0.0,
        "sentinel_valid_fraction": 1.0,
        "spatial_heat_score": 0.8726114649681529,
        "temporal_severity_score": 0.5238709677419354,
        "hazard_score": 0.7679893158002876,
        "exposure_score": 0.8969130140524726,
        "vulnerability_score": 0.9543382448500717,
        "adaptive_capacity_score": 0.296,
        "risk_score": 82.78916288032475,
        "risk_percentile_within_aoi": 0.9554140127388535,
        "hazard_contribution_points": 30.719572632011506,
        "exposure_contribution_points": 22.422825351311815,
        "vulnerability_contribution_points": 19.086764897001434,
        "adaptive_deficit_contribution_points": 10.559999999999999,
        "primary_driver": "hazard",
        "temporal_context_id": "era5-temporal:pilot_v1:2026-07-31T03Z",
        "source_ids": [
          "LC09_L2SP_119039_20260731_02_T1",
          "S2C_MSIL2A_20260731T023551_R089_T51RTP_20260731T060913",
          "chn_pop_2026_CN_100m_R2025A_v1.tif"
        ],
        "analysis_reasons": [],
        "landsat_quality_flag": "HIGH",
        "sentinel_quality_flag": "HIGH"
      }
    },
    {
      "type": "Feature",
      "id": "M4B-R-5EEC8B7710-G-R13-C00",
      "geometry": {
        "type": "Polygon",
        "coordinates": [
          [
            [
              120.12157707294347,
              30.262865768604506
            ],
            [
              120.1215777256503,
              30.26512092797062
            ],
            [
              120.11897975068604,
              30.2651214685283
            ],
            [
              120.11897915731613,
              30.26286630913786
            ],
            [
              120.12157707294347,
              30.262865768604506
            ]
          ]
        ]
      },
      "properties": {
        "grid_id": "M4B-R-5EEC8B7710-G-R13-C00",
        "row": 13,
        "column": 0,
        "analysis_status": "ANALYZABLE_LAND",
        "ranking_eligible": true,
        "source_mode": "REAL",
        "population_total": 581.5033442429344,
        "population_age_0_14": 64.68594427593851,
        "population_age_65_plus": 64.70661923294331,
        "elderly_share": 0.11127471556880823,
        "child_share": 0.11123916124704984,
        "vulnerability_share_raw": 0.1112640492722807,
        "lst_median_c": 45.947765300000015,
        "lst_valid_fraction": 1.0,
        "ndvi_median_land": 0.6334013469180553,
        "green_fraction_land": 0.8768,
        "green_fraction_grid_legacy": 0.8768,
        "water_fraction_grid": 0.0,
        "sentinel_valid_fraction": 1.0,
        "spatial_heat_score": 0.4171974522292994,
        "temporal_severity_score": 0.5238709677419354,
        "hazard_score": 0.4491995068830902,
        "exposure_score": 0.7876455311334429,
        "vulnerability_score": 0.2200038156406393,
        "adaptive_capacity_score": 0.8768,
        "risk_score": 43.90719486647247,
        "risk_percentile_within_aoi": 0.3662420382165605,
        "hazard_contribution_points": 17.967980275323608,
        "exposure_contribution_points": 19.691138278336073,
        "vulnerability_contribution_points": 4.400076312812786,
        "adaptive_deficit_contribution_points": 1.8479999999999996,
        "primary_driver": "exposure",
        "temporal_context_id": "era5-temporal:pilot_v1:2026-07-31T03Z",
        "source_ids": [
          "LC09_L2SP_119039_20260731_02_T1",
          "S2C_MSIL2A_20260731T023551_R089_T51RTP_20260731T060913",
          "chn_pop_2026_CN_100m_R2025A_v1.tif"
        ],
        "analysis_reasons": [],
        "landsat_quality_flag": "HIGH",
        "sentinel_quality_flag": "HIGH"
      }
    },
    {
      "type": "Feature",
      "id": "M4B-R-5EEC8B7710-G-R13-C01",
      "geometry": {
        "type": "Polygon",
        "coordinates": [
          [
            [
              120.12417498854097,
              30.262865176591795
            ],
            [
              120.1241757005848,
              30.265120335931247
            ],
            [
              120.1215777256503,
              30.26512092797062
            ],
            [
              120.12157707294347,
              30.262865768604506
            ],
            [
              120.12417498854097,
              30.262865176591795
            ]
          ]
        ]
      },
      "properties": {
        "grid_id": "M4B-R-5EEC8B7710-G-R13-C01",
        "row": 13,
        "column": 1,
        "analysis_status": "ANALYZABLE_LAND",
        "ranking_eligible": true,
        "source_mode": "REAL",
        "population_total": 1183.5164024081646,
        "population_age_0_14": 131.65337134004693,
        "population_age_65_plus": 131.69545027766733,
        "elderly_share": 0.11127471491708903,
        "child_share": 0.11123916075194626,
        "vulnerability_share_raw": 0.11126404866754619,
        "lst_median_c": 48.224166620000005,
        "lst_valid_fraction": 1.0,
        "ndvi_median_land": 0.43009477868134793,
        "green_fraction_land": 0.7728,
        "green_fraction_grid_legacy": 0.7728,
        "water_fraction_grid": 0.0,
        "sentinel_valid_fraction": 1.0,
        "spatial_heat_score": 0.6560509554140127,
        "temporal_severity_score": 0.5238709677419354,
        "hazard_score": 0.6163969591123895,
        "exposure_score": 0.9377133592430728,
        "vulnerability_score": 0.2200038004721128,
        "adaptive_capacity_score": 0.7728,
        "risk_score": 55.906788355014655,
        "risk_percentile_within_aoi": 0.5605095541401274,
        "hazard_contribution_points": 24.655878364495578,
        "exposure_contribution_points": 23.44283398107682,
        "vulnerability_contribution_points": 4.400076009442256,
        "adaptive_deficit_contribution_points": 3.4079999999999995,
        "primary_driver": "hazard",
        "temporal_context_id": "era5-temporal:pilot_v1:2026-07-31T03Z",
        "source_ids": [
          "LC09_L2SP_119039_20260731_02_T1",
          "S2C_MSIL2A_20260731T023551_R089_T51RTP_20260731T060913",
          "chn_pop_2026_CN_100m_R2025A_v1.tif"
        ],
        "analysis_reasons": [],
        "landsat_quality_flag": "HIGH",
        "sentinel_quality_flag": "HIGH"
      }
    },
    {
      "type": "Feature",
      "id": "M4B-R-5EEC8B7710-G-R13-C02",
      "geometry": {
        "type": "Polygon",
        "coordinates": [
          [
            [
              120.12677290410599,
              30.262864533099727
            ],
            [
              120.12677367548679,
              30.265119692410213
            ],
            [
              120.1241757005848,
              30.265120335931247
            ],
            [
              120.12417498854097,
              30.262865176591795
            ],
            [
              120.12677290410599,
              30.262864533099727
            ]
          ]
        ]
      },
      "properties": {
        "grid_id": "M4B-R-5EEC8B7710-G-R13-C02",
        "row": 13,
        "column": 2,
        "analysis_status": "ANALYZABLE_LAND",
        "ranking_eligible": true,
        "source_mode": "REAL",
        "population_total": 1086.1926611010967,
        "population_age_0_14": 120.82716169371886,
        "population_age_65_plus": 120.86577662965195,
        "elderly_share": 0.11127471300268935,
        "child_share": 0.1112391622782958,
        "vulnerability_share_raw": 0.11126404778537127,
        "lst_median_c": 49.82038196000002,
        "lst_valid_fraction": 1.0,
        "ndvi_median_land": 0.526301390857384,
        "green_fraction_land": 0.8848,
        "green_fraction_grid_legacy": 0.8848,
        "water_fraction_grid": 0.0,
        "sentinel_valid_fraction": 1.0,
        "spatial_heat_score": 0.8821656050955414,
        "temporal_severity_score": 0.5238709677419354,
        "hazard_score": 0.7746772138894596,
        "exposure_score": 0.9195857235420057,
        "vulnerability_score": 0.22000377834456203,
        "adaptive_capacity_score": 0.8848,
        "risk_score": 60.10480721101976,
        "risk_percentile_within_aoi": 0.643312101910828,
        "hazard_contribution_points": 30.987088555578385,
        "exposure_contribution_points": 22.989643088550142,
        "vulnerability_contribution_points": 4.400075566891241,
        "adaptive_deficit_contribution_points": 1.7279999999999995,
        "primary_driver": "hazard",
        "temporal_context_id": "era5-temporal:pilot_v1:2026-07-31T03Z",
        "source_ids": [
          "LC09_L2SP_119039_20260731_02_T1",
          "S2C_MSIL2A_20260731T023551_R089_T51RTP_20260731T060913",
          "chn_pop_2026_CN_100m_R2025A_v1.tif"
        ],
        "analysis_reasons": [],
        "landsat_quality_flag": "HIGH",
        "sentinel_quality_flag": "HIGH"
      }
    },
    {
      "type": "Feature",
      "id": "M4B-R-5EEC8B7710-G-R13-C03",
      "geometry": {
        "type": "Polygon",
        "coordinates": [
          [
            [
              120.1293708196358,
              30.2628638381283
            ],
            [
              120.12937165035355,
              30.265118997407498
            ],
            [
              120.12677367548679,
              30.265119692410213
            ],
            [
              120.12677290410599,
              30.262864533099727
            ],
            [
              120.1293708196358,
              30.2628638381283
            ]
          ]
        ]
      },
      "properties": {
        "grid_id": "M4B-R-5EEC8B7710-G-R13-C03",
        "row": 13,
        "column": 3,
        "analysis_status": "ANALYZABLE_LAND",
        "ranking_eligible": true,
        "source_mode": "REAL",
        "population_total": 732.949681614805,
        "population_age_0_14": 81.53270623749138,
        "population_age_65_plus": 81.55876390721335,
        "elderly_share": 0.11127471087445784,
        "child_share": 0.11123915908915034,
        "vulnerability_share_raw": 0.11126404533886558,
        "lst_median_c": 45.91016708000001,
        "lst_valid_fraction": 1.0,
        "ndvi_median_land": 0.6216664556758449,
        "green_fraction_land": 0.8496,
        "green_fraction_grid_legacy": 0.8496,
        "water_fraction_grid": 0.0,
        "sentinel_valid_fraction": 1.0,
        "spatial_heat_score": 0.410828025477707,
        "temporal_severity_score": 0.5238709677419354,
        "hazard_score": 0.44474090815697553,
        "exposure_score": 0.8365095899520618,
        "vulnerability_score": 0.2200037169789781,
        "adaptive_capacity_score": 0.8496,
        "risk_score": 45.35845041466013,
        "risk_percentile_within_aoi": 0.3885350318471338,
        "hazard_contribution_points": 17.789636326279023,
        "exposure_contribution_points": 20.912739748801545,
        "vulnerability_contribution_points": 4.400074339579562,
        "adaptive_deficit_contribution_points": 2.256,
        "primary_driver": "exposure",
        "temporal_context_id": "era5-temporal:pilot_v1:2026-07-31T03Z",
        "source_ids": [
          "LC09_L2SP_119039_20260731_02_T1",
          "S2C_MSIL2A_20260731T023551_R089_T51RTP_20260731T060913",
          "chn_pop_2026_CN_100m_R2025A_v1.tif"
        ],
        "analysis_reasons": [],
        "landsat_quality_flag": "HIGH",
        "sentinel_quality_flag": "HIGH"
      }
    },
    {
      "type": "Feature",
      "id": "M4B-R-5EEC8B7710-G-R13-C04",
      "geometry": {
        "type": "Polygon",
        "coordinates": [
          [
            [
              120.13196873512766,
              30.262863091677502
            ],
            [
              120.13196962518238,
              30.26511825092311
            ],
            [
              120.12937165035355,
              30.265118997407498
            ],
            [
              120.1293708196358,
              30.2628638381283
            ],
            [
              120.13196873512766,
              30.262863091677502
            ]
          ]
        ]
      },
      "properties": {
        "grid_id": "M4B-R-5EEC8B7710-G-R13-C04",
        "row": 13,
        "column": 4,
        "analysis_status": "ANALYZABLE_LAND",
        "ranking_eligible": true,
        "source_mode": "REAL",
        "population_total": 525.1935940769824,
        "population_age_0_14": 58.422096241752456,
        "population_age_65_plus": 58.4407678467167,
        "elderly_share": 0.1112747156587567,
        "child_share": 0.11123916380668762,
        "vulnerability_share_raw": 0.11126405010313598,
        "lst_median_c": 42.39644252000005,
        "lst_valid_fraction": 1.0,
        "ndvi_median_land": 0.8204804473022558,
        "green_fraction_land": 0.8368,
        "green_fraction_grid_legacy": 0.8368,
        "water_fraction_grid": 0.0,
        "sentinel_valid_fraction": 1.0,
        "spatial_heat_score": 0.28662420382165604,
        "temporal_severity_score": 0.5238709677419354,
        "hazard_score": 0.35779823299773983,
        "exposure_score": 0.7661497237197255,
        "vulnerability_score": 0.22000383648094196,
        "adaptive_capacity_score": 0.8368,
        "risk_score": 40.31374914252157,
        "risk_percentile_within_aoi": 0.3375796178343949,
        "hazard_contribution_points": 14.311929319909593,
        "exposure_contribution_points": 19.153743092993135,
        "vulnerability_contribution_points": 4.400076729618839,
        "adaptive_deficit_contribution_points": 2.4480000000000004,
        "primary_driver": "exposure",
        "temporal_context_id": "era5-temporal:pilot_v1:2026-07-31T03Z",
        "source_ids": [
          "LC09_L2SP_119039_20260731_02_T1",
          "S2C_MSIL2A_20260731T023551_R089_T51RTP_20260731T060913",
          "chn_pop_2026_CN_100m_R2025A_v1.tif"
        ],
        "analysis_reasons": [],
        "landsat_quality_flag": "HIGH",
        "sentinel_quality_flag": "HIGH"
      }
    },
    {
      "type": "Feature",
      "id": "M4B-R-5EEC8B7710-G-R13-C05",
      "geometry": {
        "type": "Polygon",
        "coordinates": [
          [
            [
              120.13456665057892,
              30.262862293747375
            ],
            [
              120.13456759997058,
              30.265117452957053
            ],
            [
              120.13196962518238,
              30.26511825092311
            ],
            [
              120.13196873512766,
              30.262863091677502
            ],
            [
              120.13456665057892,
              30.262862293747375
            ]
          ]
        ]
      },
      "properties": {
        "grid_id": "M4B-R-5EEC8B7710-G-R13-C05",
        "row": 13,
        "column": 5,
        "analysis_status": "ANALYZABLE_LAND",
        "ranking_eligible": true,
        "source_mode": "REAL",
        "population_total": 88.03533449421765,
        "population_age_0_14": 9.792977532745503,
        "population_age_65_plus": 9.79610767445673,
        "elderly_share": 0.11127472543538934,
        "child_share": 0.1112391699197636,
        "vulnerability_share_raw": 0.11126405878070163,
        "lst_median_c": 39.35440472000002,
        "lst_valid_fraction": 1.0,
        "ndvi_median_land": 0.9021258574634108,
        "green_fraction_land": 0.9856,
        "green_fraction_grid_legacy": 0.9856,
        "water_fraction_grid": 0.0,
        "sentinel_valid_fraction": 1.0,
        "spatial_heat_score": 0.14012738853503184,
        "temporal_severity_score": 0.5238709677419354,
        "hazard_score": 0.2552504622971029,
        "exposure_score": 0.39050473388572127,
        "vulnerability_score": 0.22000405413990143,
        "adaptive_capacity_score": 0.9856,
        "risk_score": 24.588717921825175,
        "risk_percentile_within_aoi": 0.17834394904458598,
        "hazard_contribution_points": 10.210018491884117,
        "exposure_contribution_points": 9.762618347143032,
        "vulnerability_contribution_points": 4.400081082798028,
        "adaptive_deficit_contribution_points": 0.21599999999999953,
        "primary_driver": "hazard",
        "temporal_context_id": "era5-temporal:pilot_v1:2026-07-31T03Z",
        "source_ids": [
          "LC09_L2SP_119039_20260731_02_T1",
          "S2C_MSIL2A_20260731T023551_R089_T51RTP_20260731T060913",
          "chn_pop_2026_CN_100m_R2025A_v1.tif"
        ],
        "analysis_reasons": [],
        "landsat_quality_flag": "HIGH",
        "sentinel_quality_flag": "HIGH"
      }
    },
    {
      "type": "Feature",
      "id": "M4B-R-5EEC8B7710-G-R13-C06",
      "geometry": {
        "type": "Polygon",
        "coordinates": [
          [
            [
              120.13716456598682,
              30.262861444337886
            ],
            [
              120.13716557471541,
              30.265116603509316
            ],
            [
              120.13456759997058,
              30.265117452957053
            ],
            [
              120.13456665057892,
              30.262862293747375
            ],
            [
              120.13716456598682,
              30.262861444337886
            ]
          ]
        ]
      },
      "properties": {
        "grid_id": "M4B-R-5EEC8B7710-G-R13-C06",
        "row": 13,
        "column": 6,
        "analysis_status": "ANALYZABLE_LAND",
        "ranking_eligible": true,
        "source_mode": "REAL",
        "population_total": 2.1401214073153296,
        "population_age_0_14": 0.2380656463926207,
        "population_age_65_plus": 0.23814103026181996,
        "elderly_share": 0.11127454239175871,
        "child_share": 0.11123931828300414,
        "vulnerability_share_raw": 0.11126397515913235,
        "lst_median_c": 38.84170172000006,
        "lst_valid_fraction": 1.0,
        "ndvi_median_land": 0.9062300247477053,
        "green_fraction_land": 1.0,
        "green_fraction_grid_legacy": 1.0,
        "water_fraction_grid": 0.0,
        "sentinel_valid_fraction": 1.0,
        "spatial_heat_score": 0.10191082802547771,
        "temporal_severity_score": 0.5238709677419354,
        "hazard_score": 0.22849886994041502,
        "exposure_score": 0.0,
        "vulnerability_score": 0.22000195666412425,
        "adaptive_capacity_score": 1.0,
        "risk_score": 13.539993930899087,
        "risk_percentile_within_aoi": 0.04777070063694268,
        "hazard_contribution_points": 9.1399547976166,
        "exposure_contribution_points": 0.0,
        "vulnerability_contribution_points": 4.400039133282485,
        "adaptive_deficit_contribution_points": 0.0,
        "primary_driver": "hazard",
        "temporal_context_id": "era5-temporal:pilot_v1:2026-07-31T03Z",
        "source_ids": [
          "LC09_L2SP_119039_20260731_02_T1",
          "S2C_MSIL2A_20260731T023551_R089_T51RTP_20260731T060913",
          "chn_pop_2026_CN_100m_R2025A_v1.tif"
        ],
        "analysis_reasons": [],
        "landsat_quality_flag": "HIGH",
        "sentinel_quality_flag": "HIGH"
      }
    },
    {
      "type": "Feature",
      "id": "M4B-R-5EEC8B7710-G-R13-C07",
      "geometry": {
        "type": "Polygon",
        "coordinates": [
          [
            [
              120.13976248134867,
              30.26286054344905
            ],
            [
              120.1397635494142,
              30.26511570257994
            ],
            [
              120.13716557471541,
              30.265116603509316
            ],
            [
              120.13716456598682,
              30.262861444337886
            ],
            [
              120.13976248134867,
              30.26286054344905
            ]
          ]
        ]
      },
      "properties": {
        "grid_id": "M4B-R-5EEC8B7710-G-R13-C07",
        "row": 13,
        "column": 7,
        "analysis_status": "ANALYZABLE_LAND",
        "ranking_eligible": true,
        "source_mode": "REAL",
        "population_total": 12.301260240064892,
        "population_age_0_14": 1.368380337198045,
        "population_age_65_plus": 1.3688202507888625,
        "elderly_share": 0.11127479819755783,
        "child_share": 0.11123903652905943,
        "vulnerability_share_raw": 0.11126406969700829,
        "lst_median_c": 38.42812130000004,
        "lst_valid_fraction": 1.0,
        "ndvi_median_land": 0.9064786226990413,
        "green_fraction_land": 1.0,
        "green_fraction_grid_legacy": 1.0,
        "water_fraction_grid": 0.0,
        "sentinel_valid_fraction": 1.0,
        "spatial_heat_score": 0.06687898089171974,
        "temporal_severity_score": 0.5238709677419354,
        "hazard_score": 0.20397657694678442,
        "exposure_score": 0.0,
        "vulnerability_score": 0.22000432795309344,
        "adaptive_capacity_score": 1.0,
        "risk_score": 12.559149636933247,
        "risk_percentile_within_aoi": 0.028662420382165606,
        "hazard_contribution_points": 8.159063077871377,
        "exposure_contribution_points": 0.0,
        "vulnerability_contribution_points": 4.400086559061869,
        "adaptive_deficit_contribution_points": 0.0,
        "primary_driver": "hazard",
        "temporal_context_id": "era5-temporal:pilot_v1:2026-07-31T03Z",
        "source_ids": [
          "LC09_L2SP_119039_20260731_02_T1",
          "S2C_MSIL2A_20260731T023551_R089_T51RTP_20260731T060913",
          "chn_pop_2026_CN_100m_R2025A_v1.tif"
        ],
        "analysis_reasons": [],
        "landsat_quality_flag": "HIGH",
        "sentinel_quality_flag": "HIGH"
      }
    },
    {
      "type": "Feature",
      "id": "M4B-R-5EEC8B7710-G-R13-C08",
      "geometry": {
        "type": "Polygon",
        "coordinates": [
          [
            [
              120.14236039666176,
              30.26285959108088
            ],
            [
              120.14236152406423,
              30.26511475016889
            ],
            [
              120.1397635494142,
              30.26511570257994
            ],
            [
              120.13976248134867,
              30.26286054344905
            ],
            [
              120.14236039666176,
              30.26285959108088
            ]
          ]
        ]
      },
      "properties": {
        "grid_id": "M4B-R-5EEC8B7710-G-R13-C08",
        "row": 13,
        "column": 8,
        "analysis_status": "ANALYZABLE_LAND",
        "ranking_eligible": true,
        "source_mode": "REAL",
        "population_total": 99.11714934078645,
        "population_age_0_14": 11.025707080213301,
        "population_age_65_plus": 11.029232360078474,
        "elderly_share": 0.1112747131392728,
        "child_share": 0.11123914633888943,
        "vulnerability_share_raw": 0.11126404309915777,
        "lst_median_c": 40.419117949999986,
        "lst_valid_fraction": 1.0,
        "ndvi_median_land": 0.8869206168417746,
        "green_fraction_land": 0.9824,
        "green_fraction_grid_legacy": 0.9824,
        "water_fraction_grid": 0.0,
        "sentinel_valid_fraction": 1.0,
        "spatial_heat_score": 0.21019108280254778,
        "temporal_severity_score": 0.5238709677419354,
        "hazard_score": 0.30429504828436404,
        "exposure_score": 0.41530781528322813,
        "vulnerability_score": 0.2200036608004955,
        "adaptive_capacity_score": 0.9824,
        "risk_score": 27.218570529465175,
        "risk_percentile_within_aoi": 0.20382165605095542,
        "hazard_contribution_points": 12.171801931374562,
        "exposure_contribution_points": 10.382695382080703,
        "vulnerability_contribution_points": 4.400073216009909,
        "adaptive_deficit_contribution_points": 0.26399999999999924,
        "primary_driver": "hazard",
        "temporal_context_id": "era5-temporal:pilot_v1:2026-07-31T03Z",
        "source_ids": [
          "LC09_L2SP_119039_20260731_02_T1",
          "S2C_MSIL2A_20260731T023551_R089_T51RTP_20260731T060913",
          "chn_pop_2026_CN_100m_R2025A_v1.tif"
        ],
        "analysis_reasons": [],
        "landsat_quality_flag": "HIGH",
        "sentinel_quality_flag": "HIGH"
      }
    },
    {
      "type": "Feature",
      "id": "M4B-R-5EEC8B7710-G-R13-C09",
      "geometry": {
        "type": "Polygon",
        "coordinates": [
          [
            [
              120.14495831192338,
              30.262858587233364
            ],
            [
              120.14495949866276,
              30.265113746276185
            ],
            [
              120.14236152406423,
              30.26511475016889
            ],
            [
              120.14236039666176,
              30.26285959108088
            ],
            [
              120.14495831192338,
              30.262858587233364
            ]
          ]
        ]
      },
      "properties": {
        "grid_id": "M4B-R-5EEC8B7710-G-R13-C09",
        "row": 13,
        "column": 9,
        "analysis_status": "ANALYZABLE_LAND",
        "ranking_eligible": true,
        "source_mode": "REAL",
        "population_total": 284.0261582679065,
        "population_age_0_14": 31.594830939908142,
        "population_age_65_plus": 31.604930462486614,
        "elderly_share": 0.11127471728387564,
        "child_share": 0.1112391588598204,
        "vulnerability_share_raw": 0.11126404975665906,
        "lst_median_c": 41.09075888000001,
        "lst_valid_fraction": 1.0,
        "ndvi_median_land": 0.8769629573928381,
        "green_fraction_land": 0.9632,
        "green_fraction_grid_legacy": 0.9632,
        "water_fraction_grid": 0.0,
        "sentinel_valid_fraction": 1.0,
        "spatial_heat_score": 0.2515923566878981,
        "temporal_severity_score": 0.5238709677419354,
        "hazard_score": 0.33327594000410926,
        "exposure_score": 0.6365207290780518,
        "vulnerability_score": 0.22000382779027822,
        "adaptive_capacity_score": 0.9632,
        "risk_score": 34.196132382921235,
        "risk_percentile_within_aoi": 0.30254777070063693,
        "hazard_contribution_points": 13.33103760016437,
        "exposure_contribution_points": 15.913018226951294,
        "vulnerability_contribution_points": 4.400076555805565,
        "adaptive_deficit_contribution_points": 0.5520000000000008,
        "primary_driver": "exposure",
        "temporal_context_id": "era5-temporal:pilot_v1:2026-07-31T03Z",
        "source_ids": [
          "LC09_L2SP_119039_20260731_02_T1",
          "S2C_MSIL2A_20260731T023551_R089_T51RTP_20260731T060913",
          "chn_pop_2026_CN_100m_R2025A_v1.tif"
        ],
        "analysis_reasons": [],
        "landsat_quality_flag": "HIGH",
        "sentinel_quality_flag": "HIGH"
      }
    },
    {
      "type": "Feature",
      "id": "M4B-R-5EEC8B7710-G-R13-C10",
      "geometry": {
        "type": "Polygon",
        "coordinates": [
          [
            [
              120.14755622713082,
              30.262857531906505
            ],
            [
              120.14755747320712,
              30.265112690901827
            ],
            [
              120.14495949866276,
              30.265113746276185
            ],
            [
              120.14495831192338,
              30.262858587233364
            ],
            [
              120.14755622713082,
              30.262857531906505
            ]
          ]
        ]
      },
      "properties": {
        "grid_id": "M4B-R-5EEC8B7710-G-R13-C10",
        "row": 13,
        "column": 10,
        "analysis_status": "ANALYZABLE_LAND",
        "ranking_eligible": true,
        "source_mode": "REAL",
        "population_total": 798.0231797095825,
        "population_age_0_14": 88.77142783068194,
        "population_age_65_plus": 88.79980040849681,
        "elderly_share": 0.11127471314907536,
        "child_share": 0.11123915957301861,
        "vulnerability_share_raw": 0.11126404707625832,
        "lst_median_c": 46.01612570000003,
        "lst_valid_fraction": 1.0,
        "ndvi_median_land": 0.5118536947085982,
        "green_fraction_land": 0.712,
        "green_fraction_grid_legacy": 0.712,
        "water_fraction_grid": 0.0,
        "sentinel_valid_fraction": 1.0,
        "spatial_heat_score": 0.42038216560509556,
        "temporal_severity_score": 0.5238709677419354,
        "hazard_score": 0.45142880624614745,
        "exposure_score": 0.8544709787510331,
        "vulnerability_score": 0.22000376055791623,
        "adaptive_capacity_score": 0.712,
        "risk_score": 48.13900192978006,
        "risk_percentile_within_aoi": 0.4171974522292994,
        "hazard_contribution_points": 18.0571522498459,
        "exposure_contribution_points": 21.361774468775828,
        "vulnerability_contribution_points": 4.400075211158325,
        "adaptive_deficit_contribution_points": 4.32,
        "primary_driver": "exposure",
        "temporal_context_id": "era5-temporal:pilot_v1:2026-07-31T03Z",
        "source_ids": [
          "LC09_L2SP_119039_20260731_02_T1",
          "S2C_MSIL2A_20260731T023551_R089_T51RTP_20260731T060913",
          "chn_pop_2026_CN_100m_R2025A_v1.tif"
        ],
        "analysis_reasons": [],
        "landsat_quality_flag": "HIGH",
        "sentinel_quality_flag": "HIGH"
      }
    },
    {
      "type": "Feature",
      "id": "M4B-R-5EEC8B7710-G-R13-C11",
      "geometry": {
        "type": "Polygon",
        "coordinates": [
          [
            [
              120.15015414228138,
              30.26285642510032
            ],
            [
              120.15015544769459,
              30.265111584045805
            ],
            [
              120.14755747320712,
              30.265112690901827
            ],
            [
              120.14755622713082,
              30.262857531906505
            ],
            [
              120.15015414228138,
              30.26285642510032
            ]
          ]
        ]
      },
      "properties": {
        "grid_id": "M4B-R-5EEC8B7710-G-R13-C11",
        "row": 13,
        "column": 11,
        "analysis_status": "ANALYZABLE_LAND",
        "ranking_eligible": true,
        "source_mode": "REAL",
        "population_total": 886.365819529422,
        "population_age_0_14": 98.59858972671185,
        "population_age_65_plus": 98.63010173671474,
        "elderly_share": 0.11127471249859135,
        "child_share": 0.11123916057487253,
        "vulnerability_share_raw": 0.1112640469214757,
        "lst_median_c": 46.39552592000001,
        "lst_valid_fraction": 1.0,
        "ndvi_median_land": 0.44793651828348896,
        "green_fraction_land": 0.6384,
        "green_fraction_grid_legacy": 0.6384,
        "water_fraction_grid": 0.0,
        "sentinel_valid_fraction": 1.0,
        "spatial_heat_score": 0.44904458598726116,
        "temporal_severity_score": 0.5238709677419354,
        "hazard_score": 0.4714925005136634,
        "exposure_score": 0.8766437268808513,
        "vulnerability_score": 0.22000375667551134,
        "adaptive_capacity_score": 0.6384,
        "risk_score": 50.599868326078045,
        "risk_percentile_within_aoi": 0.4426751592356688,
        "hazard_contribution_points": 18.859700020546537,
        "exposure_contribution_points": 21.916093172021284,
        "vulnerability_contribution_points": 4.400075133510227,
        "adaptive_deficit_contribution_points": 5.424,
        "primary_driver": "exposure",
        "temporal_context_id": "era5-temporal:pilot_v1:2026-07-31T03Z",
        "source_ids": [
          "LC09_L2SP_119039_20260731_02_T1",
          "S2C_MSIL2A_20260731T023551_R089_T51RTP_20260731T060913",
          "chn_pop_2026_CN_100m_R2025A_v1.tif"
        ],
        "analysis_reasons": [],
        "landsat_quality_flag": "HIGH",
        "sentinel_quality_flag": "HIGH"
      }
    },
    {
      "type": "Feature",
      "id": "M4B-R-5EEC8B7710-G-R13-C12",
      "geometry": {
        "type": "Polygon",
        "coordinates": [
          [
            [
              120.15275205737233,
              30.262855266814796
            ],
            [
              120.15275342212246,
              30.26511042570815
            ],
            [
              120.15015544769459,
              30.265111584045805
            ],
            [
              120.15015414228138,
              30.26285642510032
            ],
            [
              120.15275205737233,
              30.262855266814796
            ]
          ]
        ]
      },
      "properties": {
        "grid_id": "M4B-R-5EEC8B7710-G-R13-C12",
        "row": 13,
        "column": 12,
        "analysis_status": "ANALYZABLE_LAND",
        "ranking_eligible": true,
        "source_mode": "REAL",
        "population_total": 596.9369184206038,
        "population_age_0_14": 66.23621840557152,
        "population_age_65_plus": 67.79003246532638,
        "elderly_share": 0.1135631427265172,
        "child_share": 0.11096016406695298,
        "vulnerability_share_raw": 0.11278224912864791,
        "lst_median_c": 43.19113217,
        "lst_valid_fraction": 1.0,
        "ndvi_median_land": 0.6606691589250133,
        "green_fraction_land": 0.8976,
        "green_fraction_grid_legacy": 0.8976,
        "water_fraction_grid": 0.0,
        "sentinel_valid_fraction": 1.0,
        "spatial_heat_score": 0.321656050955414,
        "temporal_severity_score": 0.5238709677419354,
        "hazard_score": 0.3823205259913704,
        "exposure_score": 0.7931746562010733,
        "vulnerability_score": 0.2580847491969916,
        "adaptive_capacity_score": 0.8976,
        "risk_score": 41.81988242862148,
        "risk_percentile_within_aoi": 0.3503184713375796,
        "hazard_contribution_points": 15.292821039654816,
        "exposure_contribution_points": 19.829366405026832,
        "vulnerability_contribution_points": 5.161694983939832,
        "adaptive_deficit_contribution_points": 1.5360000000000007,
        "primary_driver": "exposure",
        "temporal_context_id": "era5-temporal:pilot_v1:2026-07-31T03Z",
        "source_ids": [
          "LC09_L2SP_119039_20260731_02_T1",
          "S2C_MSIL2A_20260731T023551_R089_T51RTP_20260731T060913",
          "chn_pop_2026_CN_100m_R2025A_v1.tif"
        ],
        "analysis_reasons": [],
        "landsat_quality_flag": "HIGH",
        "sentinel_quality_flag": "HIGH"
      }
    },
    {
      "type": "Feature",
      "id": "M4B-R-5EEC8B7710-G-R13-C13",
      "geometry": {
        "type": "Polygon",
        "coordinates": [
          [
            [
              120.155349972401,
              30.262854057049946
            ],
            [
              120.15535139648799,
              30.26510921588883
            ],
            [
              120.15275342212246,
              30.26511042570815
            ],
            [
              120.15275205737233,
              30.262855266814796
            ],
            [
              120.155349972401,
              30.262854057049946
            ]
          ]
        ]
      },
      "properties": {
        "grid_id": "M4B-R-5EEC8B7710-G-R13-C13",
        "row": 13,
        "column": 13,
        "analysis_status": "ANALYZABLE_LAND",
        "ranking_eligible": true,
        "source_mode": "REAL",
        "population_total": 1156.180989364367,
        "population_age_0_14": 122.44568152270632,
        "population_age_65_plus": 179.23642664013462,
        "elderly_share": 0.1550245405251589,
        "child_share": 0.10590528874724296,
        "vulnerability_share_raw": 0.1402887649917841,
        "lst_median_c": 49.30596995000002,
        "lst_valid_fraction": 1.0,
        "ndvi_median_land": 0.20671417029278044,
        "green_fraction_land": 0.3216,
        "green_fraction_grid_legacy": 0.3216,
        "water_fraction_grid": 0.0,
        "sentinel_valid_fraction": 1.0,
        "spatial_heat_score": 0.8121019108280255,
        "temporal_severity_score": 0.5238709677419354,
        "hazard_score": 0.7256326279021985,
        "exposure_score": 0.9327768067179774,
        "vulnerability_score": 0.9480293560007773,
        "adaptive_capacity_score": 0.3216,
        "risk_score": 81.48131240405291,
        "risk_percentile_within_aoi": 0.9490445859872612,
        "hazard_contribution_points": 29.025305116087942,
        "exposure_contribution_points": 23.319420167949435,
        "vulnerability_contribution_points": 18.960587120015546,
        "adaptive_deficit_contribution_points": 10.176,
        "primary_driver": "hazard",
        "temporal_context_id": "era5-temporal:pilot_v1:2026-07-31T03Z",
        "source_ids": [
          "LC09_L2SP_119039_20260731_02_T1",
          "S2C_MSIL2A_20260731T023551_R089_T51RTP_20260731T060913",
          "chn_pop_2026_CN_100m_R2025A_v1.tif"
        ],
        "analysis_reasons": [],
        "landsat_quality_flag": "HIGH",
        "sentinel_quality_flag": "HIGH"
      }
    },
    {
      "type": "Feature",
      "id": "M4B-R-5EEC8B7710-G-R13-C14",
      "geometry": {
        "type": "Polygon",
        "coordinates": [
          [
            [
              120.15794788736463,
              30.262852795805767
            ],
            [
              120.15794937078851,
              30.26510795458789
            ],
            [
              120.15535139648799,
              30.26510921588883
            ],
            [
              120.155349972401,
              30.262854057049946
            ],
            [
              120.15794788736463,
              30.262852795805767
            ]
          ]
        ]
      },
      "properties": {
        "grid_id": "M4B-R-5EEC8B7710-G-R13-C14",
        "row": 13,
        "column": 14,
        "analysis_status": "ANALYZABLE_LAND",
        "ranking_eligible": true,
        "source_mode": "REAL",
        "population_total": 1275.9835615807485,
        "population_age_0_14": 134.6475588912375,
        "population_age_65_plus": 201.7938082789797,
        "elderly_share": 0.15814765515394888,
        "child_share": 0.10552452472383717,
        "vulnerability_share_raw": 0.14236071602491535,
        "lst_median_c": 50.093823560000004,
        "lst_valid_fraction": 1.0,
        "ndvi_median_land": 0.1503020076638791,
        "green_fraction_land": 0.1952,
        "green_fraction_grid_legacy": 0.1952,
        "water_fraction_grid": 0.0,
        "sentinel_valid_fraction": 1.0,
        "spatial_heat_score": 0.9076433121019108,
        "temporal_severity_score": 0.5238709677419354,
        "hazard_score": 0.7925116087939182,
        "exposure_score": 0.9536061899974585,
        "vulnerability_score": 1.0,
        "adaptive_capacity_score": 0.1952,
        "risk_score": 87.61261910169318,
        "risk_percentile_within_aoi": 0.9872611464968153,
        "hazard_contribution_points": 31.70046435175673,
        "exposure_contribution_points": 23.840154749936463,
        "vulnerability_contribution_points": 20.0,
        "adaptive_deficit_contribution_points": 12.072,
        "primary_driver": "hazard",
        "temporal_context_id": "era5-temporal:pilot_v1:2026-07-31T03Z",
        "source_ids": [
          "LC09_L2SP_119039_20260731_02_T1",
          "S2C_MSIL2A_20260731T023551_R089_T51RTP_20260731T060913",
          "chn_pop_2026_CN_100m_R2025A_v1.tif"
        ],
        "analysis_reasons": [],
        "landsat_quality_flag": "HIGH",
        "sentinel_quality_flag": "HIGH"
      }
    },
    {
      "type": "Feature",
      "id": "M4B-R-5EEC8B7710-G-R13-C15",
      "geometry": {
        "type": "Polygon",
        "coordinates": [
          [
            [
              120.16054580226054,
              30.262851483082276
            ],
            [
              120.16054734502131,
              30.265106641805293
            ],
            [
              120.15794937078851,
              30.26510795458789
            ],
            [
              120.15794788736463,
              30.262852795805767
            ],
            [
              120.16054580226054,
              30.262851483082276
            ]
          ]
        ]
      },
      "properties": {
        "grid_id": "M4B-R-5EEC8B7710-G-R13-C15",
        "row": 13,
        "column": 15,
        "analysis_status": "ANALYZABLE_LAND",
        "ranking_eligible": true,
        "source_mode": "REAL",
        "population_total": 1146.5650465074157,
        "population_age_0_14": 120.99073000137584,
        "population_age_65_plus": 181.32657204210406,
        "elderly_share": 0.15814765380686258,
        "child_share": 0.10552452333160611,
        "vulnerability_share_raw": 0.14236071466428563,
        "lst_median_c": 48.890680520000046,
        "lst_valid_fraction": 1.0,
        "ndvi_median_land": 0.23092370050475977,
        "green_fraction_land": 0.3632,
        "green_fraction_grid_legacy": 0.3632,
        "water_fraction_grid": 0.0,
        "sentinel_valid_fraction": 1.0,
        "spatial_heat_score": 0.7579617834394905,
        "temporal_severity_score": 0.5238709677419354,
        "hazard_score": 0.6877345387302239,
        "exposure_score": 0.9310124740180381,
        "vulnerability_score": 0.9999999694083127,
        "adaptive_capacity_score": 0.3632,
        "risk_score": 80.33669278782618,
        "risk_percentile_within_aoi": 0.9426751592356688,
        "hazard_contribution_points": 27.509381549208957,
        "exposure_contribution_points": 23.275311850450954,
        "vulnerability_contribution_points": 19.999999388166255,
        "adaptive_deficit_contribution_points": 9.552,
        "primary_driver": "hazard",
        "temporal_context_id": "era5-temporal:pilot_v1:2026-07-31T03Z",
        "source_ids": [
          "LC09_L2SP_119039_20260731_02_T1",
          "S2C_MSIL2A_20260731T023551_R089_T51RTP_20260731T060913",
          "chn_pop_2026_CN_100m_R2025A_v1.tif"
        ],
        "analysis_reasons": [],
        "landsat_quality_flag": "HIGH",
        "sentinel_quality_flag": "HIGH"
      }
    },
    {
      "type": "Feature",
      "id": "M4B-R-5EEC8B7710-G-R13-C16",
      "geometry": {
        "type": "Polygon",
        "coordinates": [
          [
            [
              120.16314371708604,
              30.26285011887947
            ],
            [
              120.16314531918367,
              30.265105277541068
            ],
            [
              120.16054734502131,
              30.265106641805293
            ],
            [
              120.16054580226054,
              30.262851483082276
            ],
            [
              120.16314371708604,
              30.26285011887947
            ]
          ]
        ]
      },
      "properties": {
        "grid_id": "M4B-R-5EEC8B7710-G-R13-C16",
        "row": 13,
        "column": 16,
        "analysis_status": "ANALYZABLE_LAND",
        "ranking_eligible": true,
        "source_mode": "REAL",
        "population_total": 1294.4737764039482,
        "population_age_0_14": 136.59872984874468,
        "population_age_65_plus": 204.71799022723303,
        "elderly_share": 0.15814765347811074,
        "child_share": 0.10552452458961072,
        "vulnerability_share_raw": 0.14236071481156073,
        "lst_median_c": 52.11558239000004,
        "lst_valid_fraction": 1.0,
        "ndvi_median_land": 0.25614478397738427,
        "green_fraction_land": 0.4144,
        "green_fraction_grid_legacy": 0.4144,
        "water_fraction_grid": 0.0,
        "sentinel_valid_fraction": 1.0,
        "spatial_heat_score": 0.9968152866242038,
        "temporal_severity_score": 0.5238709677419354,
        "hazard_score": 0.8549319909595233,
        "exposure_score": 0.9566457479021229,
        "vulnerability_score": 0.9999999731024072,
        "adaptive_capacity_score": 0.4144,
        "risk_score": 86.89742279798216,
        "risk_percentile_within_aoi": 0.9808917197452229,
        "hazard_contribution_points": 34.197279638380934,
        "exposure_contribution_points": 23.91614369755307,
        "vulnerability_contribution_points": 19.999999462048144,
        "adaptive_deficit_contribution_points": 8.784,
        "primary_driver": "hazard",
        "temporal_context_id": "era5-temporal:pilot_v1:2026-07-31T03Z",
        "source_ids": [
          "LC09_L2SP_119039_20260731_02_T1",
          "S2C_MSIL2A_20260731T023551_R089_T51RTP_20260731T060913",
          "chn_pop_2026_CN_100m_R2025A_v1.tif"
        ],
        "analysis_reasons": [],
        "landsat_quality_flag": "HIGH",
        "sentinel_quality_flag": "HIGH"
      }
    },
    {
      "type": "Feature",
      "id": "M4B-R-5EEC8B7710-G-R13-C17",
      "geometry": {
        "type": "Polygon",
        "coordinates": [
          [
            [
              120.16574163183839,
              30.262848703197342
            ],
            [
              120.16574329327288,
              30.26510386179522
            ],
            [
              120.16314531918367,
              30.265105277541068
            ],
            [
              120.16314371708604,
              30.26285011887947
            ],
            [
              120.16574163183839,
              30.262848703197342
            ]
          ]
        ]
      },
      "properties": {
        "grid_id": "M4B-R-5EEC8B7710-G-R13-C17",
        "row": 13,
        "column": 17,
        "analysis_status": "ANALYZABLE_LAND",
        "ranking_eligible": true,
        "source_mode": "REAL",
        "population_total": 1406.784118986741,
        "population_age_0_14": 148.45022657985038,
        "population_age_65_plus": 222.47960850664512,
        "elderly_share": 0.15814765428748914,
        "child_share": 0.10552452545936761,
        "vulnerability_share_raw": 0.14236071563905267,
        "lst_median_c": 49.493961049999996,
        "lst_valid_fraction": 1.0,
        "ndvi_median_land": 0.35024518026100615,
        "green_fraction_land": 0.6144,
        "green_fraction_grid_legacy": 0.6144,
        "water_fraction_grid": 0.0,
        "sentinel_valid_fraction": 1.0,
        "spatial_heat_score": 0.8407643312101911,
        "temporal_severity_score": 0.5238709677419354,
        "hazard_score": 0.7456963221697144,
        "exposure_score": 0.9742246401016978,
        "vulnerability_score": 0.9999999938583474,
        "adaptive_capacity_score": 0.6144,
        "risk_score": 79.96746876649797,
        "risk_percentile_within_aoi": 0.9394904458598726,
        "hazard_contribution_points": 29.827852886788577,
        "exposure_contribution_points": 24.355616002542448,
        "vulnerability_contribution_points": 19.999999877166946,
        "adaptive_deficit_contribution_points": 5.784000000000001,
        "primary_driver": "hazard",
        "temporal_context_id": "era5-temporal:pilot_v1:2026-07-31T03Z",
        "source_ids": [
          "LC09_L2SP_119039_20260731_02_T1",
          "S2C_MSIL2A_20260731T023551_R089_T51RTP_20260731T060913",
          "chn_pop_2026_CN_100m_R2025A_v1.tif"
        ],
        "analysis_reasons": [],
        "landsat_quality_flag": "HIGH",
        "sentinel_quality_flag": "HIGH"
      }
    },
    {
      "type": "Feature",
      "id": "M4B-R-5EEC8B7710-G-R13-C18",
      "geometry": {
        "type": "Polygon",
        "coordinates": [
          [
            [
              120.16833954651489,
              30.262847236035913
            ],
            [
              120.16834126728622,
              30.265102394567748
            ],
            [
              120.16574329327288,
              30.26510386179522
            ],
            [
              120.16574163183839,
              30.262848703197342
            ],
            [
              120.16833954651489,
              30.262847236035913
            ]
          ]
        ]
      },
      "properties": {
        "grid_id": "M4B-R-5EEC8B7710-G-R13-C18",
        "row": 13,
        "column": 18,
        "analysis_status": "ANALYZABLE_LAND",
        "ranking_eligible": true,
        "source_mode": "REAL",
        "population_total": 1141.2073924220042,
        "population_age_0_14": 120.42537026632462,
        "population_age_65_plus": 180.47927335843465,
        "elderly_share": 0.1581476553314296,
        "child_share": 0.10552452697554278,
        "vulnerability_share_raw": 0.14236071682466356,
        "lst_median_c": 47.752479859999994,
        "lst_valid_fraction": 1.0,
        "ndvi_median_land": 0.3731866507569984,
        "green_fraction_land": 0.6384,
        "green_fraction_grid_legacy": 0.6384,
        "water_fraction_grid": 0.0,
        "sentinel_valid_fraction": 1.0,
        "spatial_heat_score": 0.589171974522293,
        "temporal_severity_score": 0.5238709677419354,
        "hazard_score": 0.5695816724881857,
        "exposure_score": 0.9300230275439799,
        "vulnerability_score": 1.0,
        "adaptive_capacity_score": 0.6384,
        "risk_score": 71.45784258812692,
        "risk_percentile_within_aoi": 0.8535031847133758,
        "hazard_contribution_points": 22.783266899527426,
        "exposure_contribution_points": 23.250575688599497,
        "vulnerability_contribution_points": 20.0,
        "adaptive_deficit_contribution_points": 5.424,
        "primary_driver": "exposure",
        "temporal_context_id": "era5-temporal:pilot_v1:2026-07-31T03Z",
        "source_ids": [
          "LC09_L2SP_119039_20260731_02_T1",
          "S2C_MSIL2A_20260731T023551_R089_T51RTP_20260731T060913",
          "chn_pop_2026_CN_100m_R2025A_v1.tif"
        ],
        "analysis_reasons": [],
        "landsat_quality_flag": "HIGH",
        "sentinel_quality_flag": "HIGH"
      }
    },
    {
      "type": "Feature",
      "id": "M4B-R-5EEC8B7710-G-R13-C19",
      "geometry": {
        "type": "Polygon",
        "coordinates": [
          [
            [
              120.17093746111281,
              30.262845717395187
            ],
            [
              120.17093924122098,
              30.265100875858636
            ],
            [
              120.16834126728622,
              30.265102394567748
            ],
            [
              120.16833954651489,
              30.262847236035913
            ],
            [
              120.17093746111281,
              30.262845717395187
            ]
          ]
        ]
      },
      "properties": {
        "grid_id": "M4B-R-5EEC8B7710-G-R13-C19",
        "row": 13,
        "column": 19,
        "analysis_status": "ANALYZABLE_LAND",
        "ranking_eligible": true,
        "source_mode": "REAL",
        "population_total": 815.5726399795024,
        "population_age_0_14": 86.06291543798945,
        "population_age_65_plus": 128.98089938448015,
        "elderly_share": 0.1581476536384568,
        "child_share": 0.10552452500141796,
        "vulnerability_share_raw": 0.14236071504734513,
        "lst_median_c": 49.827218000000016,
        "lst_valid_fraction": 1.0,
        "ndvi_median_land": 0.3209883594607812,
        "green_fraction_land": 0.552,
        "green_fraction_grid_legacy": 0.552,
        "water_fraction_grid": 0.0,
        "sentinel_valid_fraction": 1.0,
        "spatial_heat_score": 0.8853503184713376,
        "temporal_severity_score": 0.5238709677419354,
        "hazard_score": 0.7769065132525169,
        "exposure_score": 0.8590646222966859,
        "vulnerability_score": 0.9999999790165757,
        "adaptive_capacity_score": 0.552,
        "risk_score": 79.27287566784935,
        "risk_percentile_within_aoi": 0.9331210191082803,
        "hazard_contribution_points": 31.076260530100676,
        "exposure_contribution_points": 21.476615557417148,
        "vulnerability_contribution_points": 19.99999958033151,
        "adaptive_deficit_contribution_points": 6.719999999999999,
        "primary_driver": "hazard",
        "temporal_context_id": "era5-temporal:pilot_v1:2026-07-31T03Z",
        "source_ids": [
          "LC09_L2SP_119039_20260731_02_T1",
          "S2C_MSIL2A_20260731T023551_R089_T51RTP_20260731T060913",
          "chn_pop_2026_CN_100m_R2025A_v1.tif"
        ],
        "analysis_reasons": [],
        "landsat_quality_flag": "HIGH",
        "sentinel_quality_flag": "HIGH"
      }
    },
    {
      "type": "Feature",
      "id": "M4B-R-5EEC8B7710-G-R14-C00",
      "geometry": {
        "type": "Polygon",
        "coordinates": [
          [
            [
              120.1215777256503,
              30.26512092797062
            ],
            [
              120.12157837841637,
              30.2673760865594
            ],
            [
              120.11898034410973,
              30.26737662714142
            ],
            [
              120.11897975068604,
              30.2651214685283
            ],
            [
              120.1215777256503,
              30.26512092797062
            ]
          ]
        ]
      },
      "properties": {
        "grid_id": "M4B-R-5EEC8B7710-G-R14-C00",
        "row": 14,
        "column": 0,
        "analysis_status": "ANALYZABLE_LAND",
        "ranking_eligible": true,
        "source_mode": "REAL",
        "population_total": 631.1792972751664,
        "population_age_0_14": 70.2118528288764,
        "population_age_65_plus": 70.23429528437363,
        "elderly_share": 0.11127471320364705,
        "child_share": 0.11123915681643012,
        "vulnerability_share_raw": 0.11126404628748197,
        "lst_median_c": 46.422870079999996,
        "lst_valid_fraction": 1.0,
        "ndvi_median_land": 0.5603900336057918,
        "green_fraction_land": 0.7888,
        "green_fraction_grid_legacy": 0.7888,
        "water_fraction_grid": 0.0,
        "sentinel_valid_fraction": 1.0,
        "spatial_heat_score": 0.46178343949044587,
        "temporal_severity_score": 0.5238709677419354,
        "hazard_score": 0.4804096979658927,
        "exposure_score": 0.8049490664588089,
        "vulnerability_score": 0.22000374077307722,
        "adaptive_capacity_score": 0.7888,
        "risk_score": 46.908189395567476,
        "risk_percentile_within_aoi": 0.4012738853503185,
        "hazard_contribution_points": 19.21638791863571,
        "exposure_contribution_points": 20.123726661470222,
        "vulnerability_contribution_points": 4.4000748154615446,
        "adaptive_deficit_contribution_points": 3.168000000000001,
        "primary_driver": "exposure",
        "temporal_context_id": "era5-temporal:pilot_v1:2026-07-31T03Z",
        "source_ids": [
          "LC09_L2SP_119039_20260731_02_T1",
          "S2C_MSIL2A_20260731T023551_R089_T51RTP_20260731T060913",
          "chn_pop_2026_CN_100m_R2025A_v1.tif"
        ],
        "analysis_reasons": [],
        "landsat_quality_flag": "HIGH",
        "sentinel_quality_flag": "HIGH"
      }
    },
    {
      "type": "Feature",
      "id": "M4B-R-5EEC8B7710-G-R14-C01",
      "geometry": {
        "type": "Polygon",
        "coordinates": [
          [
            [
              120.1241757005848,
              30.265120335931247
            ],
            [
              120.12417641269322,
              30.267375494493375
            ],
            [
              120.12157837841637,
              30.2673760865594
            ],
            [
              120.1215777256503,
              30.26512092797062
            ],
            [
              120.1241757005848,
              30.265120335931247
            ]
          ]
        ]
      },
      "properties": {
        "grid_id": "M4B-R-5EEC8B7710-G-R14-C01",
        "row": 14,
        "column": 1,
        "analysis_status": "ANALYZABLE_LAND",
        "ranking_eligible": true,
        "source_mode": "REAL",
        "population_total": 1291.1145995313434,
        "population_age_0_14": 143.62250748375004,
        "population_age_65_plus": 143.6684068834971,
        "elderly_share": 0.11127471328698997,
        "child_share": 0.11123916307342742,
        "vulnerability_share_raw": 0.1112640482229212,
        "lst_median_c": 47.239776860000006,
        "lst_valid_fraction": 1.0,
        "ndvi_median_land": 0.44415287590202623,
        "green_fraction_land": 0.7232,
        "green_fraction_grid_legacy": 0.7232,
        "water_fraction_grid": 0.0,
        "sentinel_valid_fraction": 1.0,
        "spatial_heat_score": 0.5382165605095541,
        "temporal_severity_score": 0.5238709677419354,
        "hazard_score": 0.5339128826792685,
        "exposure_score": 0.9560967798255811,
        "vulnerability_score": 0.22000378931960568,
        "adaptive_capacity_score": 0.7232,
        "risk_score": 53.81101058920239,
        "risk_percentile_within_aoi": 0.5031847133757962,
        "hazard_contribution_points": 21.35651530717074,
        "exposure_contribution_points": 23.902419495639528,
        "vulnerability_contribution_points": 4.400075786392113,
        "adaptive_deficit_contribution_points": 4.152000000000001,
        "primary_driver": "exposure",
        "temporal_context_id": "era5-temporal:pilot_v1:2026-07-31T03Z",
        "source_ids": [
          "LC09_L2SP_119039_20260731_02_T1",
          "S2C_MSIL2A_20260731T023551_R089_T51RTP_20260731T060913",
          "chn_pop_2026_CN_100m_R2025A_v1.tif"
        ],
        "analysis_reasons": [],
        "landsat_quality_flag": "HIGH",
        "sentinel_quality_flag": "HIGH"
      }
    },
    {
      "type": "Feature",
      "id": "M4B-R-5EEC8B7710-G-R14-C02",
      "geometry": {
        "type": "Polygon",
        "coordinates": [
          [
            [
              120.12677367548679,
              30.265119692410213
            ],
            [
              120.12677444693755,
              30.26737485094337
            ],
            [
              120.12417641269322,
              30.267375494493375
            ],
            [
              120.1241757005848,
              30.265120335931247
            ],
            [
              120.12677367548679,
              30.265119692410213
            ]
          ]
        ]
      },
      "properties": {
        "grid_id": "M4B-R-5EEC8B7710-G-R14-C02",
        "row": 14,
        "column": 2,
        "analysis_status": "ANALYZABLE_LAND",
        "ranking_eligible": true,
        "source_mode": "REAL",
        "population_total": 1190.3488248248755,
        "population_age_0_14": 132.41340504411332,
        "population_age_65_plus": 132.45572700498147,
        "elderly_share": 0.11127471564855655,
        "child_share": 0.11123916139757942,
        "vulnerability_share_raw": 0.1112640493732634,
        "lst_median_c": 47.205596660000026,
        "lst_valid_fraction": 1.0,
        "ndvi_median_land": 0.44247232333420544,
        "green_fraction_land": 0.7488,
        "green_fraction_grid_legacy": 0.7488,
        "water_fraction_grid": 0.0,
        "sentinel_valid_fraction": 1.0,
        "spatial_heat_score": 0.5286624203821656,
        "temporal_severity_score": 0.5238709677419354,
        "hazard_score": 0.5272249845900965,
        "exposure_score": 0.9389294423930654,
        "vulnerability_score": 0.22000381817358336,
        "adaptive_capacity_score": 0.7488,
        "risk_score": 52.730311806902165,
        "risk_percentile_within_aoi": 0.47770700636942676,
        "hazard_contribution_points": 21.08899938360386,
        "exposure_contribution_points": 23.473236059826636,
        "vulnerability_contribution_points": 4.400076363471667,
        "adaptive_deficit_contribution_points": 3.768,
        "primary_driver": "exposure",
        "temporal_context_id": "era5-temporal:pilot_v1:2026-07-31T03Z",
        "source_ids": [
          "LC09_L2SP_119039_20260731_02_T1",
          "S2C_MSIL2A_20260731T023551_R089_T51RTP_20260731T060913",
          "chn_pop_2026_CN_100m_R2025A_v1.tif"
        ],
        "analysis_reasons": [],
        "landsat_quality_flag": "HIGH",
        "sentinel_quality_flag": "HIGH"
      }
    },
    {
      "type": "Feature",
      "id": "M4B-R-5EEC8B7710-G-R14-C03",
      "geometry": {
        "type": "Polygon",
        "coordinates": [
          [
            [
              120.12937165035355,
              30.265118997407498
            ],
            [
              120.12937248114665,
              30.26737415590936
            ],
            [
              120.12677444693755,
              30.26737485094337
            ],
            [
              120.12677367548679,
              30.265119692410213
            ],
            [
              120.12937165035355,
              30.265118997407498
            ]
          ]
        ]
      },
      "properties": {
        "grid_id": "M4B-R-5EEC8B7710-G-R14-C03",
        "row": 14,
        "column": 3,
        "analysis_status": "ANALYZABLE_LAND",
        "ranking_eligible": true,
        "source_mode": "REAL",
        "population_total": 1114.8440419246567,
        "population_age_0_14": 124.01431798326149,
        "population_age_65_plus": 124.05395257270374,
        "elderly_share": 0.11127471458567255,
        "child_share": 0.11123916289597269,
        "vulnerability_share_raw": 0.11126404907876258,
        "lst_median_c": 48.86162735000002,
        "lst_valid_fraction": 1.0,
        "ndvi_median_land": 0.23408738039690719,
        "green_fraction_land": 0.4416,
        "green_fraction_grid_legacy": 0.4416,
        "water_fraction_grid": 0.0,
        "sentinel_valid_fraction": 1.0,
        "spatial_heat_score": 0.7547770700636943,
        "temporal_severity_score": 0.5238709677419354,
        "hazard_score": 0.6855052393671667,
        "exposure_score": 0.9250856575439296,
        "vulnerability_score": 0.22000381078663372,
        "adaptive_capacity_score": 0.4416,
        "risk_score": 63.32342722901758,
        "risk_percentile_within_aoi": 0.7133757961783439,
        "hazard_contribution_points": 27.420209574686666,
        "exposure_contribution_points": 23.12714143859824,
        "vulnerability_contribution_points": 4.400076215732675,
        "adaptive_deficit_contribution_points": 8.376,
        "primary_driver": "hazard",
        "temporal_context_id": "era5-temporal:pilot_v1:2026-07-31T03Z",
        "source_ids": [
          "LC09_L2SP_119039_20260731_02_T1",
          "S2C_MSIL2A_20260731T023551_R089_T51RTP_20260731T060913",
          "chn_pop_2026_CN_100m_R2025A_v1.tif"
        ],
        "analysis_reasons": [],
        "landsat_quality_flag": "HIGH",
        "sentinel_quality_flag": "HIGH"
      }
    },
    {
      "type": "Feature",
      "id": "M4B-R-5EEC8B7710-G-R14-C04",
      "geometry": {
        "type": "Polygon",
        "coordinates": [
          [
            [
              120.13196962518238,
              30.26511825092311
            ],
            [
              120.1319705153178,
              30.26737340939136
            ],
            [
              120.12937248114665,
              30.26737415590936
            ],
            [
              120.12937165035355,
              30.265118997407498
            ],
            [
              120.13196962518238,
              30.26511825092311
            ]
          ]
        ]
      },
      "properties": {
        "grid_id": "M4B-R-5EEC8B7710-G-R14-C04",
        "row": 14,
        "column": 4,
        "analysis_status": "ANALYZABLE_LAND",
        "ranking_eligible": true,
        "source_mode": "REAL",
        "population_total": 841.5580036396068,
        "population_age_0_14": 93.61420436255042,
        "population_age_65_plus": 93.64412277249022,
        "elderly_share": 0.11127470996353671,
        "child_share": 0.11123915874804069,
        "vulnerability_share_raw": 0.1112640445988879,
        "lst_median_c": 46.42287008000005,
        "lst_valid_fraction": 1.0,
        "ndvi_median_land": 0.41662909337026444,
        "green_fraction_land": 0.5488,
        "green_fraction_grid_legacy": 0.5488,
        "water_fraction_grid": 0.0,
        "sentinel_valid_fraction": 1.0,
        "spatial_heat_score": 0.46496815286624205,
        "temporal_severity_score": 0.5238709677419354,
        "hazard_score": 0.48263899732895,
        "exposure_score": 0.865688203957869,
        "vulnerability_score": 0.22000369841815384,
        "adaptive_capacity_score": 0.5488,
        "risk_score": 52.11583896046781,
        "risk_percentile_within_aoi": 0.4681528662420382,
        "hazard_contribution_points": 19.305559893157998,
        "exposure_contribution_points": 21.642205098946725,
        "vulnerability_contribution_points": 4.400073968363077,
        "adaptive_deficit_contribution_points": 6.768000000000001,
        "primary_driver": "exposure",
        "temporal_context_id": "era5-temporal:pilot_v1:2026-07-31T03Z",
        "source_ids": [
          "LC09_L2SP_119039_20260731_02_T1",
          "S2C_MSIL2A_20260731T023551_R089_T51RTP_20260731T060913",
          "chn_pop_2026_CN_100m_R2025A_v1.tif"
        ],
        "analysis_reasons": [],
        "landsat_quality_flag": "HIGH",
        "sentinel_quality_flag": "HIGH"
      }
    },
    {
      "type": "Feature",
      "id": "M4B-R-5EEC8B7710-G-R14-C05",
      "geometry": {
        "type": "Polygon",
        "coordinates": [
          [
            [
              120.13456759997058,
              30.265117452957053
            ],
            [
              120.13456854944833,
              30.267372611389405
            ],
            [
              120.1319705153178,
              30.26737340939136
            ],
            [
              120.13196962518238,
              30.26511825092311
            ],
            [
              120.13456759997058,
              30.265117452957053
            ]
          ]
        ]
      },
      "properties": {
        "grid_id": "M4B-R-5EEC8B7710-G-R14-C05",
        "row": 14,
        "column": 5,
        "analysis_status": "ANALYZABLE_LAND",
        "ranking_eligible": true,
        "source_mode": "REAL",
        "population_total": 430.4091759349564,
        "population_age_0_14": 47.878355504514005,
        "population_age_65_plus": 47.8936570294485,
        "elderly_share": 0.11127471184928038,
        "child_share": 0.11123916073701319,
        "vulnerability_share_raw": 0.1112640465156002,
        "lst_median_c": 44.02854707,
        "lst_valid_fraction": 1.0,
        "ndvi_median_land": 0.677686364799925,
        "green_fraction_land": 0.784,
        "green_fraction_grid_legacy": 0.784,
        "water_fraction_grid": 0.0,
        "sentinel_valid_fraction": 1.0,
        "spatial_heat_score": 0.3375796178343949,
        "temporal_severity_score": 0.5238709677419354,
        "hazard_score": 0.393467022806657,
        "exposure_score": 0.7241559337020022,
        "vulnerability_score": 0.2200037464949558,
        "adaptive_capacity_score": 0.784,
        "risk_score": 41.48265418471545,
        "risk_percentile_within_aoi": 0.34394904458598724,
        "hazard_contribution_points": 15.73868091226628,
        "exposure_contribution_points": 18.103898342550053,
        "vulnerability_contribution_points": 4.400074929899116,
        "adaptive_deficit_contribution_points": 3.2399999999999993,
        "primary_driver": "exposure",
        "temporal_context_id": "era5-temporal:pilot_v1:2026-07-31T03Z",
        "source_ids": [
          "LC09_L2SP_119039_20260731_02_T1",
          "S2C_MSIL2A_20260731T023551_R089_T51RTP_20260731T060913",
          "chn_pop_2026_CN_100m_R2025A_v1.tif"
        ],
        "analysis_reasons": [],
        "landsat_quality_flag": "HIGH",
        "sentinel_quality_flag": "HIGH"
      }
    },
    {
      "type": "Feature",
      "id": "M4B-R-5EEC8B7710-G-R14-C06",
      "geometry": {
        "type": "Polygon",
        "coordinates": [
          [
            [
              120.13716557471541,
              30.265116603509316
            ],
            [
              120.1371665835355,
              30.267371761903437
            ],
            [
              120.13456854944833,
              30.267372611389405
            ],
            [
              120.13456759997058,
              30.265117452957053
            ],
            [
              120.13716557471541,
              30.265116603509316
            ]
          ]
        ]
      },
      "properties": {
        "grid_id": "M4B-R-5EEC8B7710-G-R14-C06",
        "row": 14,
        "column": 6,
        "analysis_status": "ANALYZABLE_LAND",
        "ranking_eligible": true,
        "source_mode": "REAL",
        "population_total": 230.57160337274493,
        "population_age_0_14": 25.648592965165086,
        "population_age_65_plus": 25.656789972712012,
        "elderly_share": 0.11127471725663861,
        "child_share": 0.11123916644540677,
        "vulnerability_share_raw": 0.11126405201326904,
        "lst_median_c": 40.803645200000005,
        "lst_valid_fraction": 1.0,
        "ndvi_median_land": 0.884851130947015,
        "green_fraction_land": 0.936,
        "green_fraction_grid_legacy": 0.936,
        "water_fraction_grid": 0.0,
        "sentinel_valid_fraction": 1.0,
        "spatial_heat_score": 0.22929936305732485,
        "temporal_severity_score": 0.5238709677419354,
        "hazard_score": 0.317670844462708,
        "exposure_score": 0.5926071750017725,
        "vulnerability_score": 0.22000388439271723,
        "adaptive_capacity_score": 0.936,
        "risk_score": 32.88209084140698,
        "risk_percentile_within_aoi": 0.28662420382165604,
        "hazard_contribution_points": 12.706833778508319,
        "exposure_contribution_points": 14.815179375044313,
        "vulnerability_contribution_points": 4.400077687854345,
        "adaptive_deficit_contribution_points": 0.9599999999999992,
        "primary_driver": "exposure",
        "temporal_context_id": "era5-temporal:pilot_v1:2026-07-31T03Z",
        "source_ids": [
          "LC09_L2SP_119039_20260731_02_T1",
          "S2C_MSIL2A_20260731T023551_R089_T51RTP_20260731T060913",
          "chn_pop_2026_CN_100m_R2025A_v1.tif"
        ],
        "analysis_reasons": [],
        "landsat_quality_flag": "HIGH",
        "sentinel_quality_flag": "HIGH"
      }
    },
    {
      "type": "Feature",
      "id": "M4B-R-5EEC8B7710-G-R14-C07",
      "geometry": {
        "type": "Polygon",
        "coordinates": [
          [
            [
              120.1397635494142,
              30.26511570257994
            ],
            [
              120.13976461757662,
              30.26737086093349
            ],
            [
              120.1371665835355,
              30.267371761903437
            ],
            [
              120.13716557471541,
              30.265116603509316
            ],
            [
              120.1397635494142,
              30.26511570257994
            ]
          ]
        ]
      },
      "properties": {
        "grid_id": "M4B-R-5EEC8B7710-G-R14-C07",
        "row": 14,
        "column": 7,
        "analysis_status": "ANALYZABLE_LAND",
        "ranking_eligible": true,
        "source_mode": "REAL",
        "population_total": 101.37798317978464,
        "population_age_0_14": 11.277200079924995,
        "population_age_65_plus": 11.280808150100897,
        "elderly_share": 0.11127473437793105,
        "child_share": 0.11123914410415826,
        "vulnerability_share_raw": 0.1112640572957992,
        "lst_median_c": 40.54216667,
        "lst_valid_fraction": 1.0,
        "ndvi_median_land": 0.871738451422536,
        "green_fraction_land": 0.96,
        "green_fraction_grid_legacy": 0.96,
        "water_fraction_grid": 0.0,
        "sentinel_valid_fraction": 1.0,
        "spatial_heat_score": 0.2197452229299363,
        "temporal_severity_score": 0.5238709677419354,
        "hazard_score": 0.310982946373536,
        "exposure_score": 0.42002932914711916,
        "vulnerability_score": 0.2200040168941658,
        "adaptive_capacity_score": 0.96,
        "risk_score": 27.940131421502734,
        "risk_percentile_within_aoi": 0.21656050955414013,
        "hazard_contribution_points": 12.439317854941441,
        "exposure_contribution_points": 10.500733228677978,
        "vulnerability_contribution_points": 4.400080337883316,
        "adaptive_deficit_contribution_points": 0.6000000000000005,
        "primary_driver": "hazard",
        "temporal_context_id": "era5-temporal:pilot_v1:2026-07-31T03Z",
        "source_ids": [
          "LC09_L2SP_119039_20260731_02_T1",
          "S2C_MSIL2A_20260731T023551_R089_T51RTP_20260731T060913",
          "chn_pop_2026_CN_100m_R2025A_v1.tif"
        ],
        "analysis_reasons": [],
        "landsat_quality_flag": "HIGH",
        "sentinel_quality_flag": "HIGH"
      }
    },
    {
      "type": "Feature",
      "id": "M4B-R-5EEC8B7710-G-R14-C08",
      "geometry": {
        "type": "Polygon",
        "coordinates": [
          [
            [
              120.14236152406423,
              30.26511475016889
            ],
            [
              120.14236265156894,
              30.26736990847956
            ],
            [
              120.13976461757662,
              30.26737086093349
            ],
            [
              120.1397635494142,
              30.26511570257994
            ],
            [
              120.14236152406423,
              30.26511475016889
            ]
          ]
        ]
      },
      "properties": {
        "grid_id": "M4B-R-5EEC8B7710-G-R14-C08",
        "row": 14,
        "column": 8,
        "analysis_status": "ANALYZABLE_LAND",
        "ranking_eligible": true,
        "source_mode": "REAL",
        "population_total": 526.2460573491675,
        "population_age_0_14": 58.53917154972176,
        "population_age_65_plus": 58.557878020158775,
        "elderly_share": 0.11127471114012596,
        "child_share": 0.1112391641366363,
        "vulnerability_share_raw": 0.11126404703907906,
        "lst_median_c": 46.45021424000004,
        "lst_valid_fraction": 1.0,
        "ndvi_median_land": 0.599151012996578,
        "green_fraction_land": 0.8416,
        "green_fraction_grid_legacy": 0.8416,
        "water_fraction_grid": 0.0,
        "sentinel_valid_fraction": 1.0,
        "spatial_heat_score": 0.4681528662420382,
        "temporal_severity_score": 0.5238709677419354,
        "hazard_score": 0.4848682966920074,
        "exposure_score": 0.7665722041518497,
        "vulnerability_score": 0.22000375962535068,
        "adaptive_capacity_score": 0.8416,
        "risk_score": 45.335112163983545,
        "risk_percentile_within_aoi": 0.3853503184713376,
        "hazard_contribution_points": 19.394731867680296,
        "exposure_contribution_points": 19.16430510379624,
        "vulnerability_contribution_points": 4.400075192507014,
        "adaptive_deficit_contribution_points": 2.376,
        "primary_driver": "hazard",
        "temporal_context_id": "era5-temporal:pilot_v1:2026-07-31T03Z",
        "source_ids": [
          "LC09_L2SP_119039_20260731_02_T1",
          "S2C_MSIL2A_20260731T023551_R089_T51RTP_20260731T060913",
          "chn_pop_2026_CN_100m_R2025A_v1.tif"
        ],
        "analysis_reasons": [],
        "landsat_quality_flag": "HIGH",
        "sentinel_quality_flag": "HIGH"
      }
    },
    {
      "type": "Feature",
      "id": "M4B-R-5EEC8B7710-G-R14-C09",
      "geometry": {
        "type": "Polygon",
        "coordinates": [
          [
            [
              120.14495949866276,
              30.265113746276185
            ],
            [
              120.14496068550979,
              30.26736890454166
            ],
            [
              120.14236265156894,
              30.26736990847956
            ],
            [
              120.14236152406423,
              30.26511475016889
            ],
            [
              120.14495949866276,
              30.265113746276185
            ]
          ]
        ]
      },
      "properties": {
        "grid_id": "M4B-R-5EEC8B7710-G-R14-C09",
        "row": 14,
        "column": 9,
        "analysis_status": "ANALYZABLE_LAND",
        "ranking_eligible": true,
        "source_mode": "REAL",
        "population_total": 1072.4666757889893,
        "population_age_0_14": 119.30029428787842,
        "population_age_65_plus": 119.33842289511267,
        "elderly_share": 0.11127471425377214,
        "child_share": 0.11123916200017302,
        "vulnerability_share_raw": 0.1112640485776924,
        "lst_median_c": 48.59331278000002,
        "lst_valid_fraction": 1.0,
        "ndvi_median_land": 0.4183340482891446,
        "green_fraction_land": 0.648,
        "green_fraction_grid_legacy": 0.648,
        "water_fraction_grid": 0.0,
        "sentinel_valid_fraction": 1.0,
        "spatial_heat_score": 0.7070063694267515,
        "temporal_severity_score": 0.5238709677419354,
        "hazard_score": 0.6520657489213066,
        "exposure_score": 0.9168993138873228,
        "vulnerability_score": 0.2200037982183145,
        "adaptive_capacity_score": 0.648,
        "risk_score": 58.685188768401616,
        "risk_percentile_within_aoi": 0.5955414012738853,
        "hazard_contribution_points": 26.082629956852266,
        "exposure_contribution_points": 22.92248284718307,
        "vulnerability_contribution_points": 4.40007596436629,
        "adaptive_deficit_contribution_points": 5.279999999999999,
        "primary_driver": "hazard",
        "temporal_context_id": "era5-temporal:pilot_v1:2026-07-31T03Z",
        "source_ids": [
          "LC09_L2SP_119039_20260731_02_T1",
          "S2C_MSIL2A_20260731T023551_R089_T51RTP_20260731T060913",
          "chn_pop_2026_CN_100m_R2025A_v1.tif"
        ],
        "analysis_reasons": [],
        "landsat_quality_flag": "HIGH",
        "sentinel_quality_flag": "HIGH"
      }
    },
    {
      "type": "Feature",
      "id": "M4B-R-5EEC8B7710-G-R14-C10",
      "geometry": {
        "type": "Polygon",
        "coordinates": [
          [
            [
              120.14755747320712,
              30.265112690901827
            ],
            [
              120.14755871939646,
              30.267367849119797
            ],
            [
              120.14496068550979,
              30.26736890454166
            ],
            [
              120.14495949866276,
              30.265113746276185
            ],
            [
              120.14755747320712,
              30.265112690901827
            ]
          ]
        ]
      },
      "properties": {
        "grid_id": "M4B-R-5EEC8B7710-G-R14-C10",
        "row": 14,
        "column": 10,
        "analysis_status": "ANALYZABLE_LAND",
        "ranking_eligible": true,
        "source_mode": "REAL",
        "population_total": 1072.9079192294225,
        "population_age_0_14": 119.34937516146333,
        "population_age_65_plus": 119.38752024393742,
        "elderly_share": 0.11127471249320557,
        "child_share": 0.11123915950511552,
        "vulnerability_share_raw": 0.11126404659677853,
        "lst_median_c": 45.94092926000002,
        "lst_valid_fraction": 1.0,
        "ndvi_median_land": 0.589121921619252,
        "green_fraction_land": 0.776,
        "green_fraction_grid_legacy": 0.776,
        "water_fraction_grid": 0.0,
        "sentinel_valid_fraction": 1.0,
        "spatial_heat_score": 0.4140127388535032,
        "temporal_severity_score": 0.5238709677419354,
        "hazard_score": 0.4469702075200328,
        "exposure_score": 0.9169862058533356,
        "vulnerability_score": 0.22000374853114787,
        "adaptive_capacity_score": 0.776,
        "risk_score": 48.56353841775766,
        "risk_percentile_within_aoi": 0.42038216560509556,
        "hazard_contribution_points": 17.87880830080131,
        "exposure_contribution_points": 22.92465514633339,
        "vulnerability_contribution_points": 4.400074970622957,
        "adaptive_deficit_contribution_points": 3.3599999999999994,
        "primary_driver": "exposure",
        "temporal_context_id": "era5-temporal:pilot_v1:2026-07-31T03Z",
        "source_ids": [
          "LC09_L2SP_119039_20260731_02_T1",
          "S2C_MSIL2A_20260731T023551_R089_T51RTP_20260731T060913",
          "chn_pop_2026_CN_100m_R2025A_v1.tif"
        ],
        "analysis_reasons": [],
        "landsat_quality_flag": "HIGH",
        "sentinel_quality_flag": "HIGH"
      }
    },
    {
      "type": "Feature",
      "id": "M4B-R-5EEC8B7710-G-R14-C11",
      "geometry": {
        "type": "Polygon",
        "coordinates": [
          [
            [
              120.15015544769459,
              30.265111584045805
            ],
            [
              120.1501567532262,
              30.267366742213945
            ],
            [
              120.14755871939646,
              30.267367849119797
            ],
            [
              120.14755747320712,
              30.265112690901827
            ],
            [
              120.15015544769459,
              30.265111584045805
            ]
          ]
        ]
      },
      "properties": {
        "grid_id": "M4B-R-5EEC8B7710-G-R14-C11",
        "row": 14,
        "column": 11,
        "analysis_status": "ANALYZABLE_LAND",
        "ranking_eligible": true,
        "source_mode": "REAL",
        "population_total": 1198.2885038558386,
        "population_age_0_14": 133.2966087552599,
        "population_age_65_plus": 133.33920856957138,
        "elderly_share": 0.11127471234223983,
        "child_share": 0.11123916179312382,
        "vulnerability_share_raw": 0.11126404717750503,
        "lst_median_c": 46.067396,
        "lst_valid_fraction": 1.0,
        "ndvi_median_land": 0.2762405223911381,
        "green_fraction_land": 0.4656,
        "green_fraction_grid_legacy": 0.4656,
        "water_fraction_grid": 0.0,
        "sentinel_valid_fraction": 1.0,
        "spatial_heat_score": 0.42356687898089174,
        "temporal_severity_score": 0.5238709677419354,
        "hazard_score": 0.45365810560920483,
        "exposure_score": 0.9403338721167986,
        "vulnerability_score": 0.22000376309748246,
        "adaptive_capacity_score": 0.4656,
        "risk_score": 54.0707462892378,
        "risk_percentile_within_aoi": 0.5063694267515924,
        "hazard_contribution_points": 18.146324224368193,
        "exposure_contribution_points": 23.508346802919966,
        "vulnerability_contribution_points": 4.400075261949649,
        "adaptive_deficit_contribution_points": 8.016,
        "primary_driver": "exposure",
        "temporal_context_id": "era5-temporal:pilot_v1:2026-07-31T03Z",
        "source_ids": [
          "LC09_L2SP_119039_20260731_02_T1",
          "S2C_MSIL2A_20260731T023551_R089_T51RTP_20260731T060913",
          "chn_pop_2026_CN_100m_R2025A_v1.tif"
        ],
        "analysis_reasons": [],
        "landsat_quality_flag": "HIGH",
        "sentinel_quality_flag": "HIGH"
      }
    },
    {
      "type": "Feature",
      "id": "M4B-R-5EEC8B7710-G-R14-C12",
      "geometry": {
        "type": "Polygon",
        "coordinates": [
          [
            [
              120.15275342212246,
              30.26511042570815
            ],
            [
              120.15275478699635,
              30.267365583824134
            ],
            [
              120.1501567532262,
              30.267366742213945
            ],
            [
              120.15015544769459,
              30.265111584045805
            ],
            [
              120.15275342212246,
              30.26511042570815
            ]
          ]
        ]
      },
      "properties": {
        "grid_id": "M4B-R-5EEC8B7710-G-R14-C12",
        "row": 14,
        "column": 12,
        "analysis_status": "ANALYZABLE_LAND",
        "ranking_eligible": true,
        "source_mode": "REAL",
        "population_total": 1046.0917286154013,
        "population_age_0_14": 115.92536243263645,
        "population_age_65_plus": 120.02080857522513,
        "elderly_share": 0.11473258538625836,
        "child_share": 0.11081758823012045,
        "vulnerability_share_raw": 0.11355808623941699,
        "lst_median_c": 46.50832058000003,
        "lst_valid_fraction": 1.0,
        "ndvi_median_land": 0.45230295656311903,
        "green_fraction_land": 0.6592,
        "green_fraction_grid_legacy": 0.6592,
        "water_fraction_grid": 0.0,
        "sentinel_valid_fraction": 1.0,
        "spatial_heat_score": 0.4713375796178344,
        "temporal_severity_score": 0.5238709677419354,
        "hazard_score": 0.48709759605506464,
        "exposure_score": 0.9116394691752289,
        "vulnerability_score": 0.27754503391632007,
        "adaptive_capacity_score": 0.6592,
        "risk_score": 52.937791249909715,
        "risk_percentile_within_aoi": 0.4840764331210191,
        "hazard_contribution_points": 19.483903842202587,
        "exposure_contribution_points": 22.790986729380723,
        "vulnerability_contribution_points": 5.550900678326402,
        "adaptive_deficit_contribution_points": 5.112,
        "primary_driver": "exposure",
        "temporal_context_id": "era5-temporal:pilot_v1:2026-07-31T03Z",
        "source_ids": [
          "LC09_L2SP_119039_20260731_02_T1",
          "S2C_MSIL2A_20260731T023551_R089_T51RTP_20260731T060913",
          "chn_pop_2026_CN_100m_R2025A_v1.tif"
        ],
        "analysis_reasons": [],
        "landsat_quality_flag": "HIGH",
        "sentinel_quality_flag": "HIGH"
      }
    },
    {
      "type": "Feature",
      "id": "M4B-R-5EEC8B7710-G-R14-C13",
      "geometry": {
        "type": "Polygon",
        "coordinates": [
          [
            [
              120.15535139648799,
              30.26510921588883
            ],
            [
              120.15535282070417,
              30.26736437395036
            ],
            [
              120.15275478699635,
              30.267365583824134
            ],
            [
              120.15275342212246,
              30.26511042570815
            ],
            [
              120.15535139648799,
              30.26510921588883
            ]
          ]
        ]
      },
      "properties": {
        "grid_id": "M4B-R-5EEC8B7710-G-R14-C13",
        "row": 14,
        "column": 13,
        "analysis_status": "ANALYZABLE_LAND",
        "ranking_eligible": true,
        "source_mode": "REAL",
        "population_total": 923.1730240149186,
        "population_age_0_14": 97.41739773871738,
        "population_age_65_plus": 145.99764580781513,
        "elderly_share": 0.15814765164266303,
        "child_share": 0.10552452812696475,
        "vulnerability_share_raw": 0.14236071458795355,
        "lst_median_c": 49.39312946000001,
        "lst_valid_fraction": 1.0,
        "ndvi_median_land": 0.3482832063391979,
        "green_fraction_land": 0.5552,
        "green_fraction_grid_legacy": 0.5552,
        "water_fraction_grid": 0.0,
        "sentinel_valid_fraction": 1.0,
        "spatial_heat_score": 0.8248407643312102,
        "temporal_severity_score": 0.5238709677419354,
        "hazard_score": 0.7345498253544278,
        "exposure_score": 0.8852369111193051,
        "vulnerability_score": 0.9999999674936789,
        "adaptive_capacity_score": 0.5552,
        "risk_score": 78.18491514203332,
        "risk_percentile_within_aoi": 0.910828025477707,
        "hazard_contribution_points": 29.381993014177112,
        "exposure_contribution_points": 22.13092277798263,
        "vulnerability_contribution_points": 19.99999934987358,
        "adaptive_deficit_contribution_points": 6.672,
        "primary_driver": "hazard",
        "temporal_context_id": "era5-temporal:pilot_v1:2026-07-31T03Z",
        "source_ids": [
          "LC09_L2SP_119039_20260731_02_T1",
          "S2C_MSIL2A_20260731T023551_R089_T51RTP_20260731T060913",
          "chn_pop_2026_CN_100m_R2025A_v1.tif"
        ],
        "analysis_reasons": [],
        "landsat_quality_flag": "HIGH",
        "sentinel_quality_flag": "HIGH"
      }
    },
    {
      "type": "Feature",
      "id": "M4B-R-5EEC8B7710-G-R14-C14",
      "geometry": {
        "type": "Polygon",
        "coordinates": [
          [
            [
              120.15794937078851,
              30.26510795458789
            ],
            [
              120.15795085434695,
              30.267363112592626
            ],
            [
              120.15535282070417,
              30.26736437395036
            ],
            [
              120.15535139648799,
              30.26510921588883
            ],
            [
              120.15794937078851,
              30.26510795458789
            ]
          ]
        ]
      },
      "properties": {
        "grid_id": "M4B-R-5EEC8B7710-G-R14-C14",
        "row": 14,
        "column": 14,
        "analysis_status": "ANALYZABLE_LAND",
        "ranking_eligible": true,
        "source_mode": "REAL",
        "population_total": 1485.2093402256717,
        "population_age_0_14": 156.7260117285711,
        "population_age_65_plus": 234.8823722058769,
        "elderly_share": 0.15814765356255264,
        "child_share": 0.10552452606092365,
        "vulnerability_share_raw": 0.14236071531206393,
        "lst_median_c": 50.98763579000001,
        "lst_valid_fraction": 1.0,
        "ndvi_median_land": 0.1574051423785735,
        "green_fraction_land": 0.2736,
        "green_fraction_grid_legacy": 0.2736,
        "water_fraction_grid": 0.0,
        "sentinel_valid_fraction": 1.0,
        "spatial_heat_score": 0.9681528662420382,
        "temporal_severity_score": 0.5238709677419354,
        "hazard_score": 0.8348682966920074,
        "exposure_score": 0.985686991506085,
        "vulnerability_score": 0.9999999856565046,
        "adaptive_capacity_score": 0.2736,
        "risk_score": 88.93290636846251,
        "risk_percentile_within_aoi": 0.9968152866242038,
        "hazard_contribution_points": 33.39473186768029,
        "exposure_contribution_points": 24.642174787652124,
        "vulnerability_contribution_points": 19.99999971313009,
        "adaptive_deficit_contribution_points": 10.895999999999999,
        "primary_driver": "hazard",
        "temporal_context_id": "era5-temporal:pilot_v1:2026-07-31T03Z",
        "source_ids": [
          "LC09_L2SP_119039_20260731_02_T1",
          "S2C_MSIL2A_20260731T023551_R089_T51RTP_20260731T060913",
          "chn_pop_2026_CN_100m_R2025A_v1.tif"
        ],
        "analysis_reasons": [],
        "landsat_quality_flag": "HIGH",
        "sentinel_quality_flag": "HIGH"
      }
    },
    {
      "type": "Feature",
      "id": "M4B-R-5EEC8B7710-G-R14-C15",
      "geometry": {
        "type": "Polygon",
        "coordinates": [
          [
            [
              120.16054734502131,
              30.265106641805293
            ],
            [
              120.16054888792202,
              30.267361799750944
            ],
            [
              120.15795085434695,
              30.267363112592626
            ],
            [
              120.15794937078851,
              30.26510795458789
            ],
            [
              120.16054734502131,
              30.265106641805293
            ]
          ]
        ]
      },
      "properties": {
        "grid_id": "M4B-R-5EEC8B7710-G-R14-C15",
        "row": 14,
        "column": 15,
        "analysis_status": "ANALYZABLE_LAND",
        "ranking_eligible": true,
        "source_mode": "REAL",
        "population_total": 1424.4550844449159,
        "population_age_0_14": 150.31494931831605,
        "population_age_65_plus": 225.27422885868592,
        "elderly_share": 0.15814765331577385,
        "child_share": 0.10552452721027075,
        "vulnerability_share_raw": 0.1423607154841229,
        "lst_median_c": 49.97077484000002,
        "lst_valid_fraction": 1.0,
        "ndvi_median_land": 0.19692607949165275,
        "green_fraction_land": 0.3248,
        "green_fraction_grid_legacy": 0.3248,
        "water_fraction_grid": 0.0,
        "sentinel_valid_fraction": 1.0,
        "spatial_heat_score": 0.8949044585987261,
        "temporal_severity_score": 0.5238709677419354,
        "hazard_score": 0.783594411341689,
        "exposure_score": 0.9768621362442196,
        "vulnerability_score": 0.9999999899722516,
        "adaptive_capacity_score": 0.3248,
        "risk_score": 85.89332965921808,
        "risk_percentile_within_aoi": 0.9777070063694268,
        "hazard_contribution_points": 31.34377645366756,
        "exposure_contribution_points": 24.421553406105488,
        "vulnerability_contribution_points": 19.999999799445032,
        "adaptive_deficit_contribution_points": 10.128,
        "primary_driver": "hazard",
        "temporal_context_id": "era5-temporal:pilot_v1:2026-07-31T03Z",
        "source_ids": [
          "LC09_L2SP_119039_20260731_02_T1",
          "S2C_MSIL2A_20260731T023551_R089_T51RTP_20260731T060913",
          "chn_pop_2026_CN_100m_R2025A_v1.tif"
        ],
        "analysis_reasons": [],
        "landsat_quality_flag": "HIGH",
        "sentinel_quality_flag": "HIGH"
      }
    },
    {
      "type": "Feature",
      "id": "M4B-R-5EEC8B7710-G-R14-C16",
      "geometry": {
        "type": "Polygon",
        "coordinates": [
          [
            [
              120.16314531918367,
              30.265105277541068
            ],
            [
              120.16314692142662,
              30.26736043542531
            ],
            [
              120.16054888792202,
              30.267361799750944
            ],
            [
              120.16054734502131,
              30.265106641805293
            ],
            [
              120.16314531918367,
              30.265105277541068
            ]
          ]
        ]
      },
      "properties": {
        "grid_id": "M4B-R-5EEC8B7710-G-R14-C16",
        "row": 14,
        "column": 16,
        "analysis_status": "ANALYZABLE_LAND",
        "ranking_eligible": true,
        "source_mode": "REAL",
        "population_total": 1602.4590443286577,
        "population_age_0_14": 169.09873154736562,
        "population_age_65_plus": 253.42513890822332,
        "elderly_share": 0.15814765425995303,
        "child_share": 0.10552452628716555,
        "vulnerability_share_raw": 0.1423607158681168,
        "lst_median_c": 50.483477840000006,
        "lst_valid_fraction": 1.0,
        "ndvi_median_land": 0.24402760228249643,
        "green_fraction_land": 0.3664,
        "green_fraction_grid_legacy": 0.3664,
        "water_fraction_grid": 0.0,
        "sentinel_valid_fraction": 1.0,
        "spatial_heat_score": 0.9394904458598726,
        "temporal_severity_score": 0.5238709677419354,
        "hazard_score": 0.8148046024244915,
        "exposure_score": 1.0,
        "vulnerability_score": 0.9999999996039518,
        "adaptive_capacity_score": 0.3664,
        "risk_score": 87.09618408905871,
        "risk_percentile_within_aoi": 0.9840764331210191,
        "hazard_contribution_points": 32.59218409697966,
        "exposure_contribution_points": 25.0,
        "vulnerability_contribution_points": 19.999999992079037,
        "adaptive_deficit_contribution_points": 9.504,
        "primary_driver": "hazard",
        "temporal_context_id": "era5-temporal:pilot_v1:2026-07-31T03Z",
        "source_ids": [
          "LC09_L2SP_119039_20260731_02_T1",
          "S2C_MSIL2A_20260731T023551_R089_T51RTP_20260731T060913",
          "chn_pop_2026_CN_100m_R2025A_v1.tif"
        ],
        "analysis_reasons": [],
        "landsat_quality_flag": "HIGH",
        "sentinel_quality_flag": "HIGH"
      }
    },
    {
      "type": "Feature",
      "id": "M4B-R-5EEC8B7710-G-R14-C17",
      "geometry": {
        "type": "Polygon",
        "coordinates": [
          [
            [
              120.16574329327288,
              30.26510386179522
            ],
            [
              120.16574495485806,
              30.267359019615725
            ],
            [
              120.16314692142662,
              30.26736043542531
            ],
            [
              120.16314531918367,
              30.265105277541068
            ],
            [
              120.16574329327288,
              30.26510386179522
            ]
          ]
        ]
      },
      "properties": {
        "grid_id": "M4B-R-5EEC8B7710-G-R14-C17",
        "row": 14,
        "column": 17,
        "analysis_status": "ANALYZABLE_LAND",
        "ranking_eligible": true,
        "source_mode": "REAL",
        "population_total": 1524.80098595974,
        "population_age_0_14": 160.90390475894966,
        "population_age_65_plus": 241.1436970307109,
        "elderly_share": 0.15814765287479812,
        "child_share": 0.10552452827650394,
        "vulnerability_share_raw": 0.14236071549530985,
        "lst_median_c": 48.138716120000026,
        "lst_valid_fraction": 1.0,
        "ndvi_median_land": 0.3369536338775182,
        "green_fraction_land": 0.568,
        "green_fraction_grid_legacy": 0.568,
        "water_fraction_grid": 0.0,
        "sentinel_valid_fraction": 1.0,
        "spatial_heat_score": 0.6496815286624203,
        "temporal_severity_score": 0.5238709677419354,
        "hazard_score": 0.6119383603862748,
        "exposure_score": 0.9912457944500708,
        "vulnerability_score": 0.9999999902528531,
        "adaptive_capacity_score": 0.568,
        "risk_score": 75.73867908175983,
        "risk_percentile_within_aoi": 0.8949044585987261,
        "hazard_contribution_points": 24.477534415450993,
        "exposure_contribution_points": 24.781144861251768,
        "vulnerability_contribution_points": 19.99999980505706,
        "adaptive_deficit_contribution_points": 6.48,
        "primary_driver": "exposure",
        "temporal_context_id": "era5-temporal:pilot_v1:2026-07-31T03Z",
        "source_ids": [
          "LC09_L2SP_119039_20260731_02_T1",
          "S2C_MSIL2A_20260731T023551_R089_T51RTP_20260731T060913",
          "chn_pop_2026_CN_100m_R2025A_v1.tif"
        ],
        "analysis_reasons": [],
        "landsat_quality_flag": "HIGH",
        "sentinel_quality_flag": "HIGH"
      }
    },
    {
      "type": "Feature",
      "id": "M4B-R-5EEC8B7710-G-R14-C18",
      "geometry": {
        "type": "Polygon",
        "coordinates": [
          [
            [
              120.16834126728622,
              30.265102394567748
            ],
            [
              120.16834298821362,
              30.26735755232219
            ],
            [
              120.16574495485806,
              30.267359019615725
            ],
            [
              120.16574329327288,
              30.26510386179522
            ],
            [
              120.16834126728622,
              30.265102394567748
            ]
          ]
        ]
      },
      "properties": {
        "grid_id": "M4B-R-5EEC8B7710-G-R14-C18",
        "row": 14,
        "column": 18,
        "analysis_status": "ANALYZABLE_LAND",
        "ranking_eligible": true,
        "source_mode": "REAL",
        "population_total": 1341.116404386112,
        "population_age_0_14": 141.52067189844215,
        "population_age_65_plus": 212.09441063831346,
        "elderly_share": 0.15814765216849197,
        "child_share": 0.10552452526536829,
        "vulnerability_share_raw": 0.14236071409755488,
        "lst_median_c": 48.01908542000004,
        "lst_valid_fraction": 1.0,
        "ndvi_median_land": 0.1983879398677705,
        "green_fraction_land": 0.3776,
        "green_fraction_grid_legacy": 0.3776,
        "water_fraction_grid": 0.0,
        "sentinel_valid_fraction": 1.0,
        "spatial_heat_score": 0.6401273885350318,
        "temporal_severity_score": 0.5238709677419354,
        "hazard_score": 0.6052504622971029,
        "exposure_score": 0.9641245172125418,
        "vulnerability_score": 0.9999999551930329,
        "adaptive_capacity_score": 0.3776,
        "risk_score": 77.64913052605831,
        "risk_percentile_within_aoi": 0.9012738853503185,
        "hazard_contribution_points": 24.210018491884114,
        "exposure_contribution_points": 24.103112930313543,
        "vulnerability_contribution_points": 19.999999103860656,
        "adaptive_deficit_contribution_points": 9.336,
        "primary_driver": "hazard",
        "temporal_context_id": "era5-temporal:pilot_v1:2026-07-31T03Z",
        "source_ids": [
          "LC09_L2SP_119039_20260731_02_T1",
          "S2C_MSIL2A_20260731T023551_R089_T51RTP_20260731T060913",
          "chn_pop_2026_CN_100m_R2025A_v1.tif"
        ],
        "analysis_reasons": [],
        "landsat_quality_flag": "HIGH",
        "sentinel_quality_flag": "HIGH"
      }
    },
    {
      "type": "Feature",
      "id": "M4B-R-5EEC8B7710-G-R14-C19",
      "geometry": {
        "type": "Polygon",
        "coordinates": [
          [
            [
              120.17093924122098,
              30.265100875858636
            ],
            [
              120.1709410214906,
              30.267356033544722
            ],
            [
              120.16834298821362,
              30.26735755232219
            ],
            [
              120.16834126728622,
              30.265102394567748
            ],
            [
              120.17093924122098,
              30.265100875858636
            ]
          ]
        ]
      },
      "properties": {
        "grid_id": "M4B-R-5EEC8B7710-G-R14-C19",
        "row": 14,
        "column": 19,
        "analysis_status": "ANALYZABLE_LAND",
        "ranking_eligible": true,
        "source_mode": "REAL",
        "population_total": 839.2453401517371,
        "population_age_0_14": 88.56096732121098,
        "population_age_65_plus": 132.72468147493765,
        "elderly_share": 0.15814765376110493,
        "child_share": 0.10552452671968247,
        "vulnerability_share_raw": 0.1423607156486782,
        "lst_median_c": 51.390962150000036,
        "lst_valid_fraction": 1.0,
        "ndvi_median_land": 0.19592641863963162,
        "green_fraction_land": 0.3344,
        "green_fraction_grid_legacy": 0.3344,
        "water_fraction_grid": 0.0,
        "sentinel_valid_fraction": 1.0,
        "spatial_heat_score": 0.9840764331210191,
        "temporal_severity_score": 0.5238709677419354,
        "hazard_score": 0.846014793507294,
        "exposure_score": 0.8651070535899273,
        "vulnerability_score": 0.9999999940997839,
        "adaptive_capacity_score": 0.3344,
        "risk_score": 85.45226796203563,
        "risk_percentile_within_aoi": 0.9713375796178344,
        "hazard_contribution_points": 33.840591740291764,
        "exposure_contribution_points": 21.627676339748184,
        "vulnerability_contribution_points": 19.999999881995677,
        "adaptive_deficit_contribution_points": 9.984,
        "primary_driver": "hazard",
        "temporal_context_id": "era5-temporal:pilot_v1:2026-07-31T03Z",
        "source_ids": [
          "LC09_L2SP_119039_20260731_02_T1",
          "S2C_MSIL2A_20260731T023551_R089_T51RTP_20260731T060913",
          "chn_pop_2026_CN_100m_R2025A_v1.tif"
        ],
        "analysis_reasons": [],
        "landsat_quality_flag": "HIGH",
        "sentinel_quality_flag": "HIGH"
      }
    },
    {
      "type": "Feature",
      "id": "M4B-R-5EEC8B7710-G-R15-C00",
      "geometry": {
        "type": "Polygon",
        "coordinates": [
          [
            [
              120.12157837841637,
              30.2673760865594
            ],
            [
              120.12157903124164,
              30.26963124437081
            ],
            [
              120.11898093758724,
              30.26963178497717
            ],
            [
              120.11898034410973,
              30.26737662714142
            ],
            [
              120.12157837841637,
              30.2673760865594
            ]
          ]
        ]
      },
      "properties": {
        "grid_id": "M4B-R-5EEC8B7710-G-R15-C00",
        "row": 15,
        "column": 0,
        "analysis_status": "ANALYZABLE_LAND",
        "ranking_eligible": true,
        "source_mode": "REAL",
        "population_total": 908.0318113084537,
        "population_age_0_14": 101.00869701531084,
        "population_age_65_plus": 101.04098008856936,
        "elderly_share": 0.11127471398052843,
        "child_share": 0.11123916118066343,
        "vulnerability_share_raw": 0.11126404814056894,
        "lst_median_c": 47.58841490000003,
        "lst_valid_fraction": 1.0,
        "ndvi_median_land": 0.48868510714410174,
        "green_fraction_land": 0.728,
        "green_fraction_grid_legacy": 0.728,
        "water_fraction_grid": 0.0,
        "sentinel_valid_fraction": 1.0,
        "spatial_heat_score": 0.5700636942675159,
        "temporal_severity_score": 0.5238709677419354,
        "hazard_score": 0.5562058763098418,
        "exposure_score": 0.8817441514109394,
        "vulnerability_score": 0.22000378725396783,
        "adaptive_capacity_score": 0.728,
        "risk_score": 52.77191458274652,
        "risk_percentile_within_aoi": 0.48089171974522293,
        "hazard_contribution_points": 22.24823505239367,
        "exposure_contribution_points": 22.043603785273486,
        "vulnerability_contribution_points": 4.400075745079357,
        "adaptive_deficit_contribution_points": 4.08,
        "primary_driver": "hazard",
        "temporal_context_id": "era5-temporal:pilot_v1:2026-07-31T03Z",
        "source_ids": [
          "LC09_L2SP_119039_20260731_02_T1",
          "S2C_MSIL2A_20260731T023551_R089_T51RTP_20260731T060913",
          "chn_pop_2026_CN_100m_R2025A_v1.tif"
        ],
        "analysis_reasons": [],
        "landsat_quality_flag": "HIGH",
        "sentinel_quality_flag": "HIGH"
      }
    },
    {
      "type": "Feature",
      "id": "M4B-R-5EEC8B7710-G-R15-C01",
      "geometry": {
        "type": "Polygon",
        "coordinates": [
          [
            [
              120.12417641269322,
              30.267375494493375
            ],
            [
              120.12417712486622,
              30.26963065227815
            ],
            [
              120.12157903124164,
              30.26963124437081
            ],
            [
              120.12157837841637,
              30.2673760865594
            ],
            [
              120.12417641269322,
              30.267375494493375
            ]
          ]
        ]
      },
      "properties": {
        "grid_id": "M4B-R-5EEC8B7710-G-R15-C01",
        "row": 15,
        "column": 1,
        "analysis_status": "ANALYZABLE_LAND",
        "ranking_eligible": true,
        "source_mode": "REAL",
        "population_total": 1030.8692203797948,
        "population_age_0_14": 114.67303112583105,
        "population_age_65_plus": 114.70967679078899,
        "elderly_share": 0.11127471314792718,
        "child_share": 0.11123916483177468,
        "vulnerability_share_raw": 0.11126404865308143,
        "lst_median_c": 49.191466279999986,
        "lst_valid_fraction": 1.0,
        "ndvi_median_land": 0.3170084297939523,
        "green_fraction_land": 0.5312,
        "green_fraction_grid_legacy": 0.5312,
        "water_fraction_grid": 0.0,
        "sentinel_valid_fraction": 1.0,
        "spatial_heat_score": 0.7914012738853503,
        "temporal_severity_score": 0.5238709677419354,
        "hazard_score": 0.7111421820423258,
        "exposure_score": 0.9085430709218567,
        "vulnerability_score": 0.22000380010929385,
        "adaptive_capacity_score": 0.5312,
        "risk_score": 62.591340056925326,
        "risk_percentile_within_aoi": 0.7006369426751592,
        "hazard_contribution_points": 28.445687281693033,
        "exposure_contribution_points": 22.71357677304642,
        "vulnerability_contribution_points": 4.400076002185877,
        "adaptive_deficit_contribution_points": 7.032,
        "primary_driver": "hazard",
        "temporal_context_id": "era5-temporal:pilot_v1:2026-07-31T03Z",
        "source_ids": [
          "LC09_L2SP_119039_20260731_02_T1",
          "S2C_MSIL2A_20260731T023551_R089_T51RTP_20260731T060913",
          "chn_pop_2026_CN_100m_R2025A_v1.tif"
        ],
        "analysis_reasons": [],
        "landsat_quality_flag": "HIGH",
        "sentinel_quality_flag": "HIGH"
      }
    },
    {
      "type": "Feature",
      "id": "M4B-R-5EEC8B7710-G-R15-C02",
      "geometry": {
        "type": "Polygon",
        "coordinates": [
          [
            [
              120.12677444693755,
              30.26737485094337
            ],
            [
              120.12677521845829,
              30.26963000869916
            ],
            [
              120.12417712486622,
              30.26963065227815
            ],
            [
              120.12417641269322,
              30.267375494493375
            ],
            [
              120.12677444693755,
              30.26737485094337
            ]
          ]
        ]
      },
      "properties": {
        "grid_id": "M4B-R-5EEC8B7710-G-R15-C02",
        "row": 15,
        "column": 2,
        "analysis_status": "ANALYZABLE_LAND",
        "ranking_eligible": true,
        "source_mode": "REAL",
        "population_total": 1228.810433184208,
        "population_age_0_14": 136.69184088305536,
        "population_age_65_plus": 136.735530314849,
        "elderly_share": 0.11127471465271267,
        "child_share": 0.11123916040397439,
        "vulnerability_share_raw": 0.11126404837809119,
        "lst_median_c": 47.11672814000002,
        "lst_valid_fraction": 1.0,
        "ndvi_median_land": 0.3691007181615215,
        "green_fraction_land": 0.5936,
        "green_fraction_grid_legacy": 0.5936,
        "water_fraction_grid": 0.0,
        "sentinel_valid_fraction": 1.0,
        "spatial_heat_score": 0.5159235668789809,
        "temporal_severity_score": 0.5238709677419354,
        "hazard_score": 0.5183077871378672,
        "exposure_score": 0.9456475937801884,
        "vulnerability_score": 0.220003793211727,
        "adaptive_capacity_score": 0.5936,
        "risk_score": 54.869577194253935,
        "risk_percentile_within_aoi": 0.5286624203821656,
        "hazard_contribution_points": 20.732311485514686,
        "exposure_contribution_points": 23.64118984450471,
        "vulnerability_contribution_points": 4.40007586423454,
        "adaptive_deficit_contribution_points": 6.096,
        "primary_driver": "exposure",
        "temporal_context_id": "era5-temporal:pilot_v1:2026-07-31T03Z",
        "source_ids": [
          "LC09_L2SP_119039_20260731_02_T1",
          "S2C_MSIL2A_20260731T023551_R089_T51RTP_20260731T060913",
          "chn_pop_2026_CN_100m_R2025A_v1.tif"
        ],
        "analysis_reasons": [],
        "landsat_quality_flag": "HIGH",
        "sentinel_quality_flag": "HIGH"
      }
    },
    {
      "type": "Feature",
      "id": "M4B-R-5EEC8B7710-G-R15-C03",
      "geometry": {
        "type": "Polygon",
        "coordinates": [
          [
            [
              120.12937248114665,
              30.26737415590936
            ],
            [
              120.1293733120151,
              30.26962931363387
            ],
            [
              120.12677521845829,
              30.26963000869916
            ],
            [
              120.12677444693755,
              30.26737485094337
            ],
            [
              120.12937248114665,
              30.26737415590936
            ]
          ]
        ]
      },
      "properties": {
        "grid_id": "M4B-R-5EEC8B7710-G-R15-C03",
        "row": 15,
        "column": 3,
        "analysis_status": "ANALYZABLE_LAND",
        "ranking_eligible": true,
        "source_mode": "REAL",
        "population_total": 851.9731063180983,
        "population_age_0_14": 94.77277166363194,
        "population_age_65_plus": 94.80306648010729,
        "elderly_share": 0.1112747172147368,
        "child_share": 0.11123915879599015,
        "vulnerability_share_raw": 0.11126404968911281,
        "lst_median_c": 49.485416000000015,
        "lst_valid_fraction": 1.0,
        "ndvi_median_land": 0.1330934159130746,
        "green_fraction_land": 0.32,
        "green_fraction_grid_legacy": 0.32,
        "water_fraction_grid": 0.0,
        "sentinel_valid_fraction": 1.0,
        "spatial_heat_score": 0.8375796178343949,
        "temporal_severity_score": 0.5238709677419354,
        "hazard_score": 0.7434670228066571,
        "exposure_score": 0.8682858048317015,
        "vulnerability_score": 0.22000382609601898,
        "adaptive_capacity_score": 0.32,
        "risk_score": 66.04590255497921,
        "risk_percentile_within_aoi": 0.7643312101910829,
        "hazard_contribution_points": 29.738680912266283,
        "exposure_contribution_points": 21.707145120792536,
        "vulnerability_contribution_points": 4.400076521920379,
        "adaptive_deficit_contribution_points": 10.2,
        "primary_driver": "hazard",
        "temporal_context_id": "era5-temporal:pilot_v1:2026-07-31T03Z",
        "source_ids": [
          "LC09_L2SP_119039_20260731_02_T1",
          "S2C_MSIL2A_20260731T023551_R089_T51RTP_20260731T060913",
          "chn_pop_2026_CN_100m_R2025A_v1.tif"
        ],
        "analysis_reasons": [],
        "landsat_quality_flag": "HIGH",
        "sentinel_quality_flag": "HIGH"
      }
    },
    {
      "type": "Feature",
      "id": "M4B-R-5EEC8B7710-G-R15-C04",
      "geometry": {
        "type": "Polygon",
        "coordinates": [
          [
            [
              120.1319705153178,
              30.26737340939136
            ],
            [
              120.13197140553399,
              30.26962856708227
            ],
            [
              120.1293733120151,
              30.26962931363387
            ],
            [
              120.12937248114665,
              30.26737415590936
            ],
            [
              120.1319705153178,
              30.26737340939136
            ]
          ]
        ]
      },
      "properties": {
        "grid_id": "M4B-R-5EEC8B7710-G-R15-C04",
        "row": 15,
        "column": 4,
        "analysis_status": "ANALYZABLE_LAND",
        "ranking_eligible": true,
        "source_mode": "REAL",
        "population_total": 1035.0487455318366,
        "population_age_0_14": 115.13795608392897,
        "population_age_65_plus": 115.17475361019251,
        "elderly_share": 0.11127471445899154,
        "child_share": 0.1112391629678928,
        "vulnerability_share_raw": 0.11126404901166191,
        "lst_median_c": 49.63580888000001,
        "lst_valid_fraction": 1.0,
        "ndvi_median_land": 0.07558443712765356,
        "green_fraction_land": 0.224,
        "green_fraction_grid_legacy": 0.224,
        "water_fraction_grid": 0.0,
        "sentinel_valid_fraction": 1.0,
        "spatial_heat_score": 0.8630573248407644,
        "temporal_severity_score": 0.5238709677419354,
        "hazard_score": 0.7613014177111157,
        "exposure_score": 0.9093977506324625,
        "vulnerability_score": 0.2200038091035508,
        "adaptive_capacity_score": 0.224,
        "risk_score": 69.22707665632721,
        "risk_percentile_within_aoi": 0.8152866242038217,
        "hazard_contribution_points": 30.45205670844463,
        "exposure_contribution_points": 22.734943765811565,
        "vulnerability_contribution_points": 4.400076182071016,
        "adaptive_deficit_contribution_points": 11.64,
        "primary_driver": "hazard",
        "temporal_context_id": "era5-temporal:pilot_v1:2026-07-31T03Z",
        "source_ids": [
          "LC09_L2SP_119039_20260731_02_T1",
          "S2C_MSIL2A_20260731T023551_R089_T51RTP_20260731T060913",
          "chn_pop_2026_CN_100m_R2025A_v1.tif"
        ],
        "analysis_reasons": [],
        "landsat_quality_flag": "HIGH",
        "sentinel_quality_flag": "HIGH"
      }
    },
    {
      "type": "Feature",
      "id": "M4B-R-5EEC8B7710-G-R15-C05",
      "geometry": {
        "type": "Polygon",
        "coordinates": [
          [
            [
              120.13456854944833,
              30.267372611389405
            ],
            [
              120.13456949901222,
              30.26962776904437
            ],
            [
              120.13197140553399,
              30.26962856708227
            ],
            [
              120.1319705153178,
              30.26737340939136
            ],
            [
              120.13456854944833,
              30.267372611389405
            ]
          ]
        ]
      },
      "properties": {
        "grid_id": "M4B-R-5EEC8B7710-G-R15-C05",
        "row": 15,
        "column": 5,
        "analysis_status": "ANALYZABLE_LAND",
        "ranking_eligible": true,
        "source_mode": "REAL",
        "population_total": 1124.2000899802995,
        "population_age_0_14": 125.05507659452078,
        "population_age_65_plus": 125.09504300504678,
        "elderly_share": 0.11127471356743883,
        "child_share": 0.11123916259134284,
        "vulnerability_share_raw": 0.11126404827461002,
        "lst_median_c": 47.18167052000001,
        "lst_valid_fraction": 1.0,
        "ndvi_median_land": 0.12684731059413817,
        "green_fraction_land": 0.2976,
        "green_fraction_grid_legacy": 0.2976,
        "water_fraction_grid": 0.0,
        "sentinel_valid_fraction": 1.0,
        "spatial_heat_score": 0.5222929936305732,
        "temporal_severity_score": 0.5238709677419354,
        "hazard_score": 0.5227663858639818,
        "exposure_score": 0.9268511006410868,
        "vulnerability_score": 0.22000379061611386,
        "adaptive_capacity_score": 0.2976,
        "risk_score": 59.01800876290872,
        "risk_percentile_within_aoi": 0.6114649681528662,
        "hazard_contribution_points": 20.910655434559274,
        "exposure_contribution_points": 23.17127751602717,
        "vulnerability_contribution_points": 4.400075812322277,
        "adaptive_deficit_contribution_points": 10.536,
        "primary_driver": "exposure",
        "temporal_context_id": "era5-temporal:pilot_v1:2026-07-31T03Z",
        "source_ids": [
          "LC09_L2SP_119039_20260731_02_T1",
          "S2C_MSIL2A_20260731T023551_R089_T51RTP_20260731T060913",
          "chn_pop_2026_CN_100m_R2025A_v1.tif"
        ],
        "analysis_reasons": [],
        "landsat_quality_flag": "HIGH",
        "sentinel_quality_flag": "HIGH"
      }
    },
    {
      "type": "Feature",
      "id": "M4B-R-5EEC8B7710-G-R15-C06",
      "geometry": {
        "type": "Polygon",
        "coordinates": [
          [
            [
              120.1371665835355,
              30.267371761903437
            ],
            [
              120.13716759244711,
              30.26962691952016
            ],
            [
              120.13456949901222,
              30.26962776904437
            ],
            [
              120.13456854944833,
              30.267372611389405
            ],
            [
              120.1371665835355,
              30.267371761903437
            ]
          ]
        ]
      },
      "properties": {
        "grid_id": "M4B-R-5EEC8B7710-G-R15-C06",
        "row": 15,
        "column": 6,
        "analysis_status": "ANALYZABLE_LAND",
        "ranking_eligible": true,
        "source_mode": "REAL",
        "population_total": 868.5614637670038,
        "population_age_0_14": 96.61805109415401,
        "population_age_65_plus": 96.64892943871652,
        "elderly_share": 0.11127471511289971,
        "child_share": 0.11123916397938685,
        "vulnerability_share_raw": 0.11126404977284586,
        "lst_median_c": 46.52882870000002,
        "lst_valid_fraction": 1.0,
        "ndvi_median_land": 0.29796976219876226,
        "green_fraction_land": 0.4976,
        "green_fraction_grid_legacy": 0.4976,
        "water_fraction_grid": 0.0,
        "sentinel_valid_fraction": 1.0,
        "spatial_heat_score": 0.47611464968152867,
        "temporal_severity_score": 0.5238709677419354,
        "hazard_score": 0.49044154509965066,
        "exposure_score": 0.8723582761158346,
        "vulnerability_score": 0.22000382819629097,
        "adaptive_capacity_score": 0.4976,
        "risk_score": 53.36269527080771,
        "risk_percentile_within_aoi": 0.49363057324840764,
        "hazard_contribution_points": 19.617661803986024,
        "exposure_contribution_points": 21.808956902895865,
        "vulnerability_contribution_points": 4.400076563925819,
        "adaptive_deficit_contribution_points": 7.536,
        "primary_driver": "exposure",
        "temporal_context_id": "era5-temporal:pilot_v1:2026-07-31T03Z",
        "source_ids": [
          "LC09_L2SP_119039_20260731_02_T1",
          "S2C_MSIL2A_20260731T023551_R089_T51RTP_20260731T060913",
          "chn_pop_2026_CN_100m_R2025A_v1.tif"
        ],
        "analysis_reasons": [],
        "landsat_quality_flag": "HIGH",
        "sentinel_quality_flag": "HIGH"
      }
    },
    {
      "type": "Feature",
      "id": "M4B-R-5EEC8B7710-G-R15-C07",
      "geometry": {
        "type": "Polygon",
        "coordinates": [
          [
            [
              120.13976461757662,
              30.26737086093349
            ],
            [
              120.1397656858359,
              30.269626018509648
            ],
            [
              120.13716759244711,
              30.26962691952016
            ],
            [
              120.1371665835355,
              30.267371761903437
            ],
            [
              120.13976461757662,
              30.26737086093349
            ]
          ]
        ]
      },
      "properties": {
        "grid_id": "M4B-R-5EEC8B7710-G-R15-C07",
        "row": 15,
        "column": 7,
        "analysis_status": "ANALYZABLE_LAND",
        "ranking_eligible": true,
        "source_mode": "REAL",
        "population_total": 730.8135328319665,
        "population_age_0_14": 81.2950837590836,
        "population_age_65_plus": 81.3210695551734,
        "elderly_share": 0.11127471769720398,
        "child_share": 0.11123916034238997,
        "vulnerability_share_raw": 0.11126405049075977,
        "lst_median_c": 45.597418250000004,
        "lst_valid_fraction": 1.0,
        "ndvi_median_land": 0.5248593323442274,
        "green_fraction_land": 0.752,
        "green_fraction_grid_legacy": 0.752,
        "water_fraction_grid": 0.0,
        "sentinel_valid_fraction": 1.0,
        "spatial_heat_score": 0.39490445859872614,
        "temporal_severity_score": 0.5238709677419354,
        "hazard_score": 0.43359441134168886,
        "exposure_score": 0.8358933112582199,
        "vulnerability_score": 0.22000384620369082,
        "adaptive_capacity_score": 0.752,
        "risk_score": 46.36118615919686,
        "risk_percentile_within_aoi": 0.39490445859872614,
        "hazard_contribution_points": 17.343776453667555,
        "exposure_contribution_points": 20.897332781455496,
        "vulnerability_contribution_points": 4.400076924073816,
        "adaptive_deficit_contribution_points": 3.7199999999999998,
        "primary_driver": "exposure",
        "temporal_context_id": "era5-temporal:pilot_v1:2026-07-31T03Z",
        "source_ids": [
          "LC09_L2SP_119039_20260731_02_T1",
          "S2C_MSIL2A_20260731T023551_R089_T51RTP_20260731T060913",
          "chn_pop_2026_CN_100m_R2025A_v1.tif"
        ],
        "analysis_reasons": [],
        "landsat_quality_flag": "HIGH",
        "sentinel_quality_flag": "HIGH"
      }
    },
    {
      "type": "Feature",
      "id": "M4B-R-5EEC8B7710-G-R15-C08",
      "geometry": {
        "type": "Polygon",
        "coordinates": [
          [
            [
              120.14236265156894,
              30.26736990847956
            ],
            [
              120.14236377917594,
              30.269625066012857
            ],
            [
              120.1397656858359,
              30.269626018509648
            ],
            [
              120.13976461757662,
              30.26737086093349
            ],
            [
              120.14236265156894,
              30.26736990847956
            ]
          ]
        ]
      },
      "properties": {
        "grid_id": "M4B-R-5EEC8B7710-G-R15-C08",
        "row": 15,
        "column": 8,
        "analysis_status": "ANALYZABLE_LAND",
        "ranking_eligible": true,
        "source_mode": "REAL",
        "population_total": 928.5593483375853,
        "population_age_0_14": 103.29216418910356,
        "population_age_65_plus": 103.32517447446901,
        "elderly_share": 0.11127471244509435,
        "child_share": 0.11123916244452137,
        "vulnerability_share_raw": 0.11126404744492245,
        "lst_median_c": 47.593541930000015,
        "lst_valid_fraction": 1.0,
        "ndvi_median_land": 0.5610217943032343,
        "green_fraction_land": 0.8048,
        "green_fraction_grid_legacy": 0.8048,
        "water_fraction_grid": 0.0,
        "sentinel_valid_fraction": 1.0,
        "spatial_heat_score": 0.5732484076433121,
        "temporal_severity_score": 0.5238709677419354,
        "hazard_score": 0.558435175672899,
        "exposure_score": 0.8864656393990219,
        "vulnerability_score": 0.2200037698051007,
        "adaptive_capacity_score": 0.8048,
        "risk_score": 51.827123407993525,
        "risk_percentile_within_aoi": 0.4554140127388535,
        "hazard_contribution_points": 22.33740702691596,
        "exposure_contribution_points": 22.16164098497555,
        "vulnerability_contribution_points": 4.400075396102014,
        "adaptive_deficit_contribution_points": 2.928000000000001,
        "primary_driver": "hazard",
        "temporal_context_id": "era5-temporal:pilot_v1:2026-07-31T03Z",
        "source_ids": [
          "LC09_L2SP_119039_20260731_02_T1",
          "S2C_MSIL2A_20260731T023551_R089_T51RTP_20260731T060913",
          "chn_pop_2026_CN_100m_R2025A_v1.tif"
        ],
        "analysis_reasons": [],
        "landsat_quality_flag": "HIGH",
        "sentinel_quality_flag": "HIGH"
      }
    },
    {
      "type": "Feature",
      "id": "M4B-R-5EEC8B7710-G-R15-C09",
      "geometry": {
        "type": "Polygon",
        "coordinates": [
          [
            [
              120.14496068550979,
              30.26736890454166
            ],
            [
              120.14496187246448,
              30.269624062029756
            ],
            [
              120.14236377917594,
              30.269625066012857
            ],
            [
              120.14236265156894,
              30.26736990847956
            ],
            [
              120.14496068550979,
              30.26736890454166
            ]
          ]
        ]
      },
      "properties": {
        "grid_id": "M4B-R-5EEC8B7710-G-R15-C09",
        "row": 15,
        "column": 9,
        "analysis_status": "ANALYZABLE_LAND",
        "ranking_eligible": true,
        "source_mode": "REAL",
        "population_total": 1150.5558351490083,
        "population_age_0_14": 127.98686490016323,
        "population_age_65_plus": 128.02776807552112,
        "elderly_share": 0.11127471102603227,
        "child_share": 0.11123916023040087,
        "vulnerability_share_raw": 0.11126404578734285,
        "lst_median_c": 47.86698353000003,
        "lst_valid_fraction": 1.0,
        "ndvi_median_land": 0.3441777116493789,
        "green_fraction_land": 0.5632,
        "green_fraction_grid_legacy": 0.5632,
        "water_fraction_grid": 0.0,
        "sentinel_valid_fraction": 1.0,
        "spatial_heat_score": 0.6050955414012739,
        "temporal_severity_score": 0.5238709677419354,
        "hazard_score": 0.5807281693034723,
        "exposure_score": 0.9317464917033773,
        "vulnerability_score": 0.22000372822811176,
        "adaptive_capacity_score": 0.5632,
        "risk_score": 57.474863629285565,
        "risk_percentile_within_aoi": 0.5764331210191083,
        "hazard_contribution_points": 23.22912677213889,
        "exposure_contribution_points": 23.293662292584433,
        "vulnerability_contribution_points": 4.400074564562235,
        "adaptive_deficit_contribution_points": 6.552,
        "primary_driver": "exposure",
        "temporal_context_id": "era5-temporal:pilot_v1:2026-07-31T03Z",
        "source_ids": [
          "LC09_L2SP_119039_20260731_02_T1",
          "S2C_MSIL2A_20260731T023551_R089_T51RTP_20260731T060913",
          "chn_pop_2026_CN_100m_R2025A_v1.tif"
        ],
        "analysis_reasons": [],
        "landsat_quality_flag": "HIGH",
        "sentinel_quality_flag": "HIGH"
      }
    },
    {
      "type": "Feature",
      "id": "M4B-R-5EEC8B7710-G-R15-C10",
      "geometry": {
        "type": "Polygon",
        "coordinates": [
          [
            [
              120.14755871939646,
              30.267367849119797
            ],
            [
              120.14755996569882,
              30.269623006560376
            ],
            [
              120.14496187246448,
              30.269624062029756
            ],
            [
              120.14496068550979,
              30.26736890454166
            ],
            [
              120.14755871939646,
              30.267367849119797
            ]
          ]
        ]
      },
      "properties": {
        "grid_id": "M4B-R-5EEC8B7710-G-R15-C10",
        "row": 15,
        "column": 10,
        "analysis_status": "ANALYZABLE_LAND",
        "ranking_eligible": true,
        "source_mode": "REAL",
        "population_total": 767.0107644092866,
        "population_age_0_14": 85.32163471987964,
        "population_age_65_plus": 85.34890284181196,
        "elderly_share": 0.11127471321415343,
        "child_share": 0.1112391620547726,
        "vulnerability_share_raw": 0.11126404786633919,
        "lst_median_c": 44.038801130000024,
        "lst_valid_fraction": 1.0,
        "ndvi_median_land": 0.8142759831609334,
        "green_fraction_land": 0.8816,
        "green_fraction_grid_legacy": 0.8816,
        "water_fraction_grid": 0.0,
        "sentinel_valid_fraction": 1.0,
        "spatial_heat_score": 0.34076433121019106,
        "temporal_severity_score": 0.5238709677419354,
        "hazard_score": 0.39569632216971434,
        "exposure_score": 0.8461010249239589,
        "vulnerability_score": 0.22000378037547627,
        "adaptive_capacity_score": 0.8816,
        "risk_score": 43.15645411739707,
        "risk_percentile_within_aoi": 0.3535031847133758,
        "hazard_contribution_points": 15.827852886788573,
        "exposure_contribution_points": 21.152525623098974,
        "vulnerability_contribution_points": 4.4000756075095255,
        "adaptive_deficit_contribution_points": 1.7759999999999994,
        "primary_driver": "exposure",
        "temporal_context_id": "era5-temporal:pilot_v1:2026-07-31T03Z",
        "source_ids": [
          "LC09_L2SP_119039_20260731_02_T1",
          "S2C_MSIL2A_20260731T023551_R089_T51RTP_20260731T060913",
          "chn_pop_2026_CN_100m_R2025A_v1.tif"
        ],
        "analysis_reasons": [],
        "landsat_quality_flag": "HIGH",
        "sentinel_quality_flag": "HIGH"
      }
    },
    {
      "type": "Feature",
      "id": "M4B-R-5EEC8B7710-G-R15-C11",
      "geometry": {
        "type": "Polygon",
        "coordinates": [
          [
            [
              120.1501567532262,
              30.267366742213945
            ],
            [
              120.15015805887626,
              30.26962189960469
            ],
            [
              120.14755996569882,
              30.269623006560376
            ],
            [
              120.14755871939646,
              30.267367849119797
            ],
            [
              120.1501567532262,
              30.267366742213945
            ]
          ]
        ]
      },
      "properties": {
        "grid_id": "M4B-R-5EEC8B7710-G-R15-C11",
        "row": 15,
        "column": 11,
        "analysis_status": "ANALYZABLE_LAND",
        "ranking_eligible": true,
        "source_mode": "REAL",
        "population_total": 1013.319193736631,
        "population_age_0_14": 112.72077653996124,
        "population_age_65_plus": 112.75680448742156,
        "elderly_share": 0.1112747150003436,
        "child_share": 0.11123916060871357,
        "vulnerability_share_raw": 0.11126404868285457,
        "lst_median_c": 47.15603537000004,
        "lst_valid_fraction": 1.0,
        "ndvi_median_land": 0.5732221634233546,
        "green_fraction_land": 0.8032,
        "green_fraction_grid_legacy": 0.8032,
        "water_fraction_grid": 0.0,
        "sentinel_valid_fraction": 1.0,
        "spatial_heat_score": 0.5191082802547771,
        "temporal_severity_score": 0.5238709677419354,
        "hazard_score": 0.5205370865009246,
        "exposure_score": 0.9049160340148413,
        "vulnerability_score": 0.22000380085609214,
        "adaptive_capacity_score": 0.8032,
        "risk_score": 50.79646032752986,
        "risk_percentile_within_aoi": 0.445859872611465,
        "hazard_contribution_points": 20.821483460036983,
        "exposure_contribution_points": 22.622900850371032,
        "vulnerability_contribution_points": 4.400076017121843,
        "adaptive_deficit_contribution_points": 2.9519999999999995,
        "primary_driver": "exposure",
        "temporal_context_id": "era5-temporal:pilot_v1:2026-07-31T03Z",
        "source_ids": [
          "LC09_L2SP_119039_20260731_02_T1",
          "S2C_MSIL2A_20260731T023551_R089_T51RTP_20260731T060913",
          "chn_pop_2026_CN_100m_R2025A_v1.tif"
        ],
        "analysis_reasons": [],
        "landsat_quality_flag": "HIGH",
        "sentinel_quality_flag": "HIGH"
      }
    },
    {
      "type": "Feature",
      "id": "M4B-R-5EEC8B7710-G-R15-C12",
      "geometry": {
        "type": "Polygon",
        "coordinates": [
          [
            [
              120.15275478699635,
              30.267365583824134
            ],
            [
              120.15275615199407,
              30.269620741162736
            ],
            [
              120.15015805887626,
              30.26962189960469
            ],
            [
              120.1501567532262,
              30.267366742213945
            ],
            [
              120.15275478699635,
              30.267365583824134
            ]
          ]
        ]
      },
      "properties": {
        "grid_id": "M4B-R-5EEC8B7710-G-R15-C12",
        "row": 15,
        "column": 12,
        "analysis_status": "ANALYZABLE_LAND",
        "ranking_eligible": true,
        "source_mode": "REAL",
        "population_total": 1232.5759773365128,
        "population_age_0_14": 134.1656611428786,
        "population_age_65_plus": 161.3106603528087,
        "elderly_share": 0.13087279268689522,
        "child_share": 0.10884981016164105,
        "vulnerability_share_raw": 0.12426589792931898,
        "lst_median_c": 46.64162336000004,
        "lst_valid_fraction": 1.0,
        "ndvi_median_land": 0.401319141987049,
        "green_fraction_land": 0.6224,
        "green_fraction_grid_legacy": 0.6224,
        "water_fraction_grid": 0.0,
        "sentinel_valid_fraction": 1.0,
        "spatial_heat_score": 0.4840764331210191,
        "temporal_severity_score": 0.5238709677419354,
        "hazard_score": 0.49601479350729394,
        "exposure_score": 0.9462939987805992,
        "vulnerability_score": 0.5461285565579288,
        "adaptive_capacity_score": 0.6224,
        "risk_score": 60.08451284096532,
        "risk_percentile_within_aoi": 0.6401273885350318,
        "hazard_contribution_points": 19.840591740291757,
        "exposure_contribution_points": 23.65734996951498,
        "vulnerability_contribution_points": 10.922571131158577,
        "adaptive_deficit_contribution_points": 5.664000000000001,
        "primary_driver": "exposure",
        "temporal_context_id": "era5-temporal:pilot_v1:2026-07-31T03Z",
        "source_ids": [
          "LC09_L2SP_119039_20260731_02_T1",
          "S2C_MSIL2A_20260731T023551_R089_T51RTP_20260731T060913",
          "chn_pop_2026_CN_100m_R2025A_v1.tif"
        ],
        "analysis_reasons": [],
        "landsat_quality_flag": "HIGH",
        "sentinel_quality_flag": "HIGH"
      }
    },
    {
      "type": "Feature",
      "id": "M4B-R-5EEC8B7710-G-R15-C13",
      "geometry": {
        "type": "Polygon",
        "coordinates": [
          [
            [
              120.15535282070417,
              30.26736437395036
            ],
            [
              120.15535424504954,
              30.269619531234486
            ],
            [
              120.15275615199407,
              30.269620741162736
            ],
            [
              120.15275478699635,
              30.267365583824134
            ],
            [
              120.15535282070417,
              30.26736437395036
            ]
          ]
        ]
      },
      "properties": {
        "grid_id": "M4B-R-5EEC8B7710-G-R15-C13",
        "row": 15,
        "column": 13,
        "analysis_status": "ANALYZABLE_LAND",
        "ranking_eligible": true,
        "source_mode": "REAL",
        "population_total": 1466.9104112990485,
        "population_age_0_14": 154.79502625875526,
        "population_age_65_plus": 231.98844408677755,
        "elderly_share": 0.15814765666659633,
        "child_share": 0.10552452628765091,
        "vulnerability_share_raw": 0.14236071755291269,
        "lst_median_c": 50.80648073000003,
        "lst_valid_fraction": 1.0,
        "ndvi_median_land": 0.27387164898407174,
        "green_fraction_land": 0.456,
        "green_fraction_grid_legacy": 0.456,
        "water_fraction_grid": 0.0,
        "sentinel_valid_fraction": 1.0,
        "spatial_heat_score": 0.9585987261146497,
        "temporal_severity_score": 0.5238709677419354,
        "hazard_score": 0.8281803986028354,
        "exposure_score": 0.9830675283464568,
        "vulnerability_score": 1.0,
        "adaptive_capacity_score": 0.456,
        "risk_score": 85.86390415277484,
        "risk_percentile_within_aoi": 0.9745222929936306,
        "hazard_contribution_points": 33.127215944113416,
        "exposure_contribution_points": 24.57668820866142,
        "vulnerability_contribution_points": 20.0,
        "adaptive_deficit_contribution_points": 8.16,
        "primary_driver": "hazard",
        "temporal_context_id": "era5-temporal:pilot_v1:2026-07-31T03Z",
        "source_ids": [
          "LC09_L2SP_119039_20260731_02_T1",
          "S2C_MSIL2A_20260731T023551_R089_T51RTP_20260731T060913",
          "chn_pop_2026_CN_100m_R2025A_v1.tif"
        ],
        "analysis_reasons": [],
        "landsat_quality_flag": "HIGH",
        "sentinel_quality_flag": "HIGH"
      }
    },
    {
      "type": "Feature",
      "id": "M4B-R-5EEC8B7710-G-R15-C14",
      "geometry": {
        "type": "Polygon",
        "coordinates": [
          [
            [
              120.15795085434695,
              30.267363112592626
            ],
            [
              120.15795233803996,
              30.269618269819976
            ],
            [
              120.15535424504954,
              30.269619531234486
            ],
            [
              120.15535282070417,
              30.26736437395036
            ],
            [
              120.15795085434695,
              30.267363112592626
            ]
          ]
        ]
      },
      "properties": {
        "grid_id": "M4B-R-5EEC8B7710-G-R15-C14",
        "row": 15,
        "column": 14,
        "analysis_status": "ANALYZABLE_LAND",
        "ranking_eligible": true,
        "source_mode": "REAL",
        "population_total": 1533.3561293755356,
        "population_age_0_14": 161.80667970279612,
        "population_age_65_plus": 242.49667259080275,
        "elderly_share": 0.1581476526849378,
        "child_share": 0.10552452662689157,
        "vulnerability_share_raw": 0.14236071486752394,
        "lst_median_c": 50.94661955000004,
        "lst_valid_fraction": 1.0,
        "ndvi_median_land": 0.22258046142919108,
        "green_fraction_land": 0.32,
        "green_fraction_grid_legacy": 0.32,
        "water_fraction_grid": 0.0,
        "sentinel_valid_fraction": 1.0,
        "spatial_heat_score": 0.964968152866242,
        "temporal_severity_score": 0.5238709677419354,
        "hazard_score": 0.8326389973289501,
        "exposure_score": 0.9924280023774146,
        "vulnerability_score": 0.9999999745061295,
        "adaptive_capacity_score": 0.32,
        "risk_score": 88.31625944271596,
        "risk_percentile_within_aoi": 0.9936305732484076,
        "hazard_contribution_points": 33.305559893158005,
        "exposure_contribution_points": 24.810700059435366,
        "vulnerability_contribution_points": 19.99999949012259,
        "adaptive_deficit_contribution_points": 10.2,
        "primary_driver": "hazard",
        "temporal_context_id": "era5-temporal:pilot_v1:2026-07-31T03Z",
        "source_ids": [
          "LC09_L2SP_119039_20260731_02_T1",
          "S2C_MSIL2A_20260731T023551_R089_T51RTP_20260731T060913",
          "chn_pop_2026_CN_100m_R2025A_v1.tif"
        ],
        "analysis_reasons": [],
        "landsat_quality_flag": "HIGH",
        "sentinel_quality_flag": "HIGH"
      }
    },
    {
      "type": "Feature",
      "id": "M4B-R-5EEC8B7710-G-R15-C15",
      "geometry": {
        "type": "Polygon",
        "coordinates": [
          [
            [
              120.16054888792202,
              30.267361799750944
            ],
            [
              120.16055043096266,
              30.269616956919183
            ],
            [
              120.15795233803996,
              30.269618269819976
            ],
            [
              120.15795085434695,
              30.267363112592626
            ],
            [
              120.16054888792202,
              30.267361799750944
            ]
          ]
        ]
      },
      "properties": {
        "grid_id": "M4B-R-5EEC8B7710-G-R15-C15",
        "row": 15,
        "column": 15,
        "analysis_status": "ANALYZABLE_LAND",
        "ranking_eligible": true,
        "source_mode": "REAL",
        "population_total": 1549.1622230573944,
        "population_age_0_14": 163.4746105380145,
        "population_age_65_plus": 244.9963709359506,
        "elderly_share": 0.15814765380247323,
        "child_share": 0.10552452680868012,
        "vulnerability_share_raw": 0.14236071570433528,
        "lst_median_c": 48.20365850000002,
        "lst_valid_fraction": 1.0,
        "ndvi_median_land": 0.1668252763336807,
        "green_fraction_land": 0.3232,
        "green_fraction_grid_legacy": 0.3232,
        "water_fraction_grid": 0.0,
        "sentinel_valid_fraction": 1.0,
        "spatial_heat_score": 0.6528662420382165,
        "temporal_severity_score": 0.5238709677419354,
        "hazard_score": 0.6141676597493322,
        "exposure_score": 0.9945949587144504,
        "vulnerability_score": 0.999999995495828,
        "adaptive_capacity_score": 0.3232,
        "risk_score": 79.58358026775112,
        "risk_percentile_within_aoi": 0.9363057324840764,
        "hazard_contribution_points": 24.566706389973287,
        "exposure_contribution_points": 24.86487396786126,
        "vulnerability_contribution_points": 19.99999990991656,
        "adaptive_deficit_contribution_points": 10.152000000000001,
        "primary_driver": "exposure",
        "temporal_context_id": "era5-temporal:pilot_v1:2026-07-31T03Z",
        "source_ids": [
          "LC09_L2SP_119039_20260731_02_T1",
          "S2C_MSIL2A_20260731T023551_R089_T51RTP_20260731T060913",
          "chn_pop_2026_CN_100m_R2025A_v1.tif"
        ],
        "analysis_reasons": [],
        "landsat_quality_flag": "HIGH",
        "sentinel_quality_flag": "HIGH"
      }
    },
    {
      "type": "Feature",
      "id": "M4B-R-5EEC8B7710-G-R15-C16",
      "geometry": {
        "type": "Polygon",
        "coordinates": [
          [
            [
              120.16314692142662,
              30.26736043542531
            ],
            [
              120.1631485238149,
              30.26961559253212
            ],
            [
              120.16055043096266,
              30.269616956919183
            ],
            [
              120.16054888792202,
              30.267361799750944
            ],
            [
              120.16314692142662,
              30.26736043542531
            ]
          ]
        ]
      },
      "properties": {
        "grid_id": "M4B-R-5EEC8B7710-G-R15-C16",
        "row": 15,
        "column": 16,
        "analysis_status": "ANALYZABLE_LAND",
        "ranking_eligible": true,
        "source_mode": "REAL",
        "population_total": 1593.509716213257,
        "population_age_0_14": 168.15435853126976,
        "population_age_65_plus": 252.0098229915225,
        "elderly_share": 0.15814765384072274,
        "child_share": 0.10552452665984619,
        "vulnerability_share_raw": 0.14236071568645978,
        "lst_median_c": 49.68366116000004,
        "lst_valid_fraction": 1.0,
        "ndvi_median_land": 0.2774907685613224,
        "green_fraction_land": 0.4432,
        "green_fraction_grid_legacy": 0.4432,
        "water_fraction_grid": 0.0,
        "sentinel_valid_fraction": 1.0,
        "spatial_heat_score": 0.8662420382165605,
        "temporal_severity_score": 0.5238709677419354,
        "hazard_score": 0.763530717074173,
        "exposure_score": 1.0,
        "vulnerability_score": 0.9999999950474575,
        "adaptive_capacity_score": 0.4432,
        "risk_score": 83.89322858391607,
        "risk_percentile_within_aoi": 0.9617834394904459,
        "hazard_contribution_points": 30.541228682966917,
        "exposure_contribution_points": 25.0,
        "vulnerability_contribution_points": 19.99999990094915,
        "adaptive_deficit_contribution_points": 8.352,
        "primary_driver": "hazard",
        "temporal_context_id": "era5-temporal:pilot_v1:2026-07-31T03Z",
        "source_ids": [
          "LC09_L2SP_119039_20260731_02_T1",
          "S2C_MSIL2A_20260731T023551_R089_T51RTP_20260731T060913",
          "chn_pop_2026_CN_100m_R2025A_v1.tif"
        ],
        "analysis_reasons": [],
        "landsat_quality_flag": "HIGH",
        "sentinel_quality_flag": "HIGH"
      }
    },
    {
      "type": "Feature",
      "id": "M4B-R-5EEC8B7710-G-R15-C17",
      "geometry": {
        "type": "Polygon",
        "coordinates": [
          [
            [
              120.16574495485806,
              30.267359019615725
            ],
            [
              120.16574661659396,
              30.269614176658788
            ],
            [
              120.1631485238149,
              30.26961559253212
            ],
            [
              120.16314692142662,
              30.26736043542531
            ],
            [
              120.16574495485806,
              30.267359019615725
            ]
          ]
        ]
      },
      "properties": {
        "grid_id": "M4B-R-5EEC8B7710-G-R15-C17",
        "row": 15,
        "column": 17,
        "analysis_status": "ANALYZABLE_LAND",
        "ranking_eligible": true,
        "source_mode": "REAL",
        "population_total": 1591.2145995073774,
        "population_age_0_14": 167.91216507933453,
        "population_age_65_plus": 251.64685296170427,
        "elderly_share": 0.15814765213919693,
        "child_share": 0.10552452518429525,
        "vulnerability_share_raw": 0.1423607140527264,
        "lst_median_c": 47.24319488000003,
        "lst_valid_fraction": 1.0,
        "ndvi_median_land": 0.24645621327677156,
        "green_fraction_land": 0.4064,
        "green_fraction_grid_legacy": 0.4064,
        "water_fraction_grid": 0.0,
        "sentinel_valid_fraction": 1.0,
        "spatial_heat_score": 0.5414012738853503,
        "temporal_severity_score": 0.5238709677419354,
        "hazard_score": 0.5361421820423258,
        "exposure_score": 1.0,
        "vulnerability_score": 0.9999999540686024,
        "adaptive_capacity_score": 0.4064,
        "risk_score": 75.34968636306509,
        "risk_percentile_within_aoi": 0.8885350318471338,
        "hazard_contribution_points": 21.445687281693033,
        "exposure_contribution_points": 25.0,
        "vulnerability_contribution_points": 19.99999908137205,
        "adaptive_deficit_contribution_points": 8.904,
        "primary_driver": "exposure",
        "temporal_context_id": "era5-temporal:pilot_v1:2026-07-31T03Z",
        "source_ids": [
          "LC09_L2SP_119039_20260731_02_T1",
          "S2C_MSIL2A_20260731T023551_R089_T51RTP_20260731T060913",
          "chn_pop_2026_CN_100m_R2025A_v1.tif"
        ],
        "analysis_reasons": [],
        "landsat_quality_flag": "HIGH",
        "sentinel_quality_flag": "HIGH"
      }
    },
    {
      "type": "Feature",
      "id": "M4B-R-5EEC8B7710-G-R15-C18",
      "geometry": {
        "type": "Polygon",
        "coordinates": [
          [
            [
              120.16834298821362,
              30.26735755232219
            ],
            [
              120.16834470929713,
              30.26961270929922
            ],
            [
              120.16574661659396,
              30.269614176658788
            ],
            [
              120.16574495485806,
              30.267359019615725
            ],
            [
              120.16834298821362,
              30.26735755232219
            ]
          ]
        ]
      },
      "properties": {
        "grid_id": "M4B-R-5EEC8B7710-G-R15-C18",
        "row": 15,
        "column": 18,
        "analysis_status": "ANALYZABLE_LAND",
        "ranking_eligible": true,
        "source_mode": "REAL",
        "population_total": 901.0325864118741,
        "population_age_0_14": 95.0810388371957,
        "population_age_65_plus": 142.4961907992976,
        "elderly_share": 0.15814765519940993,
        "child_share": 0.10552452849217252,
        "vulnerability_share_raw": 0.1423607171872387,
        "lst_median_c": 46.35621868999999,
        "lst_valid_fraction": 1.0,
        "ndvi_median_land": 0.43669913503368485,
        "green_fraction_land": 0.64,
        "green_fraction_grid_legacy": 0.64,
        "water_fraction_grid": 0.0,
        "sentinel_valid_fraction": 1.0,
        "spatial_heat_score": 0.445859872611465,
        "temporal_severity_score": 0.5238709677419354,
        "hazard_score": 0.46926320115060605,
        "exposure_score": 0.8801098679580929,
        "vulnerability_score": 1.0,
        "adaptive_capacity_score": 0.64,
        "risk_score": 66.17327474497657,
        "risk_percentile_within_aoi": 0.767515923566879,
        "hazard_contribution_points": 18.770528046024243,
        "exposure_contribution_points": 22.002746698952322,
        "vulnerability_contribution_points": 20.0,
        "adaptive_deficit_contribution_points": 5.3999999999999995,
        "primary_driver": "exposure",
        "temporal_context_id": "era5-temporal:pilot_v1:2026-07-31T03Z",
        "source_ids": [
          "LC09_L2SP_119039_20260731_02_T1",
          "S2C_MSIL2A_20260731T023551_R089_T51RTP_20260731T060913",
          "chn_pop_2026_CN_100m_R2025A_v1.tif"
        ],
        "analysis_reasons": [],
        "landsat_quality_flag": "HIGH",
        "sentinel_quality_flag": "HIGH"
      }
    },
    {
      "type": "Feature",
      "id": "M4B-R-5EEC8B7710-G-R15-C19",
      "geometry": {
        "type": "Polygon",
        "coordinates": [
          [
            [
              120.1709410214906,
              30.267356033544722
            ],
            [
              120.17094280192171,
              30.26961119045337
            ],
            [
              120.16834470929713,
              30.26961270929922
            ],
            [
              120.16834298821362,
              30.26735755232219
            ],
            [
              120.1709410214906,
              30.267356033544722
            ]
          ]
        ]
      },
      "properties": {
        "grid_id": "M4B-R-5EEC8B7710-G-R15-C19",
        "row": 15,
        "column": 19,
        "analysis_status": "ANALYZABLE_LAND",
        "ranking_eligible": true,
        "source_mode": "REAL",
        "population_total": 691.4124064734679,
        "population_age_0_14": 72.96096675426244,
        "population_age_65_plus": 109.34524778265963,
        "elderly_share": 0.158147650749243,
        "child_share": 0.10552452642034307,
        "vulnerability_share_raw": 0.142360713450573,
        "lst_median_c": 50.03229920000001,
        "lst_valid_fraction": 1.0,
        "ndvi_median_land": 0.4071504154485613,
        "green_fraction_land": 0.6672,
        "green_fraction_grid_legacy": 0.6672,
        "water_fraction_grid": 0.0,
        "sentinel_valid_fraction": 1.0,
        "spatial_heat_score": 0.9044585987261147,
        "temporal_severity_score": 0.5238709677419354,
        "hazard_score": 0.7902823094308609,
        "exposure_score": 0.824191590116924,
        "vulnerability_score": 0.9999999389648175,
        "adaptive_capacity_score": 0.6672,
        "risk_score": 77.20808090945388,
        "risk_percentile_within_aoi": 0.8980891719745223,
        "hazard_contribution_points": 31.611292377234435,
        "exposure_contribution_points": 20.6047897529231,
        "vulnerability_contribution_points": 19.99999877929635,
        "adaptive_deficit_contribution_points": 4.992,
        "primary_driver": "hazard",
        "temporal_context_id": "era5-temporal:pilot_v1:2026-07-31T03Z",
        "source_ids": [
          "LC09_L2SP_119039_20260731_02_T1",
          "S2C_MSIL2A_20260731T023551_R089_T51RTP_20260731T060913",
          "chn_pop_2026_CN_100m_R2025A_v1.tif"
        ],
        "analysis_reasons": [],
        "landsat_quality_flag": "HIGH",
        "sentinel_quality_flag": "HIGH"
      }
    },
    {
      "type": "Feature",
      "id": "M4B-R-5EEC8B7710-G-R16-C00",
      "geometry": {
        "type": "Polygon",
        "coordinates": [
          [
            [
              120.12157903124164,
              30.26963124437081
            ],
            [
              120.1215796841261,
              30.27188640140484
            ],
            [
              120.1189815311186,
              30.27188694203553
            ],
            [
              120.11898093758724,
              30.26963178497717
            ],
            [
              120.12157903124164,
              30.26963124437081
            ]
          ]
        ]
      },
      "properties": {
        "grid_id": "M4B-R-5EEC8B7710-G-R16-C00",
        "row": 16,
        "column": 0,
        "analysis_status": "ANALYZABLE_LAND",
        "ranking_eligible": true,
        "source_mode": "REAL",
        "population_total": 1239.1262003100082,
        "population_age_0_14": 137.83935533788423,
        "population_age_65_plus": 137.8834141501996,
        "elderly_share": 0.11127471448485515,
        "child_share": 0.11123915812884852,
        "vulnerability_share_raw": 0.11126404757805315,
        "lst_median_c": 48.97954904000005,
        "lst_valid_fraction": 1.0,
        "ndvi_median_land": 0.41057782164627005,
        "green_fraction_land": 0.6864,
        "green_fraction_grid_legacy": 0.6864,
        "water_fraction_grid": 0.0,
        "sentinel_valid_fraction": 1.0,
        "spatial_heat_score": 0.7707006369426752,
        "temporal_severity_score": 0.5238709677419354,
        "hazard_score": 0.6966517361824532,
        "exposure_score": 0.9474137430633811,
        "vulnerability_score": 0.22000377314441164,
        "adaptive_capacity_score": 0.6864,
        "risk_score": 60.65548848677089,
        "risk_percentile_within_aoi": 0.6496815286624203,
        "hazard_contribution_points": 27.86606944729813,
        "exposure_contribution_points": 23.68534357658453,
        "vulnerability_contribution_points": 4.400075462888233,
        "adaptive_deficit_contribution_points": 4.704,
        "primary_driver": "hazard",
        "temporal_context_id": "era5-temporal:pilot_v1:2026-07-31T03Z",
        "source_ids": [
          "LC09_L2SP_119039_20260731_02_T1",
          "S2C_MSIL2A_20260731T023551_R089_T51RTP_20260731T060913",
          "chn_pop_2026_CN_100m_R2025A_v1.tif"
        ],
        "analysis_reasons": [],
        "landsat_quality_flag": "HIGH",
        "sentinel_quality_flag": "HIGH"
      }
    },
    {
      "type": "Feature",
      "id": "M4B-R-5EEC8B7710-G-R16-C01",
      "geometry": {
        "type": "Polygon",
        "coordinates": [
          [
            [
              120.12417712486622,
              30.26963065227815
            ],
            [
              120.12417783710382,
              30.271885809285507
            ],
            [
              120.1215796841261,
              30.27188640140484
            ],
            [
              120.12157903124164,
              30.26963124437081
            ],
            [
              120.12417712486622,
              30.26963065227815
            ]
          ]
        ]
      },
      "properties": {
        "grid_id": "M4B-R-5EEC8B7710-G-R16-C01",
        "row": 16,
        "column": 1,
        "analysis_status": "ANALYZABLE_LAND",
        "ranking_eligible": true,
        "source_mode": "REAL",
        "population_total": 1295.5563211644471,
        "population_age_0_14": 144.116601863661,
        "population_age_65_plus": 144.1626564751577,
        "elderly_share": 0.11127471196743047,
        "child_share": 0.11123916383205083,
        "vulnerability_share_raw": 0.11126404752681657,
        "lst_median_c": 50.10065960000003,
        "lst_valid_fraction": 1.0,
        "ndvi_median_land": 0.4151070246023702,
        "green_fraction_land": 0.696,
        "green_fraction_grid_legacy": 0.696,
        "water_fraction_grid": 0.0,
        "sentinel_valid_fraction": 1.0,
        "spatial_heat_score": 0.9140127388535032,
        "temporal_severity_score": 0.5238709677419354,
        "hazard_score": 0.7969702075200329,
        "exposure_score": 0.95682235778955,
        "vulnerability_score": 0.22000377185924685,
        "adaptive_capacity_score": 0.696,
        "risk_score": 64.759442682725,
        "risk_percentile_within_aoi": 0.7356687898089171,
        "hazard_contribution_points": 31.878808300801317,
        "exposure_contribution_points": 23.92055894473875,
        "vulnerability_contribution_points": 4.400075437184937,
        "adaptive_deficit_contribution_points": 4.5600000000000005,
        "primary_driver": "hazard",
        "temporal_context_id": "era5-temporal:pilot_v1:2026-07-31T03Z",
        "source_ids": [
          "LC09_L2SP_119039_20260731_02_T1",
          "S2C_MSIL2A_20260731T023551_R089_T51RTP_20260731T060913",
          "chn_pop_2026_CN_100m_R2025A_v1.tif"
        ],
        "analysis_reasons": [],
        "landsat_quality_flag": "HIGH",
        "sentinel_quality_flag": "HIGH"
      }
    },
    {
      "type": "Feature",
      "id": "M4B-R-5EEC8B7710-G-R16-C02",
      "geometry": {
        "type": "Polygon",
        "coordinates": [
          [
            [
              120.12677521845829,
              30.26963000869916
            ],
            [
              120.12677599004897,
              30.271885165677553
            ],
            [
              120.12417783710382,
              30.271885809285507
            ],
            [
              120.12417712486622,
              30.26963065227815
            ],
            [
              120.12677521845829,
              30.26963000869916
            ]
          ]
        ]
      },
      "properties": {
        "grid_id": "M4B-R-5EEC8B7710-G-R16-C02",
        "row": 16,
        "column": 2,
        "analysis_status": "ANALYZABLE_LAND",
        "ranking_eligible": true,
        "source_mode": "REAL",
        "population_total": 1137.285185203041,
        "population_age_0_14": 126.5106512992806,
        "population_age_65_plus": 126.55108391540789,
        "elderly_share": 0.11127471417190277,
        "child_share": 0.1112391623009619,
        "vulnerability_share_raw": 0.1112640486106205,
        "lst_median_c": 48.98638507999999,
        "lst_valid_fraction": 1.0,
        "ndvi_median_land": 0.1263666362354539,
        "green_fraction_land": 0.2176,
        "green_fraction_grid_legacy": 0.2176,
        "water_fraction_grid": 0.0,
        "sentinel_valid_fraction": 1.0,
        "spatial_heat_score": 0.7738853503184714,
        "temporal_severity_score": 0.5238709677419354,
        "hazard_score": 0.6988810355455106,
        "exposure_score": 0.9292957310969258,
        "vulnerability_score": 0.22000379904424855,
        "adaptive_capacity_score": 0.2176,
        "risk_score": 67.32371068012853,
        "risk_percentile_within_aoi": 0.7898089171974523,
        "hazard_contribution_points": 27.955241421820425,
        "exposure_contribution_points": 23.232393277423142,
        "vulnerability_contribution_points": 4.400075980884971,
        "adaptive_deficit_contribution_points": 11.736,
        "primary_driver": "hazard",
        "temporal_context_id": "era5-temporal:pilot_v1:2026-07-31T03Z",
        "source_ids": [
          "LC09_L2SP_119039_20260731_02_T1",
          "S2C_MSIL2A_20260731T023551_R089_T51RTP_20260731T060913",
          "chn_pop_2026_CN_100m_R2025A_v1.tif"
        ],
        "analysis_reasons": [],
        "landsat_quality_flag": "HIGH",
        "sentinel_quality_flag": "HIGH"
      }
    },
    {
      "type": "Feature",
      "id": "M4B-R-5EEC8B7710-G-R16-C03",
      "geometry": {
        "type": "Polygon",
        "coordinates": [
          [
            [
              120.1293733120151,
              30.26962931363387
            ],
            [
              120.12937414295891,
              30.271884470580964
            ],
            [
              120.12677599004897,
              30.271885165677553
            ],
            [
              120.12677521845829,
              30.26963000869916
            ],
            [
              120.1293733120151,
              30.26962931363387
            ]
          ]
        ]
      },
      "properties": {
        "grid_id": "M4B-R-5EEC8B7710-G-R16-C03",
        "row": 16,
        "column": 3,
        "analysis_status": "ANALYZABLE_LAND",
        "ranking_eligible": true,
        "source_mode": "REAL",
        "population_total": 1147.1195515411732,
        "population_age_0_14": 127.60461871905036,
        "population_age_65_plus": 127.64540217196782,
        "elderly_share": 0.11127471587462197,
        "child_share": 0.11123916295177042,
        "vulnerability_share_raw": 0.1112640499977665,
        "lst_median_c": 50.172438020000016,
        "lst_valid_fraction": 1.0,
        "ndvi_median_land": 0.2564009603882063,
        "green_fraction_land": 0.4512,
        "green_fraction_grid_legacy": 0.4512,
        "water_fraction_grid": 0.0,
        "sentinel_valid_fraction": 1.0,
        "spatial_heat_score": 0.9267515923566879,
        "temporal_severity_score": 0.5238709677419354,
        "hazard_score": 0.8058874049722622,
        "exposure_score": 0.9311146155687638,
        "vulnerability_score": 0.22000383383796446,
        "adaptive_capacity_score": 0.4512,
        "risk_score": 68.14543826486887,
        "risk_percentile_within_aoi": 0.802547770700637,
        "hazard_contribution_points": 32.23549619889049,
        "exposure_contribution_points": 23.277865389219095,
        "vulnerability_contribution_points": 4.400076676759289,
        "adaptive_deficit_contribution_points": 8.232,
        "primary_driver": "hazard",
        "temporal_context_id": "era5-temporal:pilot_v1:2026-07-31T03Z",
        "source_ids": [
          "LC09_L2SP_119039_20260731_02_T1",
          "S2C_MSIL2A_20260731T023551_R089_T51RTP_20260731T060913",
          "chn_pop_2026_CN_100m_R2025A_v1.tif"
        ],
        "analysis_reasons": [],
        "landsat_quality_flag": "HIGH",
        "sentinel_quality_flag": "HIGH"
      }
    },
    {
      "type": "Feature",
      "id": "M4B-R-5EEC8B7710-G-R16-C04",
      "geometry": {
        "type": "Polygon",
        "coordinates": [
          [
            [
              120.13197140553399,
              30.26962856708227
            ],
            [
              120.13197229583089,
              30.271883723995753
            ],
            [
              120.12937414295891,
              30.271884470580964
            ],
            [
              120.1293733120151,
              30.26962931363387
            ],
            [
              120.13197140553399,
              30.26962856708227
            ]
          ]
        ]
      },
      "properties": {
        "grid_id": "M4B-R-5EEC8B7710-G-R16-C04",
        "row": 16,
        "column": 4,
        "analysis_status": "ANALYZABLE_LAND",
        "ranking_eligible": true,
        "source_mode": "REAL",
        "population_total": 1204.58376496841,
        "population_age_0_14": 133.9968851729643,
        "population_age_65_plus": 134.03971266245048,
        "elderly_share": 0.11127471294282773,
        "child_share": 0.11123915917667906,
        "vulnerability_share_raw": 0.11126404681298312,
        "lst_median_c": 49.44269075,
        "lst_valid_fraction": 1.0,
        "ndvi_median_land": 0.09456612083772095,
        "green_fraction_land": 0.3056,
        "green_fraction_grid_legacy": 0.3056,
        "water_fraction_grid": 0.0,
        "sentinel_valid_fraction": 1.0,
        "spatial_heat_score": 0.8312101910828026,
        "temporal_severity_score": 0.5238709677419354,
        "hazard_score": 0.7390084240805425,
        "exposure_score": 0.9414408320253345,
        "vulnerability_score": 0.22000375395419697,
        "adaptive_capacity_score": 0.3056,
        "risk_score": 67.91243284293901,
        "risk_percentile_within_aoi": 0.7993630573248408,
        "hazard_contribution_points": 29.560336963221697,
        "exposure_contribution_points": 23.536020800633363,
        "vulnerability_contribution_points": 4.40007507908394,
        "adaptive_deficit_contribution_points": 10.416,
        "primary_driver": "hazard",
        "temporal_context_id": "era5-temporal:pilot_v1:2026-07-31T03Z",
        "source_ids": [
          "LC09_L2SP_119039_20260731_02_T1",
          "S2C_MSIL2A_20260731T023551_R089_T51RTP_20260731T060913",
          "chn_pop_2026_CN_100m_R2025A_v1.tif"
        ],
        "analysis_reasons": [],
        "landsat_quality_flag": "HIGH",
        "sentinel_quality_flag": "HIGH"
      }
    },
    {
      "type": "Feature",
      "id": "M4B-R-5EEC8B7710-G-R16-C05",
      "geometry": {
        "type": "Polygon",
        "coordinates": [
          [
            [
              120.13456949901222,
              30.26962776904437
            ],
            [
              120.13457044866223,
              30.271882925921926
            ],
            [
              120.13197229583089,
              30.271883723995753
            ],
            [
              120.13197140553399,
              30.26962856708227
            ],
            [
              120.13456949901222,
              30.26962776904437
            ]
          ]
        ]
      },
      "properties": {
        "grid_id": "M4B-R-5EEC8B7710-G-R16-C05",
        "row": 16,
        "column": 5,
        "analysis_status": "ANALYZABLE_LAND",
        "ranking_eligible": true,
        "source_mode": "REAL",
        "population_total": 1264.0132469756384,
        "population_age_0_14": 140.60777359721322,
        "population_age_65_plus": 140.65271144651302,
        "elderly_share": 0.11127471312745178,
        "child_share": 0.11123916140407601,
        "vulnerability_share_raw": 0.11126404761043905,
        "lst_median_c": 46.89797485999998,
        "lst_valid_fraction": 1.0,
        "ndvi_median_land": 0.33850444873966,
        "green_fraction_land": 0.5312,
        "green_fraction_grid_legacy": 0.5312,
        "water_fraction_grid": 0.0,
        "sentinel_valid_fraction": 1.0,
        "spatial_heat_score": 0.5095541401273885,
        "temporal_severity_score": 0.5238709677419354,
        "hazard_score": 0.5138491884117525,
        "exposure_score": 0.9516148613569041,
        "vulnerability_score": 0.22000377395674559,
        "adaptive_capacity_score": 0.5312,
        "risk_score": 55.77641454952762,
        "risk_percentile_within_aoi": 0.554140127388535,
        "hazard_contribution_points": 20.5539675364701,
        "exposure_contribution_points": 23.790371533922603,
        "vulnerability_contribution_points": 4.4000754791349115,
        "adaptive_deficit_contribution_points": 7.032,
        "primary_driver": "exposure",
        "temporal_context_id": "era5-temporal:pilot_v1:2026-07-31T03Z",
        "source_ids": [
          "LC09_L2SP_119039_20260731_02_T1",
          "S2C_MSIL2A_20260731T023551_R089_T51RTP_20260731T060913",
          "chn_pop_2026_CN_100m_R2025A_v1.tif"
        ],
        "analysis_reasons": [],
        "landsat_quality_flag": "HIGH",
        "sentinel_quality_flag": "HIGH"
      }
    },
    {
      "type": "Feature",
      "id": "M4B-R-5EEC8B7710-G-R16-C06",
      "geometry": {
        "type": "Polygon",
        "coordinates": [
          [
            [
              120.13716759244711,
              30.26962691952016
            ],
            [
              120.1371686014502,
              30.271882076359475
            ],
            [
              120.13457044866223,
              30.271882925921926
            ],
            [
              120.13456949901222,
              30.26962776904437
            ],
            [
              120.13716759244711,
              30.26962691952016
            ]
          ]
        ]
      },
      "properties": {
        "grid_id": "M4B-R-5EEC8B7710-G-R16-C06",
        "row": 16,
        "column": 6,
        "analysis_status": "ANALYZABLE_LAND",
        "ranking_eligible": true,
        "source_mode": "REAL",
        "population_total": 1589.2880114332274,
        "population_age_0_14": 176.79106636286247,
        "population_age_65_plus": 176.84756917126296,
        "elderly_share": 0.1112747141481178,
        "child_share": 0.11123916187062372,
        "vulnerability_share_raw": 0.11126404846486958,
        "lst_median_c": 45.605963299999985,
        "lst_valid_fraction": 1.0,
        "ndvi_median_land": 0.47873881871852486,
        "green_fraction_land": 0.712,
        "green_fraction_grid_legacy": 0.712,
        "water_fraction_grid": 0.0,
        "sentinel_valid_fraction": 1.0,
        "spatial_heat_score": 0.3980891719745223,
        "temporal_severity_score": 0.5238709677419354,
        "hazard_score": 0.43582371070474624,
        "exposure_score": 0.9999983256870003,
        "vulnerability_score": 0.22000379538838516,
        "adaptive_capacity_score": 0.712,
        "risk_score": 51.15298247813256,
        "risk_percentile_within_aoi": 0.45222929936305734,
        "hazard_contribution_points": 17.43294842818985,
        "exposure_contribution_points": 24.999958142175007,
        "vulnerability_contribution_points": 4.400075907767703,
        "adaptive_deficit_contribution_points": 4.32,
        "primary_driver": "exposure",
        "temporal_context_id": "era5-temporal:pilot_v1:2026-07-31T03Z",
        "source_ids": [
          "LC09_L2SP_119039_20260731_02_T1",
          "S2C_MSIL2A_20260731T023551_R089_T51RTP_20260731T060913",
          "chn_pop_2026_CN_100m_R2025A_v1.tif"
        ],
        "analysis_reasons": [],
        "landsat_quality_flag": "HIGH",
        "sentinel_quality_flag": "HIGH"
      }
    },
    {
      "type": "Feature",
      "id": "M4B-R-5EEC8B7710-G-R16-C07",
      "geometry": {
        "type": "Polygon",
        "coordinates": [
          [
            [
              120.1397656858359,
              30.269626018509648
            ],
            [
              120.13976675419211,
              30.27188117530841
            ],
            [
              120.1371686014502,
              30.271882076359475
            ],
            [
              120.13716759244711,
              30.26962691952016
            ],
            [
              120.1397656858359,
              30.269626018509648
            ]
          ]
        ]
      },
      "properties": {
        "grid_id": "M4B-R-5EEC8B7710-G-R16-C07",
        "row": 16,
        "column": 7,
        "analysis_status": "ANALYZABLE_LAND",
        "ranking_eligible": true,
        "source_mode": "REAL",
        "population_total": 1369.2170006170718,
        "population_age_0_14": 152.3105512101497,
        "population_age_65_plus": 152.35922880675557,
        "elderly_share": 0.11127471302071994,
        "child_share": 0.11123916160952366,
        "vulnerability_share_raw": 0.11126404759736103,
        "lst_median_c": 49.52130521000004,
        "lst_valid_fraction": 1.0,
        "ndvi_median_land": 0.3179066000641369,
        "green_fraction_land": 0.5344,
        "green_fraction_grid_legacy": 0.5344,
        "water_fraction_grid": 0.0,
        "sentinel_valid_fraction": 1.0,
        "spatial_heat_score": 0.8439490445859873,
        "temporal_severity_score": 0.5238709677419354,
        "hazard_score": 0.7479256215327718,
        "exposure_score": 0.9685057584561937,
        "vulnerability_score": 0.22000377362871013,
        "adaptive_capacity_score": 0.5344,
        "risk_score": 65.51374429528992,
        "risk_percentile_within_aoi": 0.7484076433121019,
        "hazard_contribution_points": 29.91702486131087,
        "exposure_contribution_points": 24.212643961404844,
        "vulnerability_contribution_points": 4.400075472574202,
        "adaptive_deficit_contribution_points": 6.984,
        "primary_driver": "hazard",
        "temporal_context_id": "era5-temporal:pilot_v1:2026-07-31T03Z",
        "source_ids": [
          "LC09_L2SP_119039_20260731_02_T1",
          "S2C_MSIL2A_20260731T023551_R089_T51RTP_20260731T060913",
          "chn_pop_2026_CN_100m_R2025A_v1.tif"
        ],
        "analysis_reasons": [],
        "landsat_quality_flag": "HIGH",
        "sentinel_quality_flag": "HIGH"
      }
    },
    {
      "type": "Feature",
      "id": "M4B-R-5EEC8B7710-G-R16-C08",
      "geometry": {
        "type": "Polygon",
        "coordinates": [
          [
            [
              120.14236377917594,
              30.269625066012857
            ],
            [
              120.1423649068852,
              30.27188022276872
            ],
            [
              120.13976675419211,
              30.27188117530841
            ],
            [
              120.1397656858359,
              30.269626018509648
            ],
            [
              120.14236377917594,
              30.269625066012857
            ]
          ]
        ]
      },
      "properties": {
        "grid_id": "M4B-R-5EEC8B7710-G-R16-C08",
        "row": 16,
        "column": 8,
        "analysis_status": "ANALYZABLE_LAND",
        "ranking_eligible": true,
        "source_mode": "REAL",
        "population_total": 1281.8153728662764,
        "population_age_0_14": 142.5880669754367,
        "population_age_65_plus": 142.63364082370003,
        "elderly_share": 0.11127471540987681,
        "child_share": 0.11123916126594309,
        "vulnerability_share_raw": 0.11126404916669669,
        "lst_median_c": 48.72832457000001,
        "lst_valid_fraction": 1.0,
        "ndvi_median_land": 0.39671746430266114,
        "green_fraction_land": 0.6832,
        "green_fraction_grid_legacy": 0.6832,
        "water_fraction_grid": 0.0,
        "sentinel_valid_fraction": 1.0,
        "spatial_heat_score": 0.7229299363057324,
        "temporal_severity_score": 0.5238709677419354,
        "hazard_score": 0.6632122457365933,
        "exposure_score": 0.9545695919575398,
        "vulnerability_score": 0.2200038129922806,
        "adaptive_capacity_score": 0.6832,
        "risk_score": 59.54480588824784,
        "risk_percentile_within_aoi": 0.6242038216560509,
        "hazard_contribution_points": 26.528489829463734,
        "exposure_contribution_points": 23.864239798938495,
        "vulnerability_contribution_points": 4.400076259845612,
        "adaptive_deficit_contribution_points": 4.752,
        "primary_driver": "hazard",
        "temporal_context_id": "era5-temporal:pilot_v1:2026-07-31T03Z",
        "source_ids": [
          "LC09_L2SP_119039_20260731_02_T1",
          "S2C_MSIL2A_20260731T023551_R089_T51RTP_20260731T060913",
          "chn_pop_2026_CN_100m_R2025A_v1.tif"
        ],
        "analysis_reasons": [],
        "landsat_quality_flag": "HIGH",
        "sentinel_quality_flag": "HIGH"
      }
    },
    {
      "type": "Feature",
      "id": "M4B-R-5EEC8B7710-G-R16-C09",
      "geometry": {
        "type": "Polygon",
        "coordinates": [
          [
            [
              120.14496187246448,
              30.269624062029756
            ],
            [
              120.14496305952682,
              30.271879218740427
            ],
            [
              120.1423649068852,
              30.27188022276872
            ],
            [
              120.14236377917594,
              30.269625066012857
            ],
            [
              120.14496187246448,
              30.269624062029756
            ]
          ]
        ]
      },
      "properties": {
        "grid_id": "M4B-R-5EEC8B7710-G-R16-C09",
        "row": 16,
        "column": 9,
        "analysis_status": "ANALYZABLE_LAND",
        "ranking_eligible": true,
        "source_mode": "REAL",
        "population_total": 1440.2788393673463,
        "population_age_0_14": 160.2154112708901,
        "population_age_65_plus": 160.26661447578957,
        "elderly_share": 0.11127471298973463,
        "child_share": 0.11123916209257503,
        "vulnerability_share_raw": 0.11126404772058676,
        "lst_median_c": 49.73834948000001,
        "lst_valid_fraction": 1.0,
        "ndvi_median_land": 0.12556163829506597,
        "green_fraction_land": 0.2096,
        "green_fraction_grid_legacy": 0.2096,
        "water_fraction_grid": 0.0,
        "sentinel_valid_fraction": 1.0,
        "spatial_heat_score": 0.8757961783439491,
        "temporal_severity_score": 0.5238709677419354,
        "hazard_score": 0.770218615163345,
        "exposure_score": 0.9791963237450015,
        "vulnerability_score": 0.22000377671957527,
        "adaptive_capacity_score": 0.2096,
        "risk_score": 71.54472823455033,
        "risk_percentile_within_aoi": 0.8598726114649682,
        "hazard_contribution_points": 30.8087446065338,
        "exposure_contribution_points": 24.47990809362504,
        "vulnerability_contribution_points": 4.4000755343915054,
        "adaptive_deficit_contribution_points": 11.856,
        "primary_driver": "hazard",
        "temporal_context_id": "era5-temporal:pilot_v1:2026-07-31T03Z",
        "source_ids": [
          "LC09_L2SP_119039_20260731_02_T1",
          "S2C_MSIL2A_20260731T023551_R089_T51RTP_20260731T060913",
          "chn_pop_2026_CN_100m_R2025A_v1.tif"
        ],
        "analysis_reasons": [],
        "landsat_quality_flag": "HIGH",
        "sentinel_quality_flag": "HIGH"
      }
    },
    {
      "type": "Feature",
      "id": "M4B-R-5EEC8B7710-G-R16-C10",
      "geometry": {
        "type": "Polygon",
        "coordinates": [
          [
            [
              120.14755996569882,
              30.269623006560376
            ],
            [
              120.14756121211423,
              30.271878163223523
            ],
            [
              120.14496305952682,
              30.271879218740427
            ],
            [
              120.14496187246448,
              30.269624062029756
            ],
            [
              120.14755996569882,
              30.269623006560376
            ]
          ]
        ]
      },
      "properties": {
        "grid_id": "M4B-R-5EEC8B7710-G-R16-C10",
        "row": 16,
        "column": 10,
        "analysis_status": "ANALYZABLE_LAND",
        "ranking_eligible": true,
        "source_mode": "REAL",
        "population_total": 1395.537041781255,
        "population_age_0_14": 155.23837032186339,
        "population_age_65_plus": 155.28798566862523,
        "elderly_share": 0.11127471433536194,
        "child_share": 0.11123916146555168,
        "vulnerability_share_raw": 0.11126404847441886,
        "lst_median_c": 48.747123680000016,
        "lst_valid_fraction": 1.0,
        "ndvi_median_land": 0.37754859931633894,
        "green_fraction_land": 0.5936,
        "green_fraction_grid_legacy": 0.5936,
        "water_fraction_grid": 0.0,
        "sentinel_valid_fraction": 1.0,
        "spatial_heat_score": 0.7292993630573248,
        "temporal_severity_score": 0.5238709677419354,
        "hazard_score": 0.667670844462708,
        "exposure_score": 0.9725286495753118,
        "vulnerability_score": 0.22000379562790923,
        "adaptive_capacity_score": 0.5936,
        "risk_score": 61.516125930449306,
        "risk_percentile_within_aoi": 0.6687898089171974,
        "hazard_contribution_points": 26.70683377850832,
        "exposure_contribution_points": 24.313216239382797,
        "vulnerability_contribution_points": 4.400075912558185,
        "adaptive_deficit_contribution_points": 6.096,
        "primary_driver": "hazard",
        "temporal_context_id": "era5-temporal:pilot_v1:2026-07-31T03Z",
        "source_ids": [
          "LC09_L2SP_119039_20260731_02_T1",
          "S2C_MSIL2A_20260731T023551_R089_T51RTP_20260731T060913",
          "chn_pop_2026_CN_100m_R2025A_v1.tif"
        ],
        "analysis_reasons": [],
        "landsat_quality_flag": "HIGH",
        "sentinel_quality_flag": "HIGH"
      }
    },
    {
      "type": "Feature",
      "id": "M4B-R-5EEC8B7710-G-R16-C11",
      "geometry": {
        "type": "Polygon",
        "coordinates": [
          [
            [
              120.15015805887626,
              30.26962189960469
            ],
            [
              120.15015936464472,
              30.271877056218013
            ],
            [
              120.14756121211423,
              30.271878163223523
            ],
            [
              120.14755996569882,
              30.269623006560376
            ],
            [
              120.15015805887626,
              30.26962189960469
            ]
          ]
        ]
      },
      "properties": {
        "grid_id": "M4B-R-5EEC8B7710-G-R16-C11",
        "row": 16,
        "column": 11,
        "analysis_status": "ANALYZABLE_LAND",
        "ranking_eligible": true,
        "source_mode": "REAL",
        "population_total": 1441.862447266444,
        "population_age_0_14": 160.39156935590373,
        "population_age_65_plus": 160.4428314119508,
        "elderly_share": 0.11127471397575162,
        "child_share": 0.11123916130833576,
        "vulnerability_share_raw": 0.11126404817552686,
        "lst_median_c": 49.21881044000003,
        "lst_valid_fraction": 1.0,
        "ndvi_median_land": 0.09372901901319622,
        "green_fraction_land": 0.1968,
        "green_fraction_grid_legacy": 0.1968,
        "water_fraction_grid": 0.0,
        "sentinel_valid_fraction": 1.0,
        "spatial_heat_score": 0.7961783439490446,
        "temporal_severity_score": 0.5238709677419354,
        "hazard_score": 0.7144861310869118,
        "exposure_score": 0.9794285120481182,
        "vulnerability_score": 0.22000378813081578,
        "adaptive_capacity_score": 0.1968,
        "risk_score": 69.51323380729575,
        "risk_percentile_within_aoi": 0.8248407643312102,
        "hazard_contribution_points": 28.579445243476474,
        "exposure_contribution_points": 24.485712801202954,
        "vulnerability_contribution_points": 4.400075762616316,
        "adaptive_deficit_contribution_points": 12.048,
        "primary_driver": "hazard",
        "temporal_context_id": "era5-temporal:pilot_v1:2026-07-31T03Z",
        "source_ids": [
          "LC09_L2SP_119039_20260731_02_T1",
          "S2C_MSIL2A_20260731T023551_R089_T51RTP_20260731T060913",
          "chn_pop_2026_CN_100m_R2025A_v1.tif"
        ],
        "analysis_reasons": [],
        "landsat_quality_flag": "HIGH",
        "sentinel_quality_flag": "HIGH"
      }
    },
    {
      "type": "Feature",
      "id": "M4B-R-5EEC8B7710-G-R16-C12",
      "geometry": {
        "type": "Polygon",
        "coordinates": [
          [
            [
              120.15275615199407,
              30.269620741162736
            ],
            [
              120.15275751711556,
              30.271875897723895
            ],
            [
              120.15015936464472,
              30.271877056218013
            ],
            [
              120.15015805887626,
              30.26962189960469
            ],
            [
              120.15275615199407,
              30.269620741162736
            ]
          ]
        ]
      },
      "properties": {
        "grid_id": "M4B-R-5EEC8B7710-G-R16-C12",
        "row": 16,
        "column": 12,
        "analysis_status": "ANALYZABLE_LAND",
        "ranking_eligible": true,
        "source_mode": "REAL",
        "population_total": 1369.9899797833857,
        "population_age_0_14": 147.1977095342374,
        "population_age_65_plus": 195.08737243500315,
        "elderly_share": 0.14240058344503304,
        "child_share": 0.10744436945262284,
        "vulnerability_share_raw": 0.13191371924730996,
        "lst_median_c": 48.34379732000002,
        "lst_valid_fraction": 1.0,
        "ndvi_median_land": 0.2352833234748902,
        "green_fraction_land": 0.4032,
        "green_fraction_grid_legacy": 0.4032,
        "water_fraction_grid": 0.0,
        "sentinel_valid_fraction": 1.0,
        "spatial_heat_score": 0.6815286624203821,
        "temporal_severity_score": 0.5238709677419354,
        "hazard_score": 0.634231354016848,
        "exposure_score": 0.9686250020722101,
        "vulnerability_score": 0.7379584887238735,
        "adaptive_capacity_score": 0.4032,
        "risk_score": 73.29604898695665,
        "risk_percentile_within_aoi": 0.8726114649681529,
        "hazard_contribution_points": 25.369254160673922,
        "exposure_contribution_points": 24.215625051805254,
        "vulnerability_contribution_points": 14.75916977447747,
        "adaptive_deficit_contribution_points": 8.952,
        "primary_driver": "hazard",
        "temporal_context_id": "era5-temporal:pilot_v1:2026-07-31T03Z",
        "source_ids": [
          "LC09_L2SP_119039_20260731_02_T1",
          "S2C_MSIL2A_20260731T023551_R089_T51RTP_20260731T060913",
          "chn_pop_2026_CN_100m_R2025A_v1.tif"
        ],
        "analysis_reasons": [],
        "landsat_quality_flag": "HIGH",
        "sentinel_quality_flag": "HIGH"
      }
    },
    {
      "type": "Feature",
      "id": "M4B-R-5EEC8B7710-G-R16-C13",
      "geometry": {
        "type": "Polygon",
        "coordinates": [
          [
            [
              120.15535424504954,
              30.269619531234486
            ],
            [
              120.1553556695241,
              30.271874687741192
            ],
            [
              120.15275751711556,
              30.271875897723895
            ],
            [
              120.15275615199407,
              30.269620741162736
            ],
            [
              120.15535424504954,
              30.269619531234486
            ]
          ]
        ]
      },
      "properties": {
        "grid_id": "M4B-R-5EEC8B7710-G-R16-C13",
        "row": 16,
        "column": 13,
        "analysis_status": "ANALYZABLE_LAND",
        "ranking_eligible": true,
        "source_mode": "REAL",
        "population_total": 1589.32998904636,
        "population_age_0_14": 167.71329356625594,
        "population_age_65_plus": 251.34880735767032,
        "elderly_share": 0.1581476528411109,
        "child_share": 0.10552452588331789,
        "vulnerability_share_raw": 0.142360714753773,
        "lst_median_c": 51.247405310000005,
        "lst_valid_fraction": 1.0,
        "ndvi_median_land": 0.17385801914740984,
        "green_fraction_land": 0.2256,
        "green_fraction_grid_legacy": 0.2256,
        "water_fraction_grid": 0.0,
        "sentinel_valid_fraction": 1.0,
        "spatial_heat_score": 0.9745222929936306,
        "temporal_severity_score": 0.5238709677419354,
        "hazard_score": 0.839326895418122,
        "exposure_score": 1.0,
        "vulnerability_score": 0.9999999716529199,
        "adaptive_capacity_score": 0.2256,
        "risk_score": 90.18907524978329,
        "risk_percentile_within_aoi": 1.0,
        "hazard_contribution_points": 33.57307581672488,
        "exposure_contribution_points": 25.0,
        "vulnerability_contribution_points": 19.9999994330584,
        "adaptive_deficit_contribution_points": 11.616,
        "primary_driver": "hazard",
        "temporal_context_id": "era5-temporal:pilot_v1:2026-07-31T03Z",
        "source_ids": [
          "LC09_L2SP_119039_20260731_02_T1",
          "S2C_MSIL2A_20260731T023551_R089_T51RTP_20260731T060913",
          "chn_pop_2026_CN_100m_R2025A_v1.tif"
        ],
        "analysis_reasons": [],
        "landsat_quality_flag": "HIGH",
        "sentinel_quality_flag": "HIGH"
      }
    },
    {
      "type": "Feature",
      "id": "M4B-R-5EEC8B7710-G-R16-C14",
      "geometry": {
        "type": "Polygon",
        "coordinates": [
          [
            [
              120.15795233803996,
              30.269618269819976
            ],
            [
              120.15795382186755,
              30.27187342626988
            ],
            [
              120.1553556695241,
              30.271874687741192
            ],
            [
              120.15535424504954,
              30.269619531234486
            ],
            [
              120.15795233803996,
              30.269618269819976
            ]
          ]
        ]
      },
      "properties": {
        "grid_id": "M4B-R-5EEC8B7710-G-R16-C14",
        "row": 16,
        "column": 14,
        "analysis_status": "ANALYZABLE_LAND",
        "ranking_eligible": true,
        "source_mode": "REAL",
        "population_total": 1435.0498065163338,
        "population_age_0_14": 151.43295083544413,
        "population_age_65_plus": 226.9497625672682,
        "elderly_share": 0.15814765559824148,
        "child_share": 0.10552452615080751,
        "vulnerability_share_raw": 0.14236071676401127,
        "lst_median_c": 50.65779686000002,
        "lst_valid_fraction": 1.0,
        "ndvi_median_land": 0.1981463343832168,
        "green_fraction_land": 0.2928,
        "green_fraction_grid_legacy": 0.2928,
        "water_fraction_grid": 0.0,
        "sentinel_valid_fraction": 1.0,
        "spatial_heat_score": 0.9522292993630573,
        "temporal_severity_score": 0.5238709677419354,
        "hazard_score": 0.8237217998767208,
        "exposure_score": 0.9784278278622784,
        "vulnerability_score": 1.0,
        "adaptive_capacity_score": 0.2928,
        "risk_score": 88.01756769162579,
        "risk_percentile_within_aoi": 0.9904458598726115,
        "hazard_contribution_points": 32.94887199506883,
        "exposure_contribution_points": 24.46069569655696,
        "vulnerability_contribution_points": 20.0,
        "adaptive_deficit_contribution_points": 10.608,
        "primary_driver": "hazard",
        "temporal_context_id": "era5-temporal:pilot_v1:2026-07-31T03Z",
        "source_ids": [
          "LC09_L2SP_119039_20260731_02_T1",
          "S2C_MSIL2A_20260731T023551_R089_T51RTP_20260731T060913",
          "chn_pop_2026_CN_100m_R2025A_v1.tif"
        ],
        "analysis_reasons": [],
        "landsat_quality_flag": "HIGH",
        "sentinel_quality_flag": "HIGH"
      }
    },
    {
      "type": "Feature",
      "id": "M4B-R-5EEC8B7710-G-R16-C15",
      "geometry": {
        "type": "Polygon",
        "coordinates": [
          [
            [
              120.16055043096266,
              30.269616956919183
            ],
            [
              120.16055197414326,
              30.271872113309982
            ],
            [
              120.15795382186755,
              30.27187342626988
            ],
            [
              120.15795233803996,
              30.269618269819976
            ],
            [
              120.16055043096266,
              30.269616956919183
            ]
          ]
        ]
      },
      "properties": {
        "grid_id": "M4B-R-5EEC8B7710-G-R16-C15",
        "row": 16,
        "column": 15,
        "analysis_status": "ANALYZABLE_LAND",
        "ranking_eligible": true,
        "source_mode": "REAL",
        "population_total": 1183.0956137619332,
        "population_age_0_14": 124.84560616437354,
        "population_age_65_plus": 187.10379738537029,
        "elderly_share": 0.15814765536187678,
        "child_share": 0.10552452795205394,
        "vulnerability_share_raw": 0.14236071713892992,
        "lst_median_c": 46.39552592000004,
        "lst_valid_fraction": 1.0,
        "ndvi_median_land": 0.1261153656994309,
        "green_fraction_land": 0.2352,
        "green_fraction_grid_legacy": 0.2352,
        "water_fraction_grid": 0.0,
        "sentinel_valid_fraction": 1.0,
        "spatial_heat_score": 0.45222929936305734,
        "temporal_severity_score": 0.5238709677419354,
        "hazard_score": 0.4737217998767207,
        "exposure_score": 0.9376382351476463,
        "vulnerability_score": 1.0,
        "adaptive_capacity_score": 0.2352,
        "risk_score": 73.86182787376,
        "risk_percentile_within_aoi": 0.8821656050955414,
        "hazard_contribution_points": 18.948871995068828,
        "exposure_contribution_points": 23.44095587869116,
        "vulnerability_contribution_points": 20.0,
        "adaptive_deficit_contribution_points": 11.472000000000001,
        "primary_driver": "exposure",
        "temporal_context_id": "era5-temporal:pilot_v1:2026-07-31T03Z",
        "source_ids": [
          "LC09_L2SP_119039_20260731_02_T1",
          "S2C_MSIL2A_20260731T023551_R089_T51RTP_20260731T060913",
          "chn_pop_2026_CN_100m_R2025A_v1.tif"
        ],
        "analysis_reasons": [],
        "landsat_quality_flag": "HIGH",
        "sentinel_quality_flag": "HIGH"
      }
    },
    {
      "type": "Feature",
      "id": "M4B-R-5EEC8B7710-G-R16-C16",
      "geometry": {
        "type": "Polygon",
        "coordinates": [
          [
            [
              120.1631485238149,
              30.26961559253212
            ],
            [
              120.1631501263485,
              30.2718707488615
            ],
            [
              120.16055197414326,
              30.271872113309982
            ],
            [
              120.16055043096266,
              30.269616956919183
            ],
            [
              120.1631485238149,
              30.26961559253212
            ]
          ]
        ]
      },
      "properties": {
        "grid_id": "M4B-R-5EEC8B7710-G-R16-C16",
        "row": 16,
        "column": 16,
        "analysis_status": "ANALYZABLE_LAND",
        "ranking_eligible": true,
        "source_mode": "REAL",
        "population_total": 1523.2854759532004,
        "population_age_0_14": 160.74397712734037,
        "population_age_65_plus": 240.90402591398367,
        "elderly_share": 0.15814765499765385,
        "child_share": 0.10552452555011355,
        "vulnerability_share_raw": 0.14236071616339174,
        "lst_median_c": 48.832574179999995,
        "lst_valid_fraction": 1.0,
        "ndvi_median_land": 0.2151459157353112,
        "green_fraction_land": 0.3232,
        "green_fraction_grid_legacy": 0.3232,
        "water_fraction_grid": 0.0,
        "sentinel_valid_fraction": 1.0,
        "spatial_heat_score": 0.7420382165605095,
        "temporal_severity_score": 0.5238709677419354,
        "hazard_score": 0.6765880419149373,
        "exposure_score": 0.9910356800296952,
        "vulnerability_score": 1.0,
        "adaptive_capacity_score": 0.3232,
        "risk_score": 81.99141367733989,
        "risk_percentile_within_aoi": 0.9522292993630573,
        "hazard_contribution_points": 27.06352167659749,
        "exposure_contribution_points": 24.77589200074238,
        "vulnerability_contribution_points": 20.0,
        "adaptive_deficit_contribution_points": 10.152000000000001,
        "primary_driver": "hazard",
        "temporal_context_id": "era5-temporal:pilot_v1:2026-07-31T03Z",
        "source_ids": [
          "LC09_L2SP_119039_20260731_02_T1",
          "S2C_MSIL2A_20260731T023551_R089_T51RTP_20260731T060913",
          "chn_pop_2026_CN_100m_R2025A_v1.tif"
        ],
        "analysis_reasons": [],
        "landsat_quality_flag": "HIGH",
        "sentinel_quality_flag": "HIGH"
      }
    },
    {
      "type": "Feature",
      "id": "M4B-R-5EEC8B7710-G-R16-C17",
      "geometry": {
        "type": "Polygon",
        "coordinates": [
          [
            [
              120.16574661659396,
              30.269614176658788
            ],
            [
              120.16574827848058,
              30.27186933292443
            ],
            [
              120.1631501263485,
              30.2718707488615
            ],
            [
              120.1631485238149,
              30.26961559253212
            ],
            [
              120.16574661659396,
              30.269614176658788
            ]
          ]
        ]
      },
      "properties": {
        "grid_id": "M4B-R-5EEC8B7710-G-R16-C17",
        "row": 16,
        "column": 17,
        "analysis_status": "ANALYZABLE_LAND",
        "ranking_eligible": true,
        "source_mode": "REAL",
        "population_total": 1598.3165408729158,
        "population_age_0_14": 168.6615962447265,
        "population_age_65_plus": 252.77001254917758,
        "elderly_share": 0.1581476547887867,
        "child_share": 0.10552452654504374,
        "vulnerability_share_raw": 0.1423607163156638,
        "lst_median_c": 49.24102757000003,
        "lst_valid_fraction": 1.0,
        "ndvi_median_land": 0.1868540828466911,
        "green_fraction_land": 0.2688,
        "green_fraction_grid_legacy": 0.2688,
        "water_fraction_grid": 0.0,
        "sentinel_valid_fraction": 1.0,
        "spatial_heat_score": 0.802547770700637,
        "temporal_severity_score": 0.5238709677419354,
        "hazard_score": 0.7189447298130265,
        "exposure_score": 1.0,
        "vulnerability_score": 1.0,
        "adaptive_capacity_score": 0.2688,
        "risk_score": 84.72578919252105,
        "risk_percentile_within_aoi": 0.9681528662420382,
        "hazard_contribution_points": 28.75778919252106,
        "exposure_contribution_points": 25.0,
        "vulnerability_contribution_points": 20.0,
        "adaptive_deficit_contribution_points": 10.968000000000002,
        "primary_driver": "hazard",
        "temporal_context_id": "era5-temporal:pilot_v1:2026-07-31T03Z",
        "source_ids": [
          "LC09_L2SP_119039_20260731_02_T1",
          "S2C_MSIL2A_20260731T023551_R089_T51RTP_20260731T060913",
          "chn_pop_2026_CN_100m_R2025A_v1.tif"
        ],
        "analysis_reasons": [],
        "landsat_quality_flag": "HIGH",
        "sentinel_quality_flag": "HIGH"
      }
    },
    {
      "type": "Feature",
      "id": "M4B-R-5EEC8B7710-G-R16-C18",
      "geometry": {
        "type": "Polygon",
        "coordinates": [
          [
            [
              120.16834470929713,
              30.26961270929922
            ],
            [
              120.16834643053673,
              30.27186786549879
            ],
            [
              120.16574827848058,
              30.27186933292443
            ],
            [
              120.16574661659396,
              30.269614176658788
            ],
            [
              120.16834470929713,
              30.26961270929922
            ]
          ]
        ]
      },
      "properties": {
        "grid_id": "M4B-R-5EEC8B7710-G-R16-C18",
        "row": 16,
        "column": 18,
        "analysis_status": "ANALYZABLE_LAND",
        "ranking_eligible": true,
        "source_mode": "REAL",
        "population_total": 922.7661848240288,
        "population_age_0_14": 97.37446554227593,
        "population_age_65_plus": 145.9333068392756,
        "elderly_share": 0.1581476534785516,
        "child_share": 0.10552452738701647,
        "vulnerability_share_raw": 0.14236071565109104,
        "lst_median_c": 48.336961280000025,
        "lst_valid_fraction": 1.0,
        "ndvi_median_land": 0.42563508451026716,
        "green_fraction_land": 0.6016,
        "green_fraction_grid_legacy": 0.6016,
        "water_fraction_grid": 0.0,
        "sentinel_valid_fraction": 1.0,
        "spatial_heat_score": 0.678343949044586,
        "temporal_severity_score": 0.5238709677419354,
        "hazard_score": 0.6320020546537908,
        "exposure_score": 0.8851438122782145,
        "vulnerability_score": 0.9999999941603053,
        "adaptive_capacity_score": 0.6016,
        "risk_score": 73.3846773763131,
        "risk_percentile_within_aoi": 0.8757961783439491,
        "hazard_contribution_points": 25.28008218615163,
        "exposure_contribution_points": 22.12859530695536,
        "vulnerability_contribution_points": 19.999999883206105,
        "adaptive_deficit_contribution_points": 5.976,
        "primary_driver": "hazard",
        "temporal_context_id": "era5-temporal:pilot_v1:2026-07-31T03Z",
        "source_ids": [
          "LC09_L2SP_119039_20260731_02_T1",
          "S2C_MSIL2A_20260731T023551_R089_T51RTP_20260731T060913",
          "chn_pop_2026_CN_100m_R2025A_v1.tif"
        ],
        "analysis_reasons": [],
        "landsat_quality_flag": "HIGH",
        "sentinel_quality_flag": "HIGH"
      }
    },
    {
      "type": "Feature",
      "id": "M4B-R-5EEC8B7710-G-R16-C19",
      "geometry": {
        "type": "Polygon",
        "coordinates": [
          [
            [
              120.17094280192171,
              30.26961119045337
            ],
            [
              120.17094458251431,
              30.271866346584567
            ],
            [
              120.16834643053673,
              30.27186786549879
            ],
            [
              120.16834470929713,
              30.26961270929922
            ],
            [
              120.17094280192171,
              30.26961119045337
            ]
          ]
        ]
      },
      "properties": {
        "grid_id": "M4B-R-5EEC8B7710-G-R16-C19",
        "row": 16,
        "column": 19,
        "analysis_status": "ANALYZABLE_LAND",
        "ranking_eligible": true,
        "source_mode": "REAL",
        "population_total": 606.5948527188868,
        "population_age_0_14": 64.01063407828775,
        "population_age_65_plus": 95.93155402518194,
        "elderly_share": 0.15814765587804835,
        "child_share": 0.10552452562262687,
        "vulnerability_share_raw": 0.1423607168014219,
        "lst_median_c": 48.2378387,
        "lst_valid_fraction": 1.0,
        "ndvi_median_land": 0.29267106961455347,
        "green_fraction_land": 0.4928,
        "green_fraction_grid_legacy": 0.4928,
        "water_fraction_grid": 0.0,
        "sentinel_valid_fraction": 1.0,
        "spatial_heat_score": 0.6592356687898089,
        "temporal_severity_score": 0.5238709677419354,
        "hazard_score": 0.6186262584754468,
        "exposure_score": 0.79656250519091,
        "vulnerability_score": 1.0,
        "adaptive_capacity_score": 0.4928,
        "risk_score": 72.26711296879064,
        "risk_percentile_within_aoi": 0.8630573248407644,
        "hazard_contribution_points": 24.745050339017872,
        "exposure_contribution_points": 19.91406262977275,
        "vulnerability_contribution_points": 20.0,
        "adaptive_deficit_contribution_points": 7.608,
        "primary_driver": "hazard",
        "temporal_context_id": "era5-temporal:pilot_v1:2026-07-31T03Z",
        "source_ids": [
          "LC09_L2SP_119039_20260731_02_T1",
          "S2C_MSIL2A_20260731T023551_R089_T51RTP_20260731T060913",
          "chn_pop_2026_CN_100m_R2025A_v1.tif"
        ],
        "analysis_reasons": [],
        "landsat_quality_flag": "HIGH",
        "sentinel_quality_flag": "HIGH"
      }
    },
    {
      "type": "Feature",
      "id": "M4B-R-5EEC8B7710-G-R17-C00",
      "geometry": {
        "type": "Polygon",
        "coordinates": [
          [
            [
              120.1215796841261,
              30.27188640140484
            ],
            [
              120.12158033706982,
              30.274141557661423
            ],
            [
              120.1189821247038,
              30.27414209831647
            ],
            [
              120.1189815311186,
              30.27188694203553
            ],
            [
              120.1215796841261,
              30.27188640140484
            ]
          ]
        ]
      },
      "properties": {
        "grid_id": "M4B-R-5EEC8B7710-G-R17-C00",
        "row": 17,
        "column": 0,
        "analysis_status": "ANALYZABLE_LAND",
        "ranking_eligible": true,
        "source_mode": "REAL",
        "population_total": 1207.8105214964744,
        "population_age_0_14": 134.35582665960823,
        "population_age_65_plus": 134.39877237269647,
        "elderly_share": 0.1112747156782313,
        "child_share": 0.11123915901406595,
        "vulnerability_share_raw": 0.1112640486789817,
        "lst_median_c": 48.29936306000002,
        "lst_valid_fraction": 1.0,
        "ndvi_median_land": 0.3079461522139631,
        "green_fraction_land": 0.5136,
        "green_fraction_grid_legacy": 0.5136,
        "water_fraction_grid": 0.0,
        "sentinel_valid_fraction": 1.0,
        "spatial_heat_score": 0.6719745222929936,
        "temporal_severity_score": 0.5238709677419354,
        "hazard_score": 0.6275434559276761,
        "exposure_score": 0.9420059868342512,
        "vulnerability_score": 0.22000380075894901,
        "adaptive_capacity_score": 0.5136,
        "risk_score": 60.34796392314231,
        "risk_percentile_within_aoi": 0.6464968152866242,
        "hazard_contribution_points": 25.101738237107046,
        "exposure_contribution_points": 23.55014967085628,
        "vulnerability_contribution_points": 4.40007601517898,
        "adaptive_deficit_contribution_points": 7.296000000000001,
        "primary_driver": "hazard",
        "temporal_context_id": "era5-temporal:pilot_v1:2026-07-31T03Z",
        "source_ids": [
          "LC09_L2SP_119039_20260731_02_T1",
          "S2C_MSIL2A_20260731T023551_R089_T51RTP_20260731T060913",
          "chn_pop_2026_CN_100m_R2025A_v1.tif"
        ],
        "analysis_reasons": [],
        "landsat_quality_flag": "HIGH",
        "sentinel_quality_flag": "HIGH"
      }
    },
    {
      "type": "Feature",
      "id": "M4B-R-5EEC8B7710-G-R17-C01",
      "geometry": {
        "type": "Polygon",
        "coordinates": [
          [
            [
              120.12417783710382,
              30.271885809285507
            ],
            [
              120.124178549406,
              30.274140965515436
            ],
            [
              120.12158033706982,
              30.274141557661423
            ],
            [
              120.1215796841261,
              30.27188640140484
            ],
            [
              120.12417783710382,
              30.271885809285507
            ]
          ]
        ]
      },
      "properties": {
        "grid_id": "M4B-R-5EEC8B7710-G-R17-C01",
        "row": 17,
        "column": 1,
        "analysis_status": "ANALYZABLE_LAND",
        "ranking_eligible": true,
        "source_mode": "REAL",
        "population_total": 1203.169821357765,
        "population_age_0_14": 133.8396008851821,
        "population_age_65_plus": 133.88237834613034,
        "elderly_share": 0.11127471448298581,
        "child_share": 0.11123916051530072,
        "vulnerability_share_raw": 0.11126404829268027,
        "lst_median_c": 47.896036700000025,
        "lst_valid_fraction": 1.0,
        "ndvi_median_land": 0.4683490138235127,
        "green_fraction_land": 0.6976,
        "green_fraction_grid_legacy": 0.6976,
        "water_fraction_grid": 0.0,
        "sentinel_valid_fraction": 1.0,
        "spatial_heat_score": 0.6178343949044586,
        "temporal_severity_score": 0.5238709677419354,
        "hazard_score": 0.5896453667557016,
        "exposure_score": 0.9411927080843767,
        "vulnerability_score": 0.22000379106936915,
        "adaptive_capacity_score": 0.6976,
        "risk_score": 56.051708193724856,
        "risk_percentile_within_aoi": 0.5636942675159236,
        "hazard_contribution_points": 23.58581467022806,
        "exposure_contribution_points": 23.52981770210942,
        "vulnerability_contribution_points": 4.400075821387383,
        "adaptive_deficit_contribution_points": 4.536,
        "primary_driver": "hazard",
        "temporal_context_id": "era5-temporal:pilot_v1:2026-07-31T03Z",
        "source_ids": [
          "LC09_L2SP_119039_20260731_02_T1",
          "S2C_MSIL2A_20260731T023551_R089_T51RTP_20260731T060913",
          "chn_pop_2026_CN_100m_R2025A_v1.tif"
        ],
        "analysis_reasons": [],
        "landsat_quality_flag": "HIGH",
        "sentinel_quality_flag": "HIGH"
      }
    },
    {
      "type": "Feature",
      "id": "M4B-R-5EEC8B7710-G-R17-C02",
      "geometry": {
        "type": "Polygon",
        "coordinates": [
          [
            [
              120.12677599004897,
              30.271885165677553
            ],
            [
              120.12677676170968,
              30.27414032187851
            ],
            [
              120.124178549406,
              30.274140965515436
            ],
            [
              120.12417783710382,
              30.271885809285507
            ],
            [
              120.12677599004897,
              30.271885165677553
            ]
          ]
        ]
      },
      "properties": {
        "grid_id": "M4B-R-5EEC8B7710-G-R17-C02",
        "row": 17,
        "column": 2,
        "analysis_status": "ANALYZABLE_LAND",
        "ranking_eligible": true,
        "source_mode": "REAL",
        "population_total": 1131.833946953035,
        "population_age_0_14": 125.90426039016158,
        "population_age_65_plus": 125.94450153028212,
        "elderly_share": 0.11127471646289838,
        "child_share": 0.11123916253714021,
        "vulnerability_share_raw": 0.11126405028517092,
        "lst_median_c": 46.63307831000003,
        "lst_valid_fraction": 1.0,
        "ndvi_median_land": 0.42936869862705596,
        "green_fraction_land": 0.6432,
        "green_fraction_grid_legacy": 0.6432,
        "water_fraction_grid": 0.0,
        "sentinel_valid_fraction": 1.0,
        "spatial_heat_score": 0.48089171974522293,
        "temporal_severity_score": 0.5238709677419354,
        "hazard_score": 0.49378549414423667,
        "exposure_score": 0.9282807329534359,
        "vulnerability_score": 0.22000384104691562,
        "adaptive_capacity_score": 0.6432,
        "risk_score": 52.71051491054368,
        "risk_percentile_within_aoi": 0.4745222929936306,
        "hazard_contribution_points": 19.751419765769466,
        "exposure_contribution_points": 23.2070183238359,
        "vulnerability_contribution_points": 4.400076820938312,
        "adaptive_deficit_contribution_points": 5.352,
        "primary_driver": "exposure",
        "temporal_context_id": "era5-temporal:pilot_v1:2026-07-31T03Z",
        "source_ids": [
          "LC09_L2SP_119039_20260731_02_T1",
          "S2C_MSIL2A_20260731T023551_R089_T51RTP_20260731T060913",
          "chn_pop_2026_CN_100m_R2025A_v1.tif"
        ],
        "analysis_reasons": [],
        "landsat_quality_flag": "HIGH",
        "sentinel_quality_flag": "HIGH"
      }
    },
    {
      "type": "Feature",
      "id": "M4B-R-5EEC8B7710-G-R17-C03",
      "geometry": {
        "type": "Polygon",
        "coordinates": [
          [
            [
              120.12937414295891,
              30.271884470580964
            ],
            [
              120.1293749739781,
              30.27413962675063
            ],
            [
              120.12677676170968,
              30.27414032187851
            ],
            [
              120.12677599004897,
              30.271885165677553
            ],
            [
              120.12937414295891,
              30.271884470580964
            ]
          ]
        ]
      },
      "properties": {
        "grid_id": "M4B-R-5EEC8B7710-G-R17-C03",
        "row": 17,
        "column": 3,
        "analysis_status": "ANALYZABLE_LAND",
        "ranking_eligible": true,
        "source_mode": "REAL",
        "population_total": 798.2013334777572,
        "population_age_0_14": 88.79124754575022,
        "population_age_65_plus": 88.81962670560982,
        "elderly_share": 0.11127471601509781,
        "child_share": 0.1112391621282909,
        "vulnerability_share_raw": 0.11126404984905575,
        "lst_median_c": 46.761254060000056,
        "lst_valid_fraction": 1.0,
        "ndvi_median_land": 0.52298957695109,
        "green_fraction_land": 0.688,
        "green_fraction_grid_legacy": 0.688,
        "water_fraction_grid": 0.0,
        "sentinel_valid_fraction": 1.0,
        "spatial_heat_score": 0.5031847133757962,
        "temporal_severity_score": 0.5238709677419354,
        "hazard_score": 0.5093905896856379,
        "exposure_score": 0.8545181162345031,
        "vulnerability_score": 0.22000383010785984,
        "adaptive_capacity_score": 0.688,
        "risk_score": 50.818653095445285,
        "risk_percentile_within_aoi": 0.44904458598726116,
        "hazard_contribution_points": 20.375623587425515,
        "exposure_contribution_points": 21.362952905862578,
        "vulnerability_contribution_points": 4.400076602157197,
        "adaptive_deficit_contribution_points": 4.680000000000001,
        "primary_driver": "exposure",
        "temporal_context_id": "era5-temporal:pilot_v1:2026-07-31T03Z",
        "source_ids": [
          "LC09_L2SP_119039_20260731_02_T1",
          "S2C_MSIL2A_20260731T023551_R089_T51RTP_20260731T060913",
          "chn_pop_2026_CN_100m_R2025A_v1.tif"
        ],
        "analysis_reasons": [],
        "landsat_quality_flag": "HIGH",
        "sentinel_quality_flag": "HIGH"
      }
    },
    {
      "type": "Feature",
      "id": "M4B-R-5EEC8B7710-G-R17-C04",
      "geometry": {
        "type": "Polygon",
        "coordinates": [
          [
            [
              120.13197229583089,
              30.271883723995753
            ],
            [
              120.13197318620857,
              30.274138880131815
            ],
            [
              120.1293749739781,
              30.27413962675063
            ],
            [
              120.12937414295891,
              30.271884470580964
            ],
            [
              120.13197229583089,
              30.271883723995753
            ]
          ]
        ]
      },
      "properties": {
        "grid_id": "M4B-R-5EEC8B7710-G-R17-C04",
        "row": 17,
        "column": 4,
        "analysis_status": "ANALYZABLE_LAND",
        "ranking_eligible": true,
        "source_mode": "REAL",
        "population_total": 846.8905217465338,
        "population_age_0_14": 94.20738889460294,
        "population_age_65_plus": 94.23750047206968,
        "elderly_share": 0.11127471385288933,
        "child_share": 0.1112391583983252,
        "vulnerability_share_raw": 0.11126404721652008,
        "lst_median_c": 47.25344894000003,
        "lst_valid_fraction": 1.0,
        "ndvi_median_land": 0.3127959085489944,
        "green_fraction_land": 0.5072,
        "green_fraction_grid_legacy": 0.5072,
        "water_fraction_grid": 0.0,
        "sentinel_valid_fraction": 1.0,
        "spatial_heat_score": 0.5445859872611465,
        "temporal_severity_score": 0.5238709677419354,
        "hazard_score": 0.5383714814053832,
        "exposure_score": 0.8670221583907234,
        "vulnerability_score": 0.2200037640760952,
        "adaptive_capacity_score": 0.5072,
        "risk_score": 55.00248849750532,
        "risk_percentile_within_aoi": 0.5318471337579618,
        "hazard_contribution_points": 21.534859256215327,
        "exposure_contribution_points": 21.675553959768084,
        "vulnerability_contribution_points": 4.400075281521904,
        "adaptive_deficit_contribution_points": 7.392,
        "primary_driver": "exposure",
        "temporal_context_id": "era5-temporal:pilot_v1:2026-07-31T03Z",
        "source_ids": [
          "LC09_L2SP_119039_20260731_02_T1",
          "S2C_MSIL2A_20260731T023551_R089_T51RTP_20260731T060913",
          "chn_pop_2026_CN_100m_R2025A_v1.tif"
        ],
        "analysis_reasons": [],
        "landsat_quality_flag": "HIGH",
        "sentinel_quality_flag": "HIGH"
      }
    },
    {
      "type": "Feature",
      "id": "M4B-R-5EEC8B7710-G-R17-C05",
      "geometry": {
        "type": "Polygon",
        "coordinates": [
          [
            [
              120.13457044866223,
              30.271882925921926
            ],
            [
              120.13457139839838,
              30.27413808202205
            ],
            [
              120.13197318620857,
              30.274138880131815
            ],
            [
              120.13197229583089,
              30.271883723995753
            ],
            [
              120.13457044866223,
              30.271882925921926
            ]
          ]
        ]
      },
      "properties": {
        "grid_id": "M4B-R-5EEC8B7710-G-R17-C05",
        "row": 17,
        "column": 5,
        "analysis_status": "ANALYZABLE_LAND",
        "ranking_eligible": true,
        "source_mode": "REAL",
        "population_total": 914.0283568629195,
        "population_age_0_14": 101.67574886909892,
        "population_age_65_plus": 101.70824556053076,
        "elderly_share": 0.11127471570970565,
        "child_share": 0.11123916244575292,
        "vulnerability_share_raw": 0.11126404973051982,
        "lst_median_c": 45.01122781999999,
        "lst_valid_fraction": 1.0,
        "ndvi_median_land": 0.5378685419777937,
        "green_fraction_land": 0.7248,
        "green_fraction_grid_legacy": 0.7248,
        "water_fraction_grid": 0.0,
        "sentinel_valid_fraction": 1.0,
        "spatial_heat_score": 0.36942675159235666,
        "temporal_severity_score": 0.5238709677419354,
        "hazard_score": 0.41576001643723026,
        "exposure_score": 0.8831343367629861,
        "vulnerability_score": 0.22000382713462882,
        "adaptive_capacity_score": 0.7248,
        "risk_score": 47.23683561925644,
        "risk_percentile_within_aoi": 0.410828025477707,
        "hazard_contribution_points": 16.63040065748921,
        "exposure_contribution_points": 22.078358419074654,
        "vulnerability_contribution_points": 4.4000765426925765,
        "adaptive_deficit_contribution_points": 4.128,
        "primary_driver": "exposure",
        "temporal_context_id": "era5-temporal:pilot_v1:2026-07-31T03Z",
        "source_ids": [
          "LC09_L2SP_119039_20260731_02_T1",
          "S2C_MSIL2A_20260731T023551_R089_T51RTP_20260731T060913",
          "chn_pop_2026_CN_100m_R2025A_v1.tif"
        ],
        "analysis_reasons": [],
        "landsat_quality_flag": "HIGH",
        "sentinel_quality_flag": "HIGH"
      }
    },
    {
      "type": "Feature",
      "id": "M4B-R-5EEC8B7710-G-R17-C06",
      "geometry": {
        "type": "Polygon",
        "coordinates": [
          [
            [
              120.1371686014502,
              30.271882076359475
            ],
            [
              120.13716961054483,
              30.274137232421346
            ],
            [
              120.13457139839838,
              30.27413808202205
            ],
            [
              120.13457044866223,
              30.271882925921926
            ],
            [
              120.1371686014502,
              30.271882076359475
            ]
          ]
        ]
      },
      "properties": {
        "grid_id": "M4B-R-5EEC8B7710-G-R17-C06",
        "row": 17,
        "column": 6,
        "analysis_status": "ANALYZABLE_LAND",
        "ranking_eligible": true,
        "source_mode": "REAL",
        "population_total": 909.0111714158027,
        "population_age_0_14": 101.11763847922165,
        "population_age_65_plus": 101.14995898500717,
        "elderly_share": 0.1112747149492829,
        "child_share": 0.11123915927427927,
        "vulnerability_share_raw": 0.11126404824678181,
        "lst_median_c": 44.82665474000001,
        "lst_valid_fraction": 1.0,
        "ndvi_median_land": 0.6019466448892185,
        "green_fraction_land": 0.824,
        "green_fraction_grid_legacy": 0.824,
        "water_fraction_grid": 0.0,
        "sentinel_valid_fraction": 1.0,
        "spatial_heat_score": 0.35987261146496813,
        "temporal_severity_score": 0.5238709677419354,
        "hazard_score": 0.40907211834805823,
        "exposure_score": 0.8819718229045083,
        "vulnerability_score": 0.22000378991810016,
        "adaptive_capacity_score": 0.824,
        "risk_score": 45.45225610489704,
        "risk_percentile_within_aoi": 0.39171974522292996,
        "hazard_contribution_points": 16.36288473392233,
        "exposure_contribution_points": 22.049295572612706,
        "vulnerability_contribution_points": 4.400075798362003,
        "adaptive_deficit_contribution_points": 2.6400000000000006,
        "primary_driver": "exposure",
        "temporal_context_id": "era5-temporal:pilot_v1:2026-07-31T03Z",
        "source_ids": [
          "LC09_L2SP_119039_20260731_02_T1",
          "S2C_MSIL2A_20260731T023551_R089_T51RTP_20260731T060913",
          "chn_pop_2026_CN_100m_R2025A_v1.tif"
        ],
        "analysis_reasons": [],
        "landsat_quality_flag": "HIGH",
        "sentinel_quality_flag": "HIGH"
      }
    },
    {
      "type": "Feature",
      "id": "M4B-R-5EEC8B7710-G-R17-C07",
      "geometry": {
        "type": "Polygon",
        "coordinates": [
          [
            [
              120.13976675419211,
              30.27188117530841
            ],
            [
              120.1397678226452,
              30.274136331329718
            ],
            [
              120.13716961054483,
              30.274137232421346
            ],
            [
              120.1371686014502,
              30.271882076359475
            ],
            [
              120.13976675419211,
              30.27188117530841
            ]
          ]
        ]
      },
      "properties": {
        "grid_id": "M4B-R-5EEC8B7710-G-R17-C07",
        "row": 17,
        "column": 7,
        "analysis_status": "ANALYZABLE_LAND",
        "ranking_eligible": true,
        "source_mode": "REAL",
        "population_total": 666.461100232678,
        "population_age_0_14": 74.1365723569883,
        "population_age_65_plus": 74.16026457804257,
        "elderly_share": 0.11127470838455748,
        "child_share": 0.11123915909136392,
        "vulnerability_share_raw": 0.1112640435965994,
        "lst_median_c": 46.414325030000015,
        "lst_valid_fraction": 1.0,
        "ndvi_median_land": 0.5321011962246763,
        "green_fraction_land": 0.7872,
        "green_fraction_grid_legacy": 0.7872,
        "water_fraction_grid": 0.0,
        "sentinel_valid_fraction": 1.0,
        "spatial_heat_score": 0.4585987261146497,
        "temporal_severity_score": 0.5238709677419354,
        "hazard_score": 0.47818039860283534,
        "exposure_score": 0.8164317516064806,
        "vulnerability_score": 0.22000367327779982,
        "adaptive_capacity_score": 0.7872,
        "risk_score": 47.13008319983143,
        "risk_percentile_within_aoi": 0.40764331210191085,
        "hazard_contribution_points": 19.127215944113413,
        "exposure_contribution_points": 20.410793790162014,
        "vulnerability_contribution_points": 4.400073465555996,
        "adaptive_deficit_contribution_points": 3.1919999999999997,
        "primary_driver": "exposure",
        "temporal_context_id": "era5-temporal:pilot_v1:2026-07-31T03Z",
        "source_ids": [
          "LC09_L2SP_119039_20260731_02_T1",
          "S2C_MSIL2A_20260731T023551_R089_T51RTP_20260731T060913",
          "chn_pop_2026_CN_100m_R2025A_v1.tif"
        ],
        "analysis_reasons": [],
        "landsat_quality_flag": "HIGH",
        "sentinel_quality_flag": "HIGH"
      }
    },
    {
      "type": "Feature",
      "id": "M4B-R-5EEC8B7710-G-R17-C08",
      "geometry": {
        "type": "Polygon",
        "coordinates": [
          [
            [
              120.1423649068852,
              30.27188022276872
            ],
            [
              120.14236603469678,
              30.274135378747147
            ],
            [
              120.1397678226452,
              30.274136331329718
            ],
            [
              120.13976675419211,
              30.27188117530841
            ],
            [
              120.1423649068852,
              30.27188022276872
            ]
          ]
        ]
      },
      "properties": {
        "grid_id": "M4B-R-5EEC8B7710-G-R17-C08",
        "row": 17,
        "column": 8,
        "analysis_status": "ANALYZABLE_LAND",
        "ranking_eligible": true,
        "source_mode": "REAL",
        "population_total": 1378.6510722432154,
        "population_age_0_14": 153.35998750660443,
        "population_age_65_plus": 153.4090031302384,
        "elderly_share": 0.11127471353619973,
        "child_share": 0.11123916021555115,
        "vulnerability_share_raw": 0.11126404754000517,
        "lst_median_c": 48.95562289999998,
        "lst_valid_fraction": 1.0,
        "ndvi_median_land": 0.2234523664461561,
        "green_fraction_land": 0.3632,
        "green_fraction_grid_legacy": 0.3632,
        "water_fraction_grid": 0.0,
        "sentinel_valid_fraction": 1.0,
        "spatial_heat_score": 0.767515923566879,
        "temporal_severity_score": 0.5238709677419354,
        "hazard_score": 0.694422436819396,
        "exposure_score": 0.9699565271673385,
        "vulnerability_score": 0.22000377219005596,
        "adaptive_capacity_score": 0.3632,
        "risk_score": 65.97788609576043,
        "risk_percentile_within_aoi": 0.7611464968152867,
        "hazard_contribution_points": 27.77689747277584,
        "exposure_contribution_points": 24.24891317918346,
        "vulnerability_contribution_points": 4.40007544380112,
        "adaptive_deficit_contribution_points": 9.552,
        "primary_driver": "hazard",
        "temporal_context_id": "era5-temporal:pilot_v1:2026-07-31T03Z",
        "source_ids": [
          "LC09_L2SP_119039_20260731_02_T1",
          "S2C_MSIL2A_20260731T023551_R089_T51RTP_20260731T060913",
          "chn_pop_2026_CN_100m_R2025A_v1.tif"
        ],
        "analysis_reasons": [],
        "landsat_quality_flag": "HIGH",
        "sentinel_quality_flag": "HIGH"
      }
    },
    {
      "type": "Feature",
      "id": "M4B-R-5EEC8B7710-G-R17-C09",
      "geometry": {
        "type": "Polygon",
        "coordinates": [
          [
            [
              120.14496305952682,
              30.271879218740427
            ],
            [
              120.14496424669684,
              30.274134374673647
            ],
            [
              120.14236603469678,
              30.274135378747147
            ],
            [
              120.1423649068852,
              30.27188022276872
            ],
            [
              120.14496305952682,
              30.271879218740427
            ]
          ]
        ]
      },
      "properties": {
        "grid_id": "M4B-R-5EEC8B7710-G-R17-C09",
        "row": 17,
        "column": 9,
        "analysis_status": "ANALYZABLE_LAND",
        "ranking_eligible": true,
        "source_mode": "REAL",
        "population_total": 1369.516028202933,
        "population_age_0_14": 152.34381364196565,
        "population_age_65_plus": 152.39250150801337,
        "elderly_share": 0.11127471191993384,
        "child_share": 0.11123916077263431,
        "vulnerability_share_raw": 0.11126404657574399,
        "lst_median_c": 50.65096082000002,
        "lst_valid_fraction": 1.0,
        "ndvi_median_land": 0.2748487183274015,
        "green_fraction_land": 0.4688,
        "green_fraction_grid_legacy": 0.4688,
        "water_fraction_grid": 0.0,
        "sentinel_valid_fraction": 1.0,
        "spatial_heat_score": 0.9490445859872612,
        "temporal_severity_score": 0.5238709677419354,
        "hazard_score": 0.8214925005136634,
        "exposure_score": 0.9685518959169699,
        "vulnerability_score": 0.2200037480035393,
        "adaptive_capacity_score": 0.4688,
        "risk_score": 69.44157237854157,
        "risk_percentile_within_aoi": 0.8184713375796179,
        "hazard_contribution_points": 32.85970002054653,
        "exposure_contribution_points": 24.213797397924246,
        "vulnerability_contribution_points": 4.4000749600707865,
        "adaptive_deficit_contribution_points": 7.968,
        "primary_driver": "hazard",
        "temporal_context_id": "era5-temporal:pilot_v1:2026-07-31T03Z",
        "source_ids": [
          "LC09_L2SP_119039_20260731_02_T1",
          "S2C_MSIL2A_20260731T023551_R089_T51RTP_20260731T060913",
          "chn_pop_2026_CN_100m_R2025A_v1.tif"
        ],
        "analysis_reasons": [],
        "landsat_quality_flag": "HIGH",
        "sentinel_quality_flag": "HIGH"
      }
    },
    {
      "type": "Feature",
      "id": "M4B-R-5EEC8B7710-G-R17-C10",
      "geometry": {
        "type": "Polygon",
        "coordinates": [
          [
            [
              120.14756121211423,
              30.271878163223523
            ],
            [
              120.14756245864268,
              30.274133319109225
            ],
            [
              120.14496424669684,
              30.274134374673647
            ],
            [
              120.14496305952682,
              30.271879218740427
            ],
            [
              120.14756121211423,
              30.271878163223523
            ]
          ]
        ]
      },
      "properties": {
        "grid_id": "M4B-R-5EEC8B7710-G-R17-C10",
        "row": 17,
        "column": 10,
        "analysis_status": "ANALYZABLE_LAND",
        "ranking_eligible": true,
        "source_mode": "REAL",
        "population_total": 1679.1344434830276,
        "population_age_0_14": 186.7855061704658,
        "population_age_65_plus": 186.84520268094903,
        "elderly_share": 0.1112747126390762,
        "child_share": 0.11123916068508292,
        "vulnerability_share_raw": 0.1112640470528782,
        "lst_median_c": 51.36703601000002,
        "lst_valid_fraction": 1.0,
        "ndvi_median_land": 0.31846839171015495,
        "green_fraction_land": 0.5456,
        "green_fraction_grid_legacy": 0.5456,
        "water_fraction_grid": 0.0,
        "sentinel_valid_fraction": 1.0,
        "spatial_heat_score": 0.9808917197452229,
        "temporal_severity_score": 0.5238709677419354,
        "hazard_score": 0.8437854941442366,
        "exposure_score": 1.0,
        "vulnerability_score": 0.2200037599714739,
        "adaptive_capacity_score": 0.5456,
        "risk_score": 69.96749496519895,
        "risk_percentile_within_aoi": 0.8280254777070064,
        "hazard_contribution_points": 33.75141976576947,
        "exposure_contribution_points": 25.0,
        "vulnerability_contribution_points": 4.400075199429478,
        "adaptive_deficit_contribution_points": 6.816000000000001,
        "primary_driver": "hazard",
        "temporal_context_id": "era5-temporal:pilot_v1:2026-07-31T03Z",
        "source_ids": [
          "LC09_L2SP_119039_20260731_02_T1",
          "S2C_MSIL2A_20260731T023551_R089_T51RTP_20260731T060913",
          "chn_pop_2026_CN_100m_R2025A_v1.tif"
        ],
        "analysis_reasons": [],
        "landsat_quality_flag": "HIGH",
        "sentinel_quality_flag": "HIGH"
      }
    },
    {
      "type": "Feature",
      "id": "M4B-R-5EEC8B7710-G-R17-C11",
      "geometry": {
        "type": "Polygon",
        "coordinates": [
          [
            [
              120.15015936464472,
              30.271877056218013
            ],
            [
              120.15016067053162,
              30.274132212053875
            ],
            [
              120.14756245864268,
              30.274133319109225
            ],
            [
              120.14756121211423,
              30.271878163223523
            ],
            [
              120.15015936464472,
              30.271877056218013
            ]
          ]
        ]
      },
      "properties": {
        "grid_id": "M4B-R-5EEC8B7710-G-R17-C11",
        "row": 17,
        "column": 11,
        "analysis_status": "ANALYZABLE_LAND",
        "ranking_eligible": true,
        "source_mode": "REAL",
        "population_total": 1625.6081369533824,
        "population_age_0_14": 180.4356279093247,
        "population_age_65_plus": 184.13437900997639,
        "elderly_share": 0.11327107365190114,
        "child_share": 0.11099577063355894,
        "vulnerability_share_raw": 0.11258848274639847,
        "lst_median_c": 50.432207540000036,
        "lst_valid_fraction": 1.0,
        "ndvi_median_land": 0.19022158249096072,
        "green_fraction_land": 0.2784,
        "green_fraction_grid_legacy": 0.2784,
        "water_fraction_grid": 0.0,
        "sentinel_valid_fraction": 1.0,
        "spatial_heat_score": 0.9363057324840764,
        "temporal_severity_score": 0.5238709677419354,
        "hazard_score": 0.8125753030614341,
        "exposure_score": 1.0,
        "vulnerability_score": 0.25322451640422095,
        "adaptive_capacity_score": 0.2784,
        "risk_score": 73.39150245054178,
        "risk_percentile_within_aoi": 0.8789808917197452,
        "hazard_contribution_points": 32.50301212245736,
        "exposure_contribution_points": 25.0,
        "vulnerability_contribution_points": 5.064490328084419,
        "adaptive_deficit_contribution_points": 10.824,
        "primary_driver": "hazard",
        "temporal_context_id": "era5-temporal:pilot_v1:2026-07-31T03Z",
        "source_ids": [
          "LC09_L2SP_119039_20260731_02_T1",
          "S2C_MSIL2A_20260731T023551_R089_T51RTP_20260731T060913",
          "chn_pop_2026_CN_100m_R2025A_v1.tif"
        ],
        "analysis_reasons": [],
        "landsat_quality_flag": "HIGH",
        "sentinel_quality_flag": "HIGH"
      }
    },
    {
      "type": "Feature",
      "id": "M4B-R-5EEC8B7710-G-R17-C12",
      "geometry": {
        "type": "Polygon",
        "coordinates": [
          [
            [
              120.15275751711556,
              30.271875897723895
            ],
            [
              120.1527588823609,
              30.274131053507595
            ],
            [
              120.15016067053162,
              30.274132212053875
            ],
            [
              120.15015936464472,
              30.271877056218013
            ],
            [
              120.15275751711556,
              30.271875897723895
            ]
          ]
        ]
      },
      "properties": {
        "grid_id": "M4B-R-5EEC8B7710-G-R17-C12",
        "row": 17,
        "column": 12,
        "analysis_status": "ANALYZABLE_LAND",
        "ranking_eligible": true,
        "source_mode": "REAL",
        "population_total": 1227.2289276299548,
        "population_age_0_14": 130.02914662841857,
        "population_age_65_plus": 189.76573971701302,
        "elderly_share": 0.1546294545741289,
        "child_share": 0.10595345636085442,
        "vulnerability_share_raw": 0.14002665511014653,
        "lst_median_c": 48.83428319000001,
        "lst_valid_fraction": 1.0,
        "ndvi_median_land": 0.187452231167181,
        "green_fraction_land": 0.3696,
        "green_fraction_grid_legacy": 0.3696,
        "water_fraction_grid": 0.0,
        "sentinel_valid_fraction": 1.0,
        "spatial_heat_score": 0.7484076433121019,
        "temporal_severity_score": 0.5238709677419354,
        "hazard_score": 0.6810466406410519,
        "exposure_score": 0.9453755172285728,
        "vulnerability_score": 0.9414548665188802,
        "adaptive_capacity_score": 0.3696,
        "risk_score": 79.161350886734,
        "risk_percentile_within_aoi": 0.9299363057324841,
        "hazard_contribution_points": 27.241865625642077,
        "exposure_contribution_points": 23.634387930714322,
        "vulnerability_contribution_points": 18.829097330377603,
        "adaptive_deficit_contribution_points": 9.456000000000001,
        "primary_driver": "hazard",
        "temporal_context_id": "era5-temporal:pilot_v1:2026-07-31T03Z",
        "source_ids": [
          "LC09_L2SP_119039_20260731_02_T1",
          "S2C_MSIL2A_20260731T023551_R089_T51RTP_20260731T060913",
          "chn_pop_2026_CN_100m_R2025A_v1.tif"
        ],
        "analysis_reasons": [],
        "landsat_quality_flag": "HIGH",
        "sentinel_quality_flag": "HIGH"
      }
    },
    {
      "type": "Feature",
      "id": "M4B-R-5EEC8B7710-G-R17-C13",
      "geometry": {
        "type": "Polygon",
        "coordinates": [
          [
            [
              120.1553556695241,
              30.271874687741192
            ],
            [
              120.15535709412785,
              30.274129843470423
            ],
            [
              120.1527588823609,
              30.274131053507595
            ],
            [
              120.15275751711556,
              30.271875897723895
            ],
            [
              120.1553556695241,
              30.271874687741192
            ]
          ]
        ]
      },
      "properties": {
        "grid_id": "M4B-R-5EEC8B7710-G-R17-C13",
        "row": 17,
        "column": 13,
        "analysis_status": "ANALYZABLE_LAND",
        "ranking_eligible": true,
        "source_mode": "REAL",
        "population_total": 1284.4064965526597,
        "population_age_0_14": 135.5363856751727,
        "population_age_65_plus": 203.12587315691178,
        "elderly_share": 0.15814765317841395,
        "child_share": 0.10552452517092653,
        "vulnerability_share_raw": 0.14236071477616774,
        "lst_median_c": 48.78643091000001,
        "lst_valid_fraction": 1.0,
        "ndvi_median_land": 0.3003591199917357,
        "green_fraction_land": 0.5008,
        "green_fraction_grid_legacy": 0.5008,
        "water_fraction_grid": 0.0,
        "sentinel_valid_fraction": 1.0,
        "spatial_heat_score": 0.7356687898089171,
        "temporal_severity_score": 0.5238709677419354,
        "hazard_score": 0.6721294431888226,
        "exposure_score": 0.9549962352459243,
        "vulnerability_score": 0.9999999722146464,
        "adaptive_capacity_score": 0.5008,
        "risk_score": 78.24808305299393,
        "risk_percentile_within_aoi": 0.9203821656050956,
        "hazard_contribution_points": 26.885177727552904,
        "exposure_contribution_points": 23.874905881148106,
        "vulnerability_contribution_points": 19.99999944429293,
        "adaptive_deficit_contribution_points": 7.4879999999999995,
        "primary_driver": "hazard",
        "temporal_context_id": "era5-temporal:pilot_v1:2026-07-31T03Z",
        "source_ids": [
          "LC09_L2SP_119039_20260731_02_T1",
          "S2C_MSIL2A_20260731T023551_R089_T51RTP_20260731T060913",
          "chn_pop_2026_CN_100m_R2025A_v1.tif"
        ],
        "analysis_reasons": [],
        "landsat_quality_flag": "HIGH",
        "sentinel_quality_flag": "HIGH"
      }
    },
    {
      "type": "Feature",
      "id": "M4B-R-5EEC8B7710-G-R17-C14",
      "geometry": {
        "type": "Polygon",
        "coordinates": [
          [
            [
              120.15795382186755,
              30.27187342626988
            ],
            [
              120.15795530582973,
              30.274128581942318
            ],
            [
              120.15535709412785,
              30.274129843470423
            ],
            [
              120.1553556695241,
              30.271874687741192
            ],
            [
              120.15795382186755,
              30.27187342626988
            ]
          ]
        ]
      },
      "properties": {
        "grid_id": "M4B-R-5EEC8B7710-G-R17-C14",
        "row": 17,
        "column": 14,
        "analysis_status": "ANALYZABLE_LAND",
        "ranking_eligible": true,
        "source_mode": "REAL",
        "population_total": 1133.7847020658442,
        "population_age_0_14": 119.64209160028128,
        "population_age_65_plus": 179.30539082143932,
        "elderly_share": 0.15814765404289802,
        "child_share": 0.1055245245259387,
        "vulnerability_share_raw": 0.1423607151878102,
        "lst_median_c": 49.02227429000001,
        "lst_valid_fraction": 1.0,
        "ndvi_median_land": 0.15364189833223843,
        "green_fraction_land": 0.344,
        "green_fraction_grid_legacy": 0.344,
        "water_fraction_grid": 0.0,
        "sentinel_valid_fraction": 1.0,
        "spatial_heat_score": 0.7834394904458599,
        "temporal_severity_score": 0.5238709677419354,
        "hazard_score": 0.7055689336346825,
        "exposure_score": 0.9286445156242605,
        "vulnerability_score": 0.9999999825398546,
        "adaptive_capacity_score": 0.344,
        "risk_score": 81.27886988679091,
        "risk_percentile_within_aoi": 0.945859872611465,
        "hazard_contribution_points": 28.2227573453873,
        "exposure_contribution_points": 23.216112890606514,
        "vulnerability_contribution_points": 19.99999965079709,
        "adaptive_deficit_contribution_points": 9.84,
        "primary_driver": "hazard",
        "temporal_context_id": "era5-temporal:pilot_v1:2026-07-31T03Z",
        "source_ids": [
          "LC09_L2SP_119039_20260731_02_T1",
          "S2C_MSIL2A_20260731T023551_R089_T51RTP_20260731T060913",
          "chn_pop_2026_CN_100m_R2025A_v1.tif"
        ],
        "analysis_reasons": [],
        "landsat_quality_flag": "HIGH",
        "sentinel_quality_flag": "HIGH"
      }
    },
    {
      "type": "Feature",
      "id": "M4B-R-5EEC8B7710-G-R17-C15",
      "geometry": {
        "type": "Polygon",
        "coordinates": [
          [
            [
              120.16055197414326,
              30.271872113309982
            ],
            [
              120.16055351746384,
              30.274127268923312
            ],
            [
              120.15795530582973,
              30.274128581942318
            ],
            [
              120.15795382186755,
              30.27187342626988
            ],
            [
              120.16055197414326,
              30.271872113309982
            ]
          ]
        ]
      },
      "properties": {
        "grid_id": "M4B-R-5EEC8B7710-G-R17-C15",
        "row": 17,
        "column": 15,
        "analysis_status": "ANALYZABLE_LAND",
        "ranking_eligible": true,
        "source_mode": "REAL",
        "population_total": 956.7067771426811,
        "population_age_0_14": 100.95603078377043,
        "population_age_65_plus": 151.30093171578417,
        "elderly_share": 0.15814765331511757,
        "child_share": 0.1055245276774224,
        "vulnerability_share_raw": 0.14236071562380903,
        "lst_median_c": 46.875757730000004,
        "lst_valid_fraction": 1.0,
        "ndvi_median_land": 0.22848888885200433,
        "green_fraction_land": 0.4176,
        "green_fraction_grid_legacy": 0.4176,
        "water_fraction_grid": 0.0,
        "sentinel_valid_fraction": 1.0,
        "spatial_heat_score": 0.5063694267515924,
        "temporal_severity_score": 0.5238709677419354,
        "hazard_score": 0.5116198890486953,
        "exposure_score": 0.8927729897489225,
        "vulnerability_score": 0.9999999934759919,
        "adaptive_capacity_score": 0.4176,
        "risk_score": 71.52012017519071,
        "risk_percentile_within_aoi": 0.856687898089172,
        "hazard_contribution_points": 20.46479556194781,
        "exposure_contribution_points": 22.31932474372306,
        "vulnerability_contribution_points": 19.999999869519836,
        "adaptive_deficit_contribution_points": 8.736,
        "primary_driver": "exposure",
        "temporal_context_id": "era5-temporal:pilot_v1:2026-07-31T03Z",
        "source_ids": [
          "LC09_L2SP_119039_20260731_02_T1",
          "S2C_MSIL2A_20260731T023551_R089_T51RTP_20260731T060913",
          "chn_pop_2026_CN_100m_R2025A_v1.tif"
        ],
        "analysis_reasons": [],
        "landsat_quality_flag": "HIGH",
        "sentinel_quality_flag": "HIGH"
      }
    },
    {
      "type": "Feature",
      "id": "M4B-R-5EEC8B7710-G-R17-C16",
      "geometry": {
        "type": "Polygon",
        "coordinates": [
          [
            [
              120.1631501263485,
              30.2718707488615
            ],
            [
              120.16315172902748,
              30.274125904413403
            ],
            [
              120.16055351746384,
              30.274127268923312
            ],
            [
              120.16055197414326,
              30.271872113309982
            ],
            [
              120.1631501263485,
              30.2718707488615
            ]
          ]
        ]
      },
      "properties": {
        "grid_id": "M4B-R-5EEC8B7710-G-R17-C16",
        "row": 17,
        "column": 16,
        "analysis_status": "ANALYZABLE_LAND",
        "ranking_eligible": true,
        "source_mode": "REAL",
        "population_total": 1283.2389232939938,
        "population_age_0_14": 135.4131785200314,
        "population_age_65_plus": 202.94122304341383,
        "elderly_share": 0.15814765228791255,
        "child_share": 0.10552452552828921,
        "vulnerability_share_raw": 0.14236071426002553,
        "lst_median_c": 48.077191760000005,
        "lst_valid_fraction": 1.0,
        "ndvi_median_land": 0.18553347418513705,
        "green_fraction_land": 0.368,
        "green_fraction_grid_legacy": 0.368,
        "water_fraction_grid": 0.0,
        "sentinel_valid_fraction": 1.0,
        "spatial_heat_score": 0.643312101910828,
        "temporal_severity_score": 0.5238709677419354,
        "hazard_score": 0.6074797616601602,
        "exposure_score": 0.9548040942065672,
        "vulnerability_score": 0.9999999592682762,
        "adaptive_capacity_score": 0.368,
        "risk_score": 77.64929200693611,
        "risk_percentile_within_aoi": 0.9044585987261147,
        "hazard_contribution_points": 24.299190466406408,
        "exposure_contribution_points": 23.870102355164178,
        "vulnerability_contribution_points": 19.999999185365525,
        "adaptive_deficit_contribution_points": 9.48,
        "primary_driver": "hazard",
        "temporal_context_id": "era5-temporal:pilot_v1:2026-07-31T03Z",
        "source_ids": [
          "LC09_L2SP_119039_20260731_02_T1",
          "S2C_MSIL2A_20260731T023551_R089_T51RTP_20260731T060913",
          "chn_pop_2026_CN_100m_R2025A_v1.tif"
        ],
        "analysis_reasons": [],
        "landsat_quality_flag": "HIGH",
        "sentinel_quality_flag": "HIGH"
      }
    },
    {
      "type": "Feature",
      "id": "M4B-R-5EEC8B7710-G-R17-C17",
      "geometry": {
        "type": "Polygon",
        "coordinates": [
          [
            [
              120.16574827848058,
              30.27186933292443
            ],
            [
              120.16574994051793,
              30.274124488412582
            ],
            [
              120.16315172902748,
              30.274125904413403
            ],
            [
              120.1631501263485,
              30.2718707488615
            ],
            [
              120.16574827848058,
              30.27186933292443
            ]
          ]
        ]
      },
      "properties": {
        "grid_id": "M4B-R-5EEC8B7710-G-R17-C17",
        "row": 17,
        "column": 17,
        "analysis_status": "ANALYZABLE_LAND",
        "ranking_eligible": true,
        "source_mode": "REAL",
        "population_total": 1466.8808911614317,
        "population_age_0_14": 154.7919102515587,
        "population_age_65_plus": 231.98376443586838,
        "elderly_share": 0.15814764909248405,
        "child_share": 0.10552452566820145,
        "vulnerability_share_raw": 0.14236071206519926,
        "lst_median_c": 48.38652257000001,
        "lst_valid_fraction": 1.0,
        "ndvi_median_land": 0.28524824637508917,
        "green_fraction_land": 0.4688,
        "green_fraction_grid_legacy": 0.4688,
        "water_fraction_grid": 0.0,
        "sentinel_valid_fraction": 1.0,
        "spatial_heat_score": 0.6878980891719745,
        "temporal_severity_score": 0.5238709677419354,
        "hazard_score": 0.6386899527429627,
        "exposure_score": 0.9830632762572777,
        "vulnerability_score": 0.9999999042155552,
        "adaptive_capacity_score": 0.4688,
        "risk_score": 78.09217810046157,
        "risk_percentile_within_aoi": 0.9076433121019108,
        "hazard_contribution_points": 25.547598109718507,
        "exposure_contribution_points": 24.576581906431944,
        "vulnerability_contribution_points": 19.999998084311102,
        "adaptive_deficit_contribution_points": 7.968,
        "primary_driver": "hazard",
        "temporal_context_id": "era5-temporal:pilot_v1:2026-07-31T03Z",
        "source_ids": [
          "LC09_L2SP_119039_20260731_02_T1",
          "S2C_MSIL2A_20260731T023551_R089_T51RTP_20260731T060913",
          "chn_pop_2026_CN_100m_R2025A_v1.tif"
        ],
        "analysis_reasons": [],
        "landsat_quality_flag": "HIGH",
        "sentinel_quality_flag": "HIGH"
      }
    },
    {
      "type": "Feature",
      "id": "M4B-R-5EEC8B7710-G-R17-C18",
      "geometry": {
        "type": "Polygon",
        "coordinates": [
          [
            [
              120.16834643053673,
              30.27186786549879
            ],
            [
              120.16834815193249,
              30.27412302092088
            ],
            [
              120.16574994051793,
              30.274124488412582
            ],
            [
              120.16574827848058,
              30.27186933292443
            ],
            [
              120.16834643053673,
              30.27186786549879
            ]
          ]
        ]
      },
      "properties": {
        "grid_id": "M4B-R-5EEC8B7710-G-R17-C18",
        "row": 17,
        "column": 18,
        "analysis_status": "ANALYZABLE_LAND",
        "ranking_eligible": true,
        "source_mode": "REAL",
        "population_total": 1462.613211698164,
        "population_age_0_14": 154.34156388952255,
        "population_age_65_plus": 231.30884501911223,
        "elderly_share": 0.1581476518665872,
        "child_share": 0.10552452463513891,
        "vulnerability_share_raw": 0.1423607136971527,
        "lst_median_c": 48.51128030000001,
        "lst_valid_fraction": 1.0,
        "ndvi_median_land": 0.2838678633624045,
        "green_fraction_land": 0.4768,
        "green_fraction_grid_legacy": 0.4768,
        "water_fraction_grid": 0.0,
        "sentinel_valid_fraction": 1.0,
        "spatial_heat_score": 0.697452229299363,
        "temporal_severity_score": 0.5238709677419354,
        "hazard_score": 0.6453778508321347,
        "exposure_score": 0.9824476569369384,
        "vulnerability_score": 0.9999999451497642,
        "adaptive_capacity_score": 0.4768,
        "risk_score": 78.22430435970413,
        "risk_percentile_within_aoi": 0.9171974522292994,
        "hazard_contribution_points": 25.81511403328539,
        "exposure_contribution_points": 24.56119142342346,
        "vulnerability_contribution_points": 19.999998902995284,
        "adaptive_deficit_contribution_points": 7.848,
        "primary_driver": "hazard",
        "temporal_context_id": "era5-temporal:pilot_v1:2026-07-31T03Z",
        "source_ids": [
          "LC09_L2SP_119039_20260731_02_T1",
          "S2C_MSIL2A_20260731T023551_R089_T51RTP_20260731T060913",
          "chn_pop_2026_CN_100m_R2025A_v1.tif"
        ],
        "analysis_reasons": [],
        "landsat_quality_flag": "HIGH",
        "sentinel_quality_flag": "HIGH"
      }
    },
    {
      "type": "Feature",
      "id": "M4B-R-5EEC8B7710-G-R17-C19",
      "geometry": {
        "type": "Polygon",
        "coordinates": [
          [
            [
              120.17094458251431,
              30.271866346584567
            ],
            [
              120.17094636326841,
              30.274121501938275
            ],
            [
              120.16834815193249,
              30.27412302092088
            ],
            [
              120.16834643053673,
              30.27186786549879
            ],
            [
              120.17094458251431,
              30.271866346584567
            ]
          ]
        ]
      },
      "properties": {
        "grid_id": "M4B-R-5EEC8B7710-G-R17-C19",
        "row": 17,
        "column": 19,
        "analysis_status": "ANALYZABLE_LAND",
        "ranking_eligible": true,
        "source_mode": "REAL",
        "population_total": 851.9317147995062,
        "population_age_0_14": 89.89968894145284,
        "population_age_65_plus": 134.73100160632265,
        "elderly_share": 0.15814765346308335,
        "child_share": 0.10552452430135184,
        "vulnerability_share_raw": 0.14236071471456388,
        "lst_median_c": 47.53030856000001,
        "lst_valid_fraction": 1.0,
        "ndvi_median_land": 0.37140359030696696,
        "green_fraction_land": 0.5808,
        "green_fraction_grid_legacy": 0.5808,
        "water_fraction_grid": 0.0,
        "sentinel_valid_fraction": 1.0,
        "spatial_heat_score": 0.5636942675159236,
        "temporal_severity_score": 0.5238709677419354,
        "hazard_score": 0.5517472775837271,
        "exposure_score": 0.8682755443977289,
        "vulnerability_score": 0.9999999706694397,
        "adaptive_capacity_score": 0.5808,
        "risk_score": 70.0647791266811,
        "risk_percentile_within_aoi": 0.8312101910828026,
        "hazard_contribution_points": 22.069891103349086,
        "exposure_contribution_points": 21.706888609943224,
        "vulnerability_contribution_points": 19.999999413388792,
        "adaptive_deficit_contribution_points": 6.288,
        "primary_driver": "hazard",
        "temporal_context_id": "era5-temporal:pilot_v1:2026-07-31T03Z",
        "source_ids": [
          "LC09_L2SP_119039_20260731_02_T1",
          "S2C_MSIL2A_20260731T023551_R089_T51RTP_20260731T060913",
          "chn_pop_2026_CN_100m_R2025A_v1.tif"
        ],
        "analysis_reasons": [],
        "landsat_quality_flag": "HIGH",
        "sentinel_quality_flag": "HIGH"
      }
    },
    {
      "type": "Feature",
      "id": "M4B-R-5EEC8B7710-G-R18-C00",
      "geometry": {
        "type": "Polygon",
        "coordinates": [
          [
            [
              120.12158033706982,
              30.274141557661423
            ],
            [
              120.12158099007273,
              30.276396713140553
            ],
            [
              120.11898271834283,
              30.276397253819933
            ],
            [
              120.1189821247038,
              30.27414209831647
            ],
            [
              120.12158033706982,
              30.274141557661423
            ]
          ]
        ]
      },
      "properties": {
        "grid_id": "M4B-R-5EEC8B7710-G-R18-C00",
        "row": 18,
        "column": 0,
        "analysis_status": "ANALYZABLE_LAND",
        "ranking_eligible": true,
        "source_mode": "REAL",
        "population_total": 1081.9715988777032,
        "population_age_0_14": 120.35761217154595,
        "population_age_65_plus": 120.39608105627796,
        "elderly_share": 0.11127471477177518,
        "child_share": 0.11123916034061274,
        "vulnerability_share_raw": 0.11126404844242643,
        "lst_median_c": 47.43631300999999,
        "lst_valid_fraction": 1.0,
        "ndvi_median_land": 0.23979811017976754,
        "green_fraction_land": 0.3616,
        "green_fraction_grid_legacy": 0.3616,
        "water_fraction_grid": 0.0,
        "sentinel_valid_fraction": 1.0,
        "spatial_heat_score": 0.5509554140127388,
        "temporal_severity_score": 0.5238709677419354,
        "hazard_score": 0.5428300801314978,
        "exposure_score": 0.9187632179464863,
        "vulnerability_score": 0.22000379482544483,
        "adaptive_capacity_score": 0.3616,
        "risk_score": 58.65835955043097,
        "risk_percentile_within_aoi": 0.5923566878980892,
        "hazard_contribution_points": 21.713203205259912,
        "exposure_contribution_points": 22.969080448662158,
        "vulnerability_contribution_points": 4.400075896508897,
        "adaptive_deficit_contribution_points": 9.576,
        "primary_driver": "exposure",
        "temporal_context_id": "era5-temporal:pilot_v1:2026-07-31T03Z",
        "source_ids": [
          "LC09_L2SP_119039_20260731_02_T1",
          "S2C_MSIL2A_20260731T023551_R089_T51RTP_20260731T060913",
          "chn_pop_2026_CN_100m_R2025A_v1.tif"
        ],
        "analysis_reasons": [],
        "landsat_quality_flag": "HIGH",
        "sentinel_quality_flag": "HIGH"
      }
    },
    {
      "type": "Feature",
      "id": "M4B-R-5EEC8B7710-G-R18-C01",
      "geometry": {
        "type": "Polygon",
        "coordinates": [
          [
            [
              120.124178549406,
              30.274140965515436
            ],
            [
              120.1241792617728,
              30.2763961209679
            ],
            [
              120.12158099007273,
              30.276396713140553
            ],
            [
              120.12158033706982,
              30.274141557661423
            ],
            [
              120.124178549406,
              30.274140965515436
            ]
          ]
        ]
      },
      "properties": {
        "grid_id": "M4B-R-5EEC8B7710-G-R18-C01",
        "row": 18,
        "column": 1,
        "analysis_status": "ANALYZABLE_LAND",
        "ranking_eligible": true,
        "source_mode": "REAL",
        "population_total": 1300.1355163884127,
        "population_age_0_14": 144.6259806212677,
        "population_age_65_plus": 144.67221092719393,
        "elderly_share": 0.11127471644576889,
        "child_share": 0.11123915837867242,
        "vulnerability_share_raw": 0.11126404902563994,
        "lst_median_c": 47.99345027000001,
        "lst_valid_fraction": 1.0,
        "ndvi_median_land": 0.2971597337009802,
        "green_fraction_land": 0.4928,
        "green_fraction_grid_legacy": 0.4928,
        "water_fraction_grid": 0.0,
        "sentinel_valid_fraction": 1.0,
        "spatial_heat_score": 0.6369426751592356,
        "temporal_severity_score": 0.5238709677419354,
        "hazard_score": 0.6030211629340455,
        "exposure_score": 0.9575677951329971,
        "vulnerability_score": 0.22000380945416098,
        "adaptive_capacity_score": 0.4928,
        "risk_score": 60.06811758476998,
        "risk_percentile_within_aoi": 0.6369426751592356,
        "hazard_contribution_points": 24.12084651736182,
        "exposure_contribution_points": 23.939194878324926,
        "vulnerability_contribution_points": 4.40007618908322,
        "adaptive_deficit_contribution_points": 7.608,
        "primary_driver": "hazard",
        "temporal_context_id": "era5-temporal:pilot_v1:2026-07-31T03Z",
        "source_ids": [
          "LC09_L2SP_119039_20260731_02_T1",
          "S2C_MSIL2A_20260731T023551_R089_T51RTP_20260731T060913",
          "chn_pop_2026_CN_100m_R2025A_v1.tif"
        ],
        "analysis_reasons": [],
        "landsat_quality_flag": "HIGH",
        "sentinel_quality_flag": "HIGH"
      }
    },
    {
      "type": "Feature",
      "id": "M4B-R-5EEC8B7710-G-R18-C02",
      "geometry": {
        "type": "Polygon",
        "coordinates": [
          [
            [
              120.12677676170968,
              30.27414032187851
            ],
            [
              120.12677753344035,
              30.276395477302
            ],
            [
              120.1241792617728,
              30.2763961209679
            ],
            [
              120.124178549406,
              30.274140965515436
            ],
            [
              120.12677676170968,
              30.27414032187851
            ]
          ]
        ]
      },
      "properties": {
        "grid_id": "M4B-R-5EEC8B7710-G-R18-C02",
        "row": 18,
        "column": 2,
        "analysis_status": "ANALYZABLE_LAND",
        "ranking_eligible": true,
        "source_mode": "REAL",
        "population_total": 1293.4038138255603,
        "population_age_0_14": 143.87715464082495,
        "population_age_65_plus": 143.92313928614502,
        "elderly_share": 0.11127471385789167,
        "child_share": 0.11123916065723731,
        "vulnerability_share_raw": 0.11126404789769535,
        "lst_median_c": 46.70314772000006,
        "lst_valid_fraction": 1.0,
        "ndvi_median_land": 0.33086153417058645,
        "green_fraction_land": 0.536,
        "green_fraction_grid_legacy": 0.536,
        "water_fraction_grid": 0.0,
        "sentinel_valid_fraction": 1.0,
        "spatial_heat_score": 0.49363057324840764,
        "temporal_severity_score": 0.5238709677419354,
        "hazard_score": 0.502702691596466,
        "exposure_score": 0.9564710456346633,
        "vulnerability_score": 0.22000378116198152,
        "adaptive_capacity_score": 0.536,
        "risk_score": 55.379959427964856,
        "risk_percentile_within_aoi": 0.5445859872611465,
        "hazard_contribution_points": 20.10810766385864,
        "exposure_contribution_points": 23.911776140866582,
        "vulnerability_contribution_points": 4.400075623239631,
        "adaptive_deficit_contribution_points": 6.959999999999999,
        "primary_driver": "exposure",
        "temporal_context_id": "era5-temporal:pilot_v1:2026-07-31T03Z",
        "source_ids": [
          "LC09_L2SP_119039_20260731_02_T1",
          "S2C_MSIL2A_20260731T023551_R089_T51RTP_20260731T060913",
          "chn_pop_2026_CN_100m_R2025A_v1.tif"
        ],
        "analysis_reasons": [],
        "landsat_quality_flag": "HIGH",
        "sentinel_quality_flag": "HIGH"
      }
    },
    {
      "type": "Feature",
      "id": "M4B-R-5EEC8B7710-G-R18-C03",
      "geometry": {
        "type": "Polygon",
        "coordinates": [
          [
            [
              120.1293749739781,
              30.27413962675063
            ],
            [
              120.12937580507267,
              30.276394782142827
            ],
            [
              120.12677753344035,
              30.276395477302
            ],
            [
              120.12677676170968,
              30.27414032187851
            ],
            [
              120.1293749739781,
              30.27413962675063
            ]
          ]
        ]
      },
      "properties": {
        "grid_id": "M4B-R-5EEC8B7710-G-R18-C03",
        "row": 18,
        "column": 3,
        "analysis_status": "ANALYZABLE_LAND",
        "ranking_eligible": true,
        "source_mode": "REAL",
        "population_total": 1149.6038498815574,
        "population_age_0_14": 127.88096961162924,
        "population_age_65_plus": 127.92183898431088,
        "elderly_share": 0.11127471345671863,
        "child_share": 0.11123916262528583,
        "vulnerability_share_raw": 0.11126404820728877,
        "lst_median_c": 47.537144600000005,
        "lst_valid_fraction": 1.0,
        "ndvi_median_land": 0.4433180669559493,
        "green_fraction_land": 0.672,
        "green_fraction_grid_legacy": 0.672,
        "water_fraction_grid": 0.0,
        "sentinel_valid_fraction": 1.0,
        "spatial_heat_score": 0.5668789808917197,
        "temporal_severity_score": 0.5238709677419354,
        "hazard_score": 0.5539765769467844,
        "exposure_score": 0.931571626267807,
        "vulnerability_score": 0.2200037889274983,
        "adaptive_capacity_score": 0.672,
        "risk_score": 54.768429513116516,
        "risk_percentile_within_aoi": 0.5222929936305732,
        "hazard_contribution_points": 22.159063077871373,
        "exposure_contribution_points": 23.289290656695176,
        "vulnerability_contribution_points": 4.400075778549966,
        "adaptive_deficit_contribution_points": 4.919999999999999,
        "primary_driver": "exposure",
        "temporal_context_id": "era5-temporal:pilot_v1:2026-07-31T03Z",
        "source_ids": [
          "LC09_L2SP_119039_20260731_02_T1",
          "S2C_MSIL2A_20260731T023551_R089_T51RTP_20260731T060913",
          "chn_pop_2026_CN_100m_R2025A_v1.tif"
        ],
        "analysis_reasons": [],
        "landsat_quality_flag": "HIGH",
        "sentinel_quality_flag": "HIGH"
      }
    },
    {
      "type": "Feature",
      "id": "M4B-R-5EEC8B7710-G-R18-C04",
      "geometry": {
        "type": "Polygon",
        "coordinates": [
          [
            [
              120.13197318620857,
              30.274138880131815
            ],
            [
              120.13197407666702,
              30.27639403549038
            ],
            [
              120.12937580507267,
              30.276394782142827
            ],
            [
              120.1293749739781,
              30.27413962675063
            ],
            [
              120.13197318620857,
              30.274138880131815
            ]
          ]
        ]
      },
      "properties": {
        "grid_id": "M4B-R-5EEC8B7710-G-R18-C04",
        "row": 18,
        "column": 4,
        "analysis_status": "ANALYZABLE_LAND",
        "ranking_eligible": true,
        "source_mode": "REAL",
        "population_total": 986.6995539286594,
        "population_age_0_14": 109.75963199224095,
        "population_age_65_plus": 109.79470952826745,
        "elderly_share": 0.11127471284557391,
        "child_share": 0.11123916247374409,
        "vulnerability_share_raw": 0.11126404773402496,
        "lst_median_c": 49.98102890000001,
        "lst_valid_fraction": 1.0,
        "ndvi_median_land": 0.36092577274694077,
        "green_fraction_land": 0.5888,
        "green_fraction_grid_legacy": 0.5888,
        "water_fraction_grid": 0.0,
        "sentinel_valid_fraction": 1.0,
        "spatial_heat_score": 0.8980891719745223,
        "temporal_severity_score": 0.5238709677419354,
        "hazard_score": 0.7858237107047462,
        "exposure_score": 0.8992930247853853,
        "vulnerability_score": 0.22000377705664487,
        "adaptive_capacity_score": 0.5888,
        "risk_score": 64.48334958895737,
        "risk_percentile_within_aoi": 0.7292993630573248,
        "hazard_contribution_points": 31.43294842818985,
        "exposure_contribution_points": 22.482325619634633,
        "vulnerability_contribution_points": 4.400075541132898,
        "adaptive_deficit_contribution_points": 6.168,
        "primary_driver": "hazard",
        "temporal_context_id": "era5-temporal:pilot_v1:2026-07-31T03Z",
        "source_ids": [
          "LC09_L2SP_119039_20260731_02_T1",
          "S2C_MSIL2A_20260731T023551_R089_T51RTP_20260731T060913",
          "chn_pop_2026_CN_100m_R2025A_v1.tif"
        ],
        "analysis_reasons": [],
        "landsat_quality_flag": "HIGH",
        "sentinel_quality_flag": "HIGH"
      }
    },
    {
      "type": "Feature",
      "id": "M4B-R-5EEC8B7710-G-R18-C05",
      "geometry": {
        "type": "Polygon",
        "coordinates": [
          [
            [
              120.13457139839838,
              30.27413808202205
            ],
            [
              120.13457234822069,
              30.276393237344692
            ],
            [
              120.13197407666702,
              30.27639403549038
            ],
            [
              120.13197318620857,
              30.274138880131815
            ],
            [
              120.13457139839838,
              30.27413808202205
            ]
          ]
        ]
      },
      "properties": {
        "grid_id": "M4B-R-5EEC8B7710-G-R18-C05",
        "row": 18,
        "column": 5,
        "analysis_status": "ANALYZABLE_LAND",
        "ranking_eligible": true,
        "source_mode": "REAL",
        "population_total": 1097.0255622494608,
        "population_age_0_14": 122.03220516965848,
        "population_age_65_plus": 122.0712055417286,
        "elderly_share": 0.11127471386484422,
        "child_share": 0.11123916284997985,
        "vulnerability_share_raw": 0.11126404856038491,
        "lst_median_c": 44.86937999000003,
        "lst_valid_fraction": 1.0,
        "ndvi_median_land": 0.41604355238973073,
        "green_fraction_land": 0.608,
        "green_fraction_grid_legacy": 0.608,
        "water_fraction_grid": 0.0,
        "sentinel_valid_fraction": 1.0,
        "spatial_heat_score": 0.3630573248407643,
        "temporal_severity_score": 0.5238709677419354,
        "hazard_score": 0.4113014177111156,
        "exposure_score": 0.9216820682207096,
        "vulnerability_score": 0.2200037977841916,
        "adaptive_capacity_score": 0.608,
        "risk_score": 49.77418436964621,
        "risk_percentile_within_aoi": 0.4267515923566879,
        "hazard_contribution_points": 16.452056708444623,
        "exposure_contribution_points": 23.042051705517743,
        "vulnerability_contribution_points": 4.400075955683832,
        "adaptive_deficit_contribution_points": 5.88,
        "primary_driver": "exposure",
        "temporal_context_id": "era5-temporal:pilot_v1:2026-07-31T03Z",
        "source_ids": [
          "LC09_L2SP_119039_20260731_02_T1",
          "S2C_MSIL2A_20260731T023551_R089_T51RTP_20260731T060913",
          "chn_pop_2026_CN_100m_R2025A_v1.tif"
        ],
        "analysis_reasons": [],
        "landsat_quality_flag": "HIGH",
        "sentinel_quality_flag": "HIGH"
      }
    },
    {
      "type": "Feature",
      "id": "M4B-R-5EEC8B7710-G-R18-C06",
      "geometry": {
        "type": "Polygon",
        "coordinates": [
          [
            [
              120.13716961054483,
              30.274137232421346
            ],
            [
              120.137170619731,
              30.276392387705744
            ],
            [
              120.13457234822069,
              30.276393237344692
            ],
            [
              120.13457139839838,
              30.27413808202205
            ],
            [
              120.13716961054483,
              30.274137232421346
            ]
          ]
        ]
      },
      "properties": {
        "grid_id": "M4B-R-5EEC8B7710-G-R18-C06",
        "row": 18,
        "column": 6,
        "analysis_status": "ANALYZABLE_LAND",
        "ranking_eligible": true,
        "source_mode": "REAL",
        "population_total": 840.7137257812776,
        "population_age_0_14": 93.5202903969265,
        "population_age_65_plus": 93.5501787857679,
        "elderly_share": 0.11127471327868646,
        "child_share": 0.11123916207032046,
        "vulnerability_share_raw": 0.11126404791617664,
        "lst_median_c": 45.12231347000005,
        "lst_valid_fraction": 1.0,
        "ndvi_median_land": 0.7311128912917145,
        "green_fraction_land": 0.9232,
        "green_fraction_grid_legacy": 0.9232,
        "water_fraction_grid": 0.0,
        "sentinel_valid_fraction": 1.0,
        "spatial_heat_score": 0.37579617834394907,
        "temporal_severity_score": 0.5238709677419354,
        "hazard_score": 0.4202186151633449,
        "exposure_score": 0.8654762300319901,
        "vulnerability_score": 0.2200037816255467,
        "adaptive_capacity_score": 0.9232,
        "risk_score": 43.99772598984448,
        "risk_percentile_within_aoi": 0.37261146496815284,
        "hazard_contribution_points": 16.808744606533796,
        "exposure_contribution_points": 21.636905750799755,
        "vulnerability_contribution_points": 4.4000756325109345,
        "adaptive_deficit_contribution_points": 1.1519999999999997,
        "primary_driver": "exposure",
        "temporal_context_id": "era5-temporal:pilot_v1:2026-07-31T03Z",
        "source_ids": [
          "LC09_L2SP_119039_20260731_02_T1",
          "S2C_MSIL2A_20260731T023551_R089_T51RTP_20260731T060913",
          "chn_pop_2026_CN_100m_R2025A_v1.tif"
        ],
        "analysis_reasons": [],
        "landsat_quality_flag": "HIGH",
        "sentinel_quality_flag": "HIGH"
      }
    },
    {
      "type": "Feature",
      "id": "M4B-R-5EEC8B7710-G-R18-C07",
      "geometry": {
        "type": "Polygon",
        "coordinates": [
          [
            [
              120.1397678226452,
              30.274136331329718
            ],
            [
              120.13976889119522,
              30.276391486573537
            ],
            [
              120.137170619731,
              30.276392387705744
            ],
            [
              120.13716961054483,
              30.274137232421346
            ],
            [
              120.1397678226452,
              30.274136331329718
            ]
          ]
        ]
      },
      "properties": {
        "grid_id": "M4B-R-5EEC8B7710-G-R18-C07",
        "row": 18,
        "column": 7,
        "analysis_status": "ANALYZABLE_LAND",
        "ranking_eligible": true,
        "source_mode": "REAL",
        "population_total": 966.6732165830948,
        "population_age_0_14": 107.53191850560506,
        "population_age_65_plus": 107.56628344447859,
        "elderly_share": 0.11127471165974136,
        "child_share": 0.1112391619638524,
        "vulnerability_share_raw": 0.11126404675097466,
        "lst_median_c": 46.35280067000002,
        "lst_valid_fraction": 1.0,
        "ndvi_median_land": 0.6548338003038123,
        "green_fraction_land": 0.9376,
        "green_fraction_grid_legacy": 0.9376,
        "water_fraction_grid": 0.0,
        "sentinel_valid_fraction": 1.0,
        "spatial_heat_score": 0.4426751592356688,
        "temporal_severity_score": 0.5238709677419354,
        "hazard_score": 0.4670339017875488,
        "exposure_score": 0.8949619436850287,
        "vulnerability_score": 0.2200037523988419,
        "adaptive_capacity_score": 0.9376,
        "risk_score": 46.391479711604504,
        "risk_percentile_within_aoi": 0.3980891719745223,
        "hazard_contribution_points": 18.681356071501952,
        "exposure_contribution_points": 22.374048592125718,
        "vulnerability_contribution_points": 4.400075047976838,
        "adaptive_deficit_contribution_points": 0.9360000000000002,
        "primary_driver": "exposure",
        "temporal_context_id": "era5-temporal:pilot_v1:2026-07-31T03Z",
        "source_ids": [
          "LC09_L2SP_119039_20260731_02_T1",
          "S2C_MSIL2A_20260731T023551_R089_T51RTP_20260731T060913",
          "chn_pop_2026_CN_100m_R2025A_v1.tif"
        ],
        "analysis_reasons": [],
        "landsat_quality_flag": "HIGH",
        "sentinel_quality_flag": "HIGH"
      }
    },
    {
      "type": "Feature",
      "id": "M4B-R-5EEC8B7710-G-R18-C08",
      "geometry": {
        "type": "Polygon",
        "coordinates": [
          [
            [
              120.14236603469678,
              30.274135378747147
            ],
            [
              120.14236716261064,
              30.276390533948092
            ],
            [
              120.13976889119522,
              30.276391486573537
            ],
            [
              120.1397678226452,
              30.274136331329718
            ],
            [
              120.14236603469678,
              30.274135378747147
            ]
          ]
        ]
      },
      "properties": {
        "grid_id": "M4B-R-5EEC8B7710-G-R18-C08",
        "row": 18,
        "column": 8,
        "analysis_status": "ANALYZABLE_LAND",
        "ranking_eligible": true,
        "source_mode": "REAL",
        "population_total": 1350.5809685556756,
        "population_age_0_14": 150.237493213251,
        "population_age_65_plus": 150.2855082817499,
        "elderly_share": 0.1112747119800353,
        "child_share": 0.11123916056207755,
        "vulnerability_share_raw": 0.11126404655464797,
        "lst_median_c": 47.502964399999996,
        "lst_valid_fraction": 1.0,
        "ndvi_median_land": 0.3201967758090621,
        "green_fraction_land": 0.5296,
        "green_fraction_grid_legacy": 0.5296,
        "water_fraction_grid": 0.0,
        "sentinel_valid_fraction": 1.0,
        "spatial_heat_score": 0.554140127388535,
        "temporal_severity_score": 0.5238709677419354,
        "hazard_score": 0.5450593794945551,
        "exposure_score": 0.9656103254804546,
        "vulnerability_score": 0.220003747474389,
        "adaptive_capacity_score": 0.5296,
        "risk_score": 57.39870826628134,
        "risk_percentile_within_aoi": 0.5732484076433121,
        "hazard_contribution_points": 21.802375179782203,
        "exposure_contribution_points": 24.140258137011365,
        "vulnerability_contribution_points": 4.40007494948778,
        "adaptive_deficit_contribution_points": 7.056000000000001,
        "primary_driver": "exposure",
        "temporal_context_id": "era5-temporal:pilot_v1:2026-07-31T03Z",
        "source_ids": [
          "LC09_L2SP_119039_20260731_02_T1",
          "S2C_MSIL2A_20260731T023551_R089_T51RTP_20260731T060913",
          "chn_pop_2026_CN_100m_R2025A_v1.tif"
        ],
        "analysis_reasons": [],
        "landsat_quality_flag": "HIGH",
        "sentinel_quality_flag": "HIGH"
      }
    },
    {
      "type": "Feature",
      "id": "M4B-R-5EEC8B7710-G-R18-C09",
      "geometry": {
        "type": "Polygon",
        "coordinates": [
          [
            [
              120.14496424669684,
              30.274134374673647
            ],
            [
              120.14496543397455,
              30.276389529829384
            ],
            [
              120.14236716261064,
              30.276390533948092
            ],
            [
              120.14236603469678,
              30.274135378747147
            ],
            [
              120.14496424669684,
              30.274134374673647
            ]
          ]
        ]
      },
      "properties": {
        "grid_id": "M4B-R-5EEC8B7710-G-R18-C09",
        "row": 18,
        "column": 9,
        "analysis_status": "ANALYZABLE_LAND",
        "ranking_eligible": true,
        "source_mode": "REAL",
        "population_total": 1319.7008908079858,
        "population_age_0_14": 146.80242068993786,
        "population_age_65_plus": 146.8493386929751,
        "elderly_share": 0.11127471362322618,
        "child_share": 0.11123916162552425,
        "vulnerability_share_raw": 0.1112640480239156,
        "lst_median_c": 49.57770254000002,
        "lst_valid_fraction": 1.0,
        "ndvi_median_land": 0.2737578338739663,
        "green_fraction_land": 0.4624,
        "green_fraction_grid_legacy": 0.4624,
        "water_fraction_grid": 0.0,
        "sentinel_valid_fraction": 1.0,
        "spatial_heat_score": 0.8598726114649682,
        "temporal_severity_score": 0.5238709677419354,
        "hazard_score": 0.7590721183480583,
        "exposure_score": 0.9607235248648444,
        "vulnerability_score": 0.22000378432795775,
        "adaptive_capacity_score": 0.4624,
        "risk_score": 66.8450485421026,
        "risk_percentile_within_aoi": 0.7834394904458599,
        "hazard_contribution_points": 30.362884733922332,
        "exposure_contribution_points": 24.01808812162111,
        "vulnerability_contribution_points": 4.4000756865591555,
        "adaptive_deficit_contribution_points": 8.064000000000002,
        "primary_driver": "hazard",
        "temporal_context_id": "era5-temporal:pilot_v1:2026-07-31T03Z",
        "source_ids": [
          "LC09_L2SP_119039_20260731_02_T1",
          "S2C_MSIL2A_20260731T023551_R089_T51RTP_20260731T060913",
          "chn_pop_2026_CN_100m_R2025A_v1.tif"
        ],
        "analysis_reasons": [],
        "landsat_quality_flag": "HIGH",
        "sentinel_quality_flag": "HIGH"
      }
    },
    {
      "type": "Feature",
      "id": "M4B-R-5EEC8B7710-G-R18-C10",
      "geometry": {
        "type": "Polygon",
        "coordinates": [
          [
            [
              120.14756245864268,
              30.274133319109225
            ],
            [
              120.14756370528423,
              30.276388474217438
            ],
            [
              120.14496543397455,
              30.276389529829384
            ],
            [
              120.14496424669684,
              30.274134374673647
            ],
            [
              120.14756245864268,
              30.274133319109225
            ]
          ]
        ]
      },
      "properties": {
        "grid_id": "M4B-R-5EEC8B7710-G-R18-C10",
        "row": 18,
        "column": 10,
        "analysis_status": "ANALYZABLE_LAND",
        "ranking_eligible": true,
        "source_mode": "REAL",
        "population_total": 1116.3051039659538,
        "population_age_0_14": 124.17684453975153,
        "population_age_65_plus": 124.21653025965617,
        "elderly_share": 0.11127471317505026,
        "child_share": 0.11123916221343265,
        "vulnerability_share_raw": 0.11126404788656497,
        "lst_median_c": 47.62943114000001,
        "lst_valid_fraction": 1.0,
        "ndvi_median_land": 0.43804276519074326,
        "green_fraction_land": 0.6944,
        "green_fraction_grid_legacy": 0.6944,
        "water_fraction_grid": 0.0,
        "sentinel_valid_fraction": 1.0,
        "spatial_heat_score": 0.5828025477707006,
        "temporal_severity_score": 0.5238709677419354,
        "hazard_score": 0.565123073762071,
        "exposure_score": 0.9253623263249217,
        "vulnerability_score": 0.22000378088279854,
        "adaptive_capacity_score": 0.6944,
        "risk_score": 54.72305672626185,
        "risk_percentile_within_aoi": 0.5191082802547771,
        "hazard_contribution_points": 22.60492295048284,
        "exposure_contribution_points": 23.134058158123043,
        "vulnerability_contribution_points": 4.400075617655971,
        "adaptive_deficit_contribution_points": 4.584,
        "primary_driver": "exposure",
        "temporal_context_id": "era5-temporal:pilot_v1:2026-07-31T03Z",
        "source_ids": [
          "LC09_L2SP_119039_20260731_02_T1",
          "S2C_MSIL2A_20260731T023551_R089_T51RTP_20260731T060913",
          "chn_pop_2026_CN_100m_R2025A_v1.tif"
        ],
        "analysis_reasons": [],
        "landsat_quality_flag": "HIGH",
        "sentinel_quality_flag": "HIGH"
      }
    },
    {
      "type": "Feature",
      "id": "M4B-R-5EEC8B7710-G-R18-C11",
      "geometry": {
        "type": "Polygon",
        "coordinates": [
          [
            [
              120.15016067053162,
              30.274132212053875
            ],
            [
              120.15016197653698,
              30.27638736711225
            ],
            [
              120.14756370528423,
              30.276388474217438
            ],
            [
              120.14756245864268,
              30.274133319109225
            ],
            [
              120.15016067053162,
              30.274132212053875
            ]
          ]
        ]
      },
      "properties": {
        "grid_id": "M4B-R-5EEC8B7710-G-R18-C11",
        "row": 18,
        "column": 11,
        "analysis_status": "ANALYZABLE_LAND",
        "ranking_eligible": true,
        "source_mode": "REAL",
        "population_total": 1371.3068914315197,
        "population_age_0_14": 152.10890282611658,
        "population_age_65_plus": 156.15261590497573,
        "elderly_share": 0.11387138566916016,
        "child_share": 0.11092258325000373,
        "vulnerability_share_raw": 0.11298674494341322,
        "lst_median_c": 48.846246260000015,
        "lst_valid_fraction": 1.0,
        "ndvi_median_land": 0.3220776186667723,
        "green_fraction_land": 0.5296,
        "green_fraction_grid_legacy": 0.5296,
        "water_fraction_grid": 0.0,
        "sentinel_valid_fraction": 1.0,
        "spatial_heat_score": 0.7515923566878981,
        "temporal_severity_score": 0.5238709677419354,
        "hazard_score": 0.6832759400041093,
        "exposure_score": 0.9688280006664179,
        "vulnerability_score": 0.26321410782653576,
        "adaptive_capacity_score": 0.5296,
        "risk_score": 63.87201977335554,
        "risk_percentile_within_aoi": 0.7229299363057324,
        "hazard_contribution_points": 27.331037600164372,
        "exposure_contribution_points": 24.220700016660448,
        "vulnerability_contribution_points": 5.264282156530715,
        "adaptive_deficit_contribution_points": 7.056000000000001,
        "primary_driver": "hazard",
        "temporal_context_id": "era5-temporal:pilot_v1:2026-07-31T03Z",
        "source_ids": [
          "LC09_L2SP_119039_20260731_02_T1",
          "S2C_MSIL2A_20260731T023551_R089_T51RTP_20260731T060913",
          "chn_pop_2026_CN_100m_R2025A_v1.tif"
        ],
        "analysis_reasons": [],
        "landsat_quality_flag": "HIGH",
        "sentinel_quality_flag": "HIGH"
      }
    },
    {
      "type": "Feature",
      "id": "M4B-R-5EEC8B7710-G-R18-C12",
      "geometry": {
        "type": "Polygon",
        "coordinates": [
          [
            [
              120.1527588823609,
              30.274131053507595
            ],
            [
              120.15276024773007,
              30.276386208513816
            ],
            [
              120.15016197653698,
              30.27638736711225
            ],
            [
              120.15016067053162,
              30.274132212053875
            ],
            [
              120.1527588823609,
              30.274131053507595
            ]
          ]
        ]
      },
      "properties": {
        "grid_id": "M4B-R-5EEC8B7710-G-R18-C12",
        "row": 18,
        "column": 12,
        "analysis_status": "ANALYZABLE_LAND",
        "ranking_eligible": true,
        "source_mode": "REAL",
        "population_total": 1238.6472103350786,
        "population_age_0_14": 130.70765874969402,
        "population_age_65_plus": 195.8891513396332,
        "elderly_share": 0.15814765471973355,
        "child_share": 0.10552452519094198,
        "vulnerability_share_raw": 0.14236071586109608,
        "lst_median_c": 47.88065561000002,
        "lst_valid_fraction": 1.0,
        "ndvi_median_land": 0.38108251783089236,
        "green_fraction_land": 0.6096,
        "green_fraction_grid_legacy": 0.6096,
        "water_fraction_grid": 0.0,
        "sentinel_valid_fraction": 1.0,
        "spatial_heat_score": 0.6114649681528662,
        "temporal_severity_score": 0.5238709677419354,
        "hazard_score": 0.5851867680295869,
        "exposure_score": 0.9473320615837049,
        "vulnerability_score": 0.9999999994278516,
        "adaptive_capacity_score": 0.6096,
        "risk_score": 72.94677224933312,
        "risk_percentile_within_aoi": 0.8662420382165605,
        "hazard_contribution_points": 23.407470721183476,
        "exposure_contribution_points": 23.683301539592623,
        "vulnerability_contribution_points": 19.999999988557033,
        "adaptive_deficit_contribution_points": 5.856,
        "primary_driver": "exposure",
        "temporal_context_id": "era5-temporal:pilot_v1:2026-07-31T03Z",
        "source_ids": [
          "LC09_L2SP_119039_20260731_02_T1",
          "S2C_MSIL2A_20260731T023551_R089_T51RTP_20260731T060913",
          "chn_pop_2026_CN_100m_R2025A_v1.tif"
        ],
        "analysis_reasons": [],
        "landsat_quality_flag": "HIGH",
        "sentinel_quality_flag": "HIGH"
      }
    },
    {
      "type": "Feature",
      "id": "M4B-R-5EEC8B7710-G-R18-C13",
      "geometry": {
        "type": "Polygon",
        "coordinates": [
          [
            [
              120.15535709412785,
              30.274129843470423
            ],
            [
              120.15535851886082,
              30.276384998422145
            ],
            [
              120.15276024773007,
              30.276386208513816
            ],
            [
              120.1527588823609,
              30.274131053507595
            ],
            [
              120.15535709412785,
              30.274129843470423
            ]
          ]
        ]
      },
      "properties": {
        "grid_id": "M4B-R-5EEC8B7710-G-R18-C13",
        "row": 18,
        "column": 13,
        "analysis_status": "ANALYZABLE_LAND",
        "ranking_eligible": true,
        "source_mode": "REAL",
        "population_total": 1379.0403655922773,
        "population_age_0_14": 145.5225780900085,
        "population_age_65_plus": 218.0919956553299,
        "elderly_share": 0.15814765187214996,
        "child_share": 0.10552452395221129,
        "vulnerability_share_raw": 0.14236071349616836,
        "lst_median_c": 47.98832324,
        "lst_valid_fraction": 1.0,
        "ndvi_median_land": 0.31010561102560946,
        "green_fraction_land": 0.5104,
        "green_fraction_grid_legacy": 0.5104,
        "water_fraction_grid": 0.0,
        "sentinel_valid_fraction": 1.0,
        "spatial_heat_score": 0.6337579617834395,
        "temporal_severity_score": 0.5238709677419354,
        "hazard_score": 0.6007918635709882,
        "exposure_score": 0.9700161792521841,
        "vulnerability_score": 0.9999999401084838,
        "adaptive_capacity_score": 0.5104,
        "risk_score": 75.6260778263138,
        "risk_percentile_within_aoi": 0.89171974522293,
        "hazard_contribution_points": 24.03167454283953,
        "exposure_contribution_points": 24.250404481304603,
        "vulnerability_contribution_points": 19.999998802169678,
        "adaptive_deficit_contribution_points": 7.344,
        "primary_driver": "exposure",
        "temporal_context_id": "era5-temporal:pilot_v1:2026-07-31T03Z",
        "source_ids": [
          "LC09_L2SP_119039_20260731_02_T1",
          "S2C_MSIL2A_20260731T023551_R089_T51RTP_20260731T060913",
          "chn_pop_2026_CN_100m_R2025A_v1.tif"
        ],
        "analysis_reasons": [],
        "landsat_quality_flag": "HIGH",
        "sentinel_quality_flag": "HIGH"
      }
    },
    {
      "type": "Feature",
      "id": "M4B-R-5EEC8B7710-G-R18-C14",
      "geometry": {
        "type": "Polygon",
        "coordinates": [
          [
            [
              120.15795530582973,
              30.274128581942318
            ],
            [
              120.15795678992652,
              30.276383736837257
            ],
            [
              120.15535851886082,
              30.276384998422145
            ],
            [
              120.15535709412785,
              30.274129843470423
            ],
            [
              120.15795530582973,
              30.274128581942318
            ]
          ]
        ]
      },
      "properties": {
        "grid_id": "M4B-R-5EEC8B7710-G-R18-C14",
        "row": 18,
        "column": 14,
        "analysis_status": "ANALYZABLE_LAND",
        "ranking_eligible": true,
        "source_mode": "REAL",
        "population_total": 1156.5775603464358,
        "population_age_0_14": 122.04729927035908,
        "population_age_65_plus": 182.91002787894072,
        "elderly_share": 0.1581476540355432,
        "child_share": 0.10552452637400435,
        "vulnerability_share_raw": 0.14236071573708153,
        "lst_median_c": 49.54352234000001,
        "lst_valid_fraction": 1.0,
        "ndvi_median_land": 0.1822269076927847,
        "green_fraction_land": 0.2976,
        "green_fraction_grid_legacy": 0.2976,
        "water_fraction_grid": 0.0,
        "sentinel_valid_fraction": 1.0,
        "spatial_heat_score": 0.8503184713375797,
        "temporal_severity_score": 0.5238709677419354,
        "hazard_score": 0.7523842202588864,
        "exposure_score": 0.9328492543852587,
        "vulnerability_score": 0.9999999963172006,
        "adaptive_capacity_score": 0.2976,
        "risk_score": 83.95260009633094,
        "risk_percentile_within_aoi": 0.964968152866242,
        "hazard_contribution_points": 30.095368810355456,
        "exposure_contribution_points": 23.32123135963147,
        "vulnerability_contribution_points": 19.99999992634401,
        "adaptive_deficit_contribution_points": 10.536,
        "primary_driver": "hazard",
        "temporal_context_id": "era5-temporal:pilot_v1:2026-07-31T03Z",
        "source_ids": [
          "LC09_L2SP_119039_20260731_02_T1",
          "S2C_MSIL2A_20260731T023551_R089_T51RTP_20260731T060913",
          "chn_pop_2026_CN_100m_R2025A_v1.tif"
        ],
        "analysis_reasons": [],
        "landsat_quality_flag": "HIGH",
        "sentinel_quality_flag": "HIGH"
      }
    },
    {
      "type": "Feature",
      "id": "M4B-R-5EEC8B7710-G-R18-C15",
      "geometry": {
        "type": "Polygon",
        "coordinates": [
          [
            [
              120.16055351746384,
              30.274127268923312
            ],
            [
              120.16055506092441,
              30.276382423759134
            ],
            [
              120.15795678992652,
              30.276383736837257
            ],
            [
              120.15795530582973,
              30.274128581942318
            ],
            [
              120.16055351746384,
              30.274127268923312
            ]
          ]
        ]
      },
      "properties": {
        "grid_id": "M4B-R-5EEC8B7710-G-R18-C15",
        "row": 18,
        "column": 15,
        "analysis_status": "ANALYZABLE_LAND",
        "ranking_eligible": true,
        "source_mode": "REAL",
        "population_total": 646.8202127013608,
        "population_age_0_14": 68.25539670276622,
        "population_age_65_plus": 102.29309770890474,
        "elderly_share": 0.15814765169704711,
        "child_share": 0.1055245265414734,
        "vulnerability_share_raw": 0.142360714150375,
        "lst_median_c": 47.83793036000003,
        "lst_valid_fraction": 1.0,
        "ndvi_median_land": 0.2704936908376169,
        "green_fraction_land": 0.4592,
        "green_fraction_grid_legacy": 0.4592,
        "water_fraction_grid": 0.0,
        "sentinel_valid_fraction": 1.0,
        "spatial_heat_score": 0.5955414012738853,
        "temporal_severity_score": 0.5238709677419354,
        "hazard_score": 0.5740402712143003,
        "exposure_score": 0.8101165981353469,
        "vulnerability_score": 0.9999999565179171,
        "adaptive_capacity_score": 0.4592,
        "risk_score": 71.32652493231403,
        "risk_percentile_within_aoi": 0.8503184713375797,
        "hazard_contribution_points": 22.961610848572015,
        "exposure_contribution_points": 20.252914953383673,
        "vulnerability_contribution_points": 19.99999913035834,
        "adaptive_deficit_contribution_points": 8.111999999999998,
        "primary_driver": "hazard",
        "temporal_context_id": "era5-temporal:pilot_v1:2026-07-31T03Z",
        "source_ids": [
          "LC09_L2SP_119039_20260731_02_T1",
          "S2C_MSIL2A_20260731T023551_R089_T51RTP_20260731T060913",
          "chn_pop_2026_CN_100m_R2025A_v1.tif"
        ],
        "analysis_reasons": [],
        "landsat_quality_flag": "HIGH",
        "sentinel_quality_flag": "HIGH"
      }
    },
    {
      "type": "Feature",
      "id": "M4B-R-5EEC8B7710-G-R18-C16",
      "geometry": {
        "type": "Polygon",
        "coordinates": [
          [
            [
              120.16315172902748,
              30.274125904413403
            ],
            [
              120.16315333185183,
              30.276381059187784
            ],
            [
              120.16055506092441,
              30.276382423759134
            ],
            [
              120.16055351746384,
              30.274127268923312
            ],
            [
              120.16315172902748,
              30.274125904413403
            ]
          ]
        ]
      },
      "properties": {
        "grid_id": "M4B-R-5EEC8B7710-G-R18-C16",
        "row": 18,
        "column": 16,
        "analysis_status": "ANALYZABLE_LAND",
        "ranking_eligible": true,
        "source_mode": "REAL",
        "population_total": 878.7494581828457,
        "population_age_0_14": 92.72962212351985,
        "population_age_65_plus": 138.9721655911149,
        "elderly_share": 0.15814765437067077,
        "child_share": 0.10552452836246885,
        "vulnerability_share_raw": 0.1423607165682102,
        "lst_median_c": 48.716361500000005,
        "lst_valid_fraction": 1.0,
        "ndvi_median_land": 0.16379290508318192,
        "green_fraction_land": 0.3408,
        "green_fraction_grid_legacy": 0.3408,
        "water_fraction_grid": 0.0,
        "sentinel_valid_fraction": 1.0,
        "spatial_heat_score": 0.7197452229299363,
        "temporal_severity_score": 0.5238709677419354,
        "hazard_score": 0.6609829463735359,
        "exposure_score": 0.8748211136689856,
        "vulnerability_score": 1.0,
        "adaptive_capacity_score": 0.3408,
        "risk_score": 78.19784569666608,
        "risk_percentile_within_aoi": 0.9140127388535032,
        "hazard_contribution_points": 26.439317854941436,
        "exposure_contribution_points": 21.87052784172464,
        "vulnerability_contribution_points": 20.0,
        "adaptive_deficit_contribution_points": 9.888,
        "primary_driver": "hazard",
        "temporal_context_id": "era5-temporal:pilot_v1:2026-07-31T03Z",
        "source_ids": [
          "LC09_L2SP_119039_20260731_02_T1",
          "S2C_MSIL2A_20260731T023551_R089_T51RTP_20260731T060913",
          "chn_pop_2026_CN_100m_R2025A_v1.tif"
        ],
        "analysis_reasons": [],
        "landsat_quality_flag": "HIGH",
        "sentinel_quality_flag": "HIGH"
      }
    },
    {
      "type": "Feature",
      "id": "M4B-R-5EEC8B7710-G-R18-C17",
      "geometry": {
        "type": "Polygon",
        "coordinates": [
          [
            [
              120.16574994051793,
              30.274124488412582
            ],
            [
              120.16575160270605,
              30.27637964312322
            ],
            [
              120.16315333185183,
              30.276381059187784
            ],
            [
              120.16315172902748,
              30.274125904413403
            ],
            [
              120.16574994051793,
              30.274124488412582
            ]
          ]
        ]
      },
      "properties": {
        "grid_id": "M4B-R-5EEC8B7710-G-R18-C17",
        "row": 18,
        "column": 17,
        "analysis_status": "ANALYZABLE_LAND",
        "ranking_eligible": true,
        "source_mode": "REAL",
        "population_total": 1435.978467518861,
        "population_age_0_14": 151.53094803368796,
        "population_age_65_plus": 227.0966220802059,
        "elderly_share": 0.15814765138685694,
        "child_share": 0.10552452662852876,
        "vulnerability_share_raw": 0.14236071395935848,
        "lst_median_c": 48.275436920000004,
        "lst_valid_fraction": 1.0,
        "ndvi_median_land": 0.20806845407951247,
        "green_fraction_land": 0.4128,
        "green_fraction_grid_legacy": 0.4128,
        "water_fraction_grid": 0.0,
        "sentinel_valid_fraction": 1.0,
        "spatial_heat_score": 0.6687898089171974,
        "temporal_severity_score": 0.5238709677419354,
        "hazard_score": 0.6253141565646188,
        "exposure_score": 0.9785645146350574,
        "vulnerability_score": 0.9999999517266592,
        "adaptive_capacity_score": 0.4128,
        "risk_score": 78.28467816299438,
        "risk_percentile_within_aoi": 0.9235668789808917,
        "hazard_contribution_points": 25.01256626258475,
        "exposure_contribution_points": 24.464112865876437,
        "vulnerability_contribution_points": 19.999999034533186,
        "adaptive_deficit_contribution_points": 8.808,
        "primary_driver": "hazard",
        "temporal_context_id": "era5-temporal:pilot_v1:2026-07-31T03Z",
        "source_ids": [
          "LC09_L2SP_119039_20260731_02_T1",
          "S2C_MSIL2A_20260731T023551_R089_T51RTP_20260731T060913",
          "chn_pop_2026_CN_100m_R2025A_v1.tif"
        ],
        "analysis_reasons": [],
        "landsat_quality_flag": "HIGH",
        "sentinel_quality_flag": "HIGH"
      }
    },
    {
      "type": "Feature",
      "id": "M4B-R-5EEC8B7710-G-R18-C18",
      "geometry": {
        "type": "Polygon",
        "coordinates": [
          [
            [
              120.16834815193249,
              30.27412302092088
            ],
            [
              120.16834987348435,
              30.276378175565437
            ],
            [
              120.16575160270605,
              30.27637964312322
            ],
            [
              120.16574994051793,
              30.274124488412582
            ],
            [
              120.16834815193249,
              30.27412302092088
            ]
          ]
        ]
      },
      "properties": {
        "grid_id": "M4B-R-5EEC8B7710-G-R18-C18",
        "row": 18,
        "column": 18,
        "analysis_status": "ANALYZABLE_LAND",
        "ranking_eligible": true,
        "source_mode": "REAL",
        "population_total": 1283.1454403920663,
        "population_age_0_14": 135.4033138365933,
        "population_age_65_plus": 202.92644267627503,
        "elderly_share": 0.15814765519820626,
        "child_share": 0.10552452557148992,
        "vulnerability_share_raw": 0.14236071631019134,
        "lst_median_c": 45.66406963999998,
        "lst_valid_fraction": 1.0,
        "ndvi_median_land": 0.42040513282910974,
        "green_fraction_land": 0.6151368760064412,
        "green_fraction_grid_legacy": 0.6112,
        "water_fraction_grid": 0.0064,
        "sentinel_valid_fraction": 1.0,
        "spatial_heat_score": 0.4012738853503185,
        "temporal_severity_score": 0.5238709677419354,
        "hazard_score": 0.4380530100678035,
        "exposure_score": 0.9547887026928217,
        "vulnerability_score": 1.0,
        "adaptive_capacity_score": 0.6151368760064412,
        "risk_score": 67.16478482993608,
        "risk_percentile_within_aoi": 0.7866242038216561,
        "hazard_contribution_points": 17.52212040271214,
        "exposure_contribution_points": 23.869717567320542,
        "vulnerability_contribution_points": 20.0,
        "adaptive_deficit_contribution_points": 5.772946859903382,
        "primary_driver": "exposure",
        "temporal_context_id": "era5-temporal:pilot_v1:2026-07-31T03Z",
        "source_ids": [
          "LC09_L2SP_119039_20260731_02_T1",
          "S2C_MSIL2A_20260731T023551_R089_T51RTP_20260731T060913",
          "chn_pop_2026_CN_100m_R2025A_v1.tif"
        ],
        "analysis_reasons": [],
        "landsat_quality_flag": "HIGH",
        "sentinel_quality_flag": "HIGH"
      }
    },
    {
      "type": "Feature",
      "id": "M4B-R-5EEC8B7710-G-R18-C19",
      "geometry": {
        "type": "Polygon",
        "coordinates": [
          [
            [
              120.17094636326841,
              30.274121501938275
            ],
            [
              120.17094814418405,
              30.27637665651445
            ],
            [
              120.16834987348435,
              30.276378175565437
            ],
            [
              120.16834815193249,
              30.27412302092088
            ],
            [
              120.17094636326841,
              30.274121501938275
            ]
          ]
        ]
      },
      "properties": {
        "grid_id": "M4B-R-5EEC8B7710-G-R18-C19",
        "row": 18,
        "column": 19,
        "analysis_status": "ANALYZABLE_LAND",
        "ranking_eligible": true,
        "source_mode": "REAL",
        "population_total": 610.5692648799655,
        "population_age_0_14": 64.43003217881903,
        "population_age_65_plus": 96.56009580494226,
        "elderly_share": 0.1581476522961329,
        "child_share": 0.10552452585618703,
        "vulnerability_share_raw": 0.14236071436414915,
        "lst_median_c": 45.69824984000002,
        "lst_valid_fraction": 1.0,
        "ndvi_median_land": 0.4772848224868007,
        "green_fraction_land": 0.7312,
        "green_fraction_grid_legacy": 0.7312,
        "water_fraction_grid": 0.0,
        "sentinel_valid_fraction": 1.0,
        "spatial_heat_score": 0.40445859872611467,
        "temporal_severity_score": 0.5238709677419354,
        "hazard_score": 0.4402823094308609,
        "exposure_score": 0.7979410517405955,
        "vulnerability_score": 0.9999999618800042,
        "adaptive_capacity_score": 0.7312,
        "risk_score": 61.59181790834941,
        "risk_percentile_within_aoi": 0.6751592356687898,
        "hazard_contribution_points": 17.611292377234435,
        "exposure_contribution_points": 19.948526293514888,
        "vulnerability_contribution_points": 19.999999237600083,
        "adaptive_deficit_contribution_points": 4.032000000000001,
        "primary_driver": "vulnerability",
        "temporal_context_id": "era5-temporal:pilot_v1:2026-07-31T03Z",
        "source_ids": [
          "LC09_L2SP_119039_20260731_02_T1",
          "S2C_MSIL2A_20260731T023551_R089_T51RTP_20260731T060913",
          "chn_pop_2026_CN_100m_R2025A_v1.tif"
        ],
        "analysis_reasons": [],
        "landsat_quality_flag": "HIGH",
        "sentinel_quality_flag": "HIGH"
      }
    },
    {
      "type": "Feature",
      "id": "M4B-R-5EEC8B7710-G-R19-C00",
      "geometry": {
        "type": "Polygon",
        "coordinates": [
          [
            [
              120.12158099007273,
              30.276396713140553
            ],
            [
              120.12158164313487,
              30.27865186784217
            ],
            [
              120.11898331203571,
              30.278652408545895
            ],
            [
              120.11898271834283,
              30.276397253819933
            ],
            [
              120.12158099007273,
              30.276396713140553
            ]
          ]
        ]
      },
      "properties": {
        "grid_id": "M4B-R-5EEC8B7710-G-R19-C00",
        "row": 19,
        "column": 0,
        "analysis_status": "ANALYZABLE_LAND",
        "ranking_eligible": true,
        "source_mode": "REAL",
        "population_total": 1218.8922214105871,
        "population_age_0_14": 135.5885487609567,
        "population_age_65_plus": 135.6318833962576,
        "elderly_share": 0.1112747140508411,
        "child_share": 0.11123916157578247,
        "vulnerability_share_raw": 0.11126404830832351,
        "lst_median_c": 47.969524129999996,
        "lst_valid_fraction": 1.0,
        "ndvi_median_land": 0.3127463703392861,
        "green_fraction_land": 0.5184,
        "green_fraction_grid_legacy": 0.5184,
        "water_fraction_grid": 0.0,
        "sentinel_valid_fraction": 1.0,
        "spatial_heat_score": 0.6273885350318471,
        "temporal_severity_score": 0.5238709677419354,
        "hazard_score": 0.5963332648448736,
        "exposure_score": 0.9439354842547792,
        "vulnerability_score": 0.2200037914617477,
        "adaptive_capacity_score": 0.5184,
        "risk_score": 59.07579352939938,
        "risk_percentile_within_aoi": 0.6146496815286624,
        "hazard_contribution_points": 23.853330593794944,
        "exposure_contribution_points": 23.598387106369483,
        "vulnerability_contribution_points": 4.400075829234954,
        "adaptive_deficit_contribution_points": 7.224,
        "primary_driver": "hazard",
        "temporal_context_id": "era5-temporal:pilot_v1:2026-07-31T03Z",
        "source_ids": [
          "LC09_L2SP_119039_20260731_02_T1",
          "S2C_MSIL2A_20260731T023551_R089_T51RTP_20260731T060913",
          "chn_pop_2026_CN_100m_R2025A_v1.tif"
        ],
        "analysis_reasons": [],
        "landsat_quality_flag": "HIGH",
        "sentinel_quality_flag": "HIGH"
      }
    },
    {
      "type": "Feature",
      "id": "M4B-R-5EEC8B7710-G-R19-C01",
      "geometry": {
        "type": "Polygon",
        "coordinates": [
          [
            [
              120.1241792617728,
              30.2763961209679
            ],
            [
              120.12417997420425,
              30.278651275642883
            ],
            [
              120.12158164313487,
              30.27865186784217
            ],
            [
              120.12158099007273,
              30.276396713140553
            ],
            [
              120.1241792617728,
              30.2763961209679
            ]
          ]
        ]
      },
      "properties": {
        "grid_id": "M4B-R-5EEC8B7710-G-R19-C01",
        "row": 19,
        "column": 1,
        "analysis_status": "ANALYZABLE_LAND",
        "ranking_eligible": true,
        "source_mode": "REAL",
        "population_total": 584.555342703435,
        "population_age_0_14": 65.02544763363892,
        "population_age_65_plus": 65.04622672825556,
        "elderly_share": 0.11127471083821014,
        "child_share": 0.11123916399927347,
        "vulnerability_share_raw": 0.11126404678652912,
        "lst_median_c": 47.09963804000006,
        "lst_valid_fraction": 1.0,
        "ndvi_median_land": 0.21634218072036185,
        "green_fraction_land": 0.31239935587761675,
        "green_fraction_grid_legacy": 0.3104,
        "water_fraction_grid": 0.0064,
        "sentinel_valid_fraction": 1.0,
        "spatial_heat_score": 0.5127388535031847,
        "temporal_severity_score": 0.5238709677419354,
        "hazard_score": 0.5160784877748099,
        "exposure_score": 0.7887504485035479,
        "vulnerability_score": 0.22000375329065275,
        "adaptive_capacity_score": 0.31239935587761675,
        "risk_score": 55.07598545122989,
        "risk_percentile_within_aoi": 0.5382165605095541,
        "hazard_contribution_points": 20.6431395109924,
        "exposure_contribution_points": 19.7187612125887,
        "vulnerability_contribution_points": 4.400075065813055,
        "adaptive_deficit_contribution_points": 10.314009661835748,
        "primary_driver": "hazard",
        "temporal_context_id": "era5-temporal:pilot_v1:2026-07-31T03Z",
        "source_ids": [
          "LC09_L2SP_119039_20260731_02_T1",
          "S2C_MSIL2A_20260731T023551_R089_T51RTP_20260731T060913",
          "chn_pop_2026_CN_100m_R2025A_v1.tif"
        ],
        "analysis_reasons": [],
        "landsat_quality_flag": "HIGH",
        "sentinel_quality_flag": "HIGH"
      }
    },
    {
      "type": "Feature",
      "id": "M4B-R-5EEC8B7710-G-R19-C02",
      "geometry": {
        "type": "Polygon",
        "coordinates": [
          [
            [
              120.12677753344035,
              30.276395477302
            ],
            [
              120.12677830524106,
              30.278650631947983
            ],
            [
              120.12417997420425,
              30.278651275642883
            ],
            [
              120.1241792617728,
              30.2763961209679
            ],
            [
              120.12677753344035,
              30.276395477302
            ]
          ]
        ]
      },
      "properties": {
        "grid_id": "M4B-R-5EEC8B7710-G-R19-C02",
        "row": 19,
        "column": 2,
        "analysis_status": "ANALYZABLE_LAND",
        "ranking_eligible": true,
        "source_mode": "REAL",
        "population_total": 1158.525805857792,
        "population_age_0_14": 128.87344004340545,
        "population_age_65_plus": 128.91462764590034,
        "elderly_share": 0.11127471394601329,
        "child_share": 0.11123916221096637,
        "vulnerability_share_raw": 0.11126404842549922,
        "lst_median_c": 48.401903660000016,
        "lst_valid_fraction": 1.0,
        "ndvi_median_land": 0.13002089751350435,
        "green_fraction_land": 0.24,
        "green_fraction_grid_legacy": 0.24,
        "water_fraction_grid": 0.0,
        "sentinel_valid_fraction": 1.0,
        "spatial_heat_score": 0.6910828025477707,
        "temporal_severity_score": 0.5238709677419354,
        "hazard_score": 0.6409192521060201,
        "exposure_score": 0.9332048100028691,
        "vulnerability_score": 0.22000379440086046,
        "adaptive_capacity_score": 0.24,
        "risk_score": 64.76696622232974,
        "risk_percentile_within_aoi": 0.7388535031847133,
        "hazard_contribution_points": 25.6367700842408,
        "exposure_contribution_points": 23.33012025007173,
        "vulnerability_contribution_points": 4.400075888017209,
        "adaptive_deficit_contribution_points": 11.4,
        "primary_driver": "hazard",
        "temporal_context_id": "era5-temporal:pilot_v1:2026-07-31T03Z",
        "source_ids": [
          "LC09_L2SP_119039_20260731_02_T1",
          "S2C_MSIL2A_20260731T023551_R089_T51RTP_20260731T060913",
          "chn_pop_2026_CN_100m_R2025A_v1.tif"
        ],
        "analysis_reasons": [],
        "landsat_quality_flag": "HIGH",
        "sentinel_quality_flag": "HIGH"
      }
    },
    {
      "type": "Feature",
      "id": "M4B-R-5EEC8B7710-G-R19-C03",
      "geometry": {
        "type": "Polygon",
        "coordinates": [
          [
            [
              120.12937580507267,
              30.276394782142827
            ],
            [
              120.12937663624263,
              30.278649936757517
            ],
            [
              120.12677830524106,
              30.278650631947983
            ],
            [
              120.12677753344035,
              30.276395477302
            ],
            [
              120.12937580507267,
              30.276394782142827
            ]
          ]
        ]
      },
      "properties": {
        "grid_id": "M4B-R-5EEC8B7710-G-R19-C03",
        "row": 19,
        "column": 3,
        "analysis_status": "ANALYZABLE_LAND",
        "ranking_eligible": true,
        "source_mode": "REAL",
        "population_total": 1500.6954990186066,
        "population_age_0_14": 166.93610824326828,
        "population_age_65_plus": 166.98945953669832,
        "elderly_share": 0.11127471205577853,
        "child_share": 0.11123916101063651,
        "vulnerability_share_raw": 0.11126404674223592,
        "lst_median_c": 49.23760955000003,
        "lst_valid_fraction": 1.0,
        "ndvi_median_land": 0.21368037484198485,
        "green_fraction_land": 0.4144,
        "green_fraction_grid_legacy": 0.4144,
        "water_fraction_grid": 0.0,
        "sentinel_valid_fraction": 1.0,
        "spatial_heat_score": 0.7993630573248408,
        "temporal_severity_score": 0.5238709677419354,
        "hazard_score": 0.7167154304499692,
        "exposure_score": 0.9878787363900643,
        "vulnerability_score": 0.22000375217964838,
        "adaptive_capacity_score": 0.4144,
        "risk_score": 66.54966067134335,
        "risk_percentile_within_aoi": 0.7738853503184714,
        "hazard_contribution_points": 28.66861721799877,
        "exposure_contribution_points": 24.69696840975161,
        "vulnerability_contribution_points": 4.400075043592968,
        "adaptive_deficit_contribution_points": 8.784,
        "primary_driver": "hazard",
        "temporal_context_id": "era5-temporal:pilot_v1:2026-07-31T03Z",
        "source_ids": [
          "LC09_L2SP_119039_20260731_02_T1",
          "S2C_MSIL2A_20260731T023551_R089_T51RTP_20260731T060913",
          "chn_pop_2026_CN_100m_R2025A_v1.tif"
        ],
        "analysis_reasons": [],
        "landsat_quality_flag": "HIGH",
        "sentinel_quality_flag": "HIGH"
      }
    },
    {
      "type": "Feature",
      "id": "M4B-R-5EEC8B7710-G-R19-C04",
      "geometry": {
        "type": "Polygon",
        "coordinates": [
          [
            [
              120.13197407666702,
              30.27639403549038
            ],
            [
              120.13197496720622,
              30.278649190071462
            ],
            [
              120.12937663624263,
              30.278649936757517
            ],
            [
              120.12937580507267,
              30.276394782142827
            ],
            [
              120.13197407666702,
              30.27639403549038
            ]
          ]
        ]
      },
      "properties": {
        "grid_id": "M4B-R-5EEC8B7710-G-R19-C04",
        "row": 19,
        "column": 4,
        "analysis_status": "ANALYZABLE_LAND",
        "ranking_eligible": true,
        "source_mode": "REAL",
        "population_total": 932.012117746579,
        "population_age_0_14": 103.67624501313003,
        "population_age_65_plus": 103.70937843885848,
        "elderly_share": 0.11127471034347414,
        "child_share": 0.11123915991972153,
        "vulnerability_share_raw": 0.11126404521634835,
        "lst_median_c": 48.26518285999998,
        "lst_valid_fraction": 1.0,
        "ndvi_median_land": 0.3028222697592482,
        "green_fraction_land": 0.5072,
        "green_fraction_grid_legacy": 0.5072,
        "water_fraction_grid": 0.0,
        "sentinel_valid_fraction": 1.0,
        "spatial_heat_score": 0.6656050955414012,
        "temporal_severity_score": 0.5238709677419354,
        "hazard_score": 0.6230848572015615,
        "exposure_score": 0.8872495459493502,
        "vulnerability_score": 0.22000371390588427,
        "adaptive_capacity_score": 0.5072,
        "risk_score": 58.8967072149139,
        "risk_percentile_within_aoi": 0.6019108280254777,
        "hazard_contribution_points": 24.92339428806246,
        "exposure_contribution_points": 22.181238648733757,
        "vulnerability_contribution_points": 4.400074278117685,
        "adaptive_deficit_contribution_points": 7.392,
        "primary_driver": "hazard",
        "temporal_context_id": "era5-temporal:pilot_v1:2026-07-31T03Z",
        "source_ids": [
          "LC09_L2SP_119039_20260731_02_T1",
          "S2C_MSIL2A_20260731T023551_R089_T51RTP_20260731T060913",
          "chn_pop_2026_CN_100m_R2025A_v1.tif"
        ],
        "analysis_reasons": [],
        "landsat_quality_flag": "HIGH",
        "sentinel_quality_flag": "HIGH"
      }
    },
    {
      "type": "Feature",
      "id": "M4B-R-5EEC8B7710-G-R19-C05",
      "geometry": {
        "type": "Polygon",
        "coordinates": [
          [
            [
              120.13457234822069,
              30.276393237344692
            ],
            [
              120.13457329812917,
              30.278648391889835
            ],
            [
              120.13197496720622,
              30.278649190071462
            ],
            [
              120.13197407666702,
              30.27639403549038
            ],
            [
              120.13457234822069,
              30.276393237344692
            ]
          ]
        ]
      },
      "properties": {
        "grid_id": "M4B-R-5EEC8B7710-G-R19-C05",
        "row": 19,
        "column": 5,
        "analysis_status": "ANALYZABLE_LAND",
        "ranking_eligible": true,
        "source_mode": "REAL",
        "population_total": 988.2830303107821,
        "population_age_0_14": 109.93577623341469,
        "population_age_65_plus": 109.9709121517588,
        "elderly_share": 0.11127471461002078,
        "child_share": 0.11123916212427885,
        "vulnerability_share_raw": 0.11126404886429819,
        "lst_median_c": 47.20388765000001,
        "lst_valid_fraction": 1.0,
        "ndvi_median_land": 0.4398231275972252,
        "green_fraction_land": 0.6336,
        "green_fraction_grid_legacy": 0.6336,
        "water_fraction_grid": 0.0,
        "sentinel_valid_fraction": 1.0,
        "spatial_heat_score": 0.5254777070063694,
        "temporal_severity_score": 0.5238709677419354,
        "hazard_score": 0.5249956852270392,
        "exposure_score": 0.8996317269761119,
        "vulnerability_score": 0.22000380540723377,
        "adaptive_capacity_score": 0.6336,
        "risk_score": 53.38669669162904,
        "risk_percentile_within_aoi": 0.4968152866242038,
        "hazard_contribution_points": 20.99982740908157,
        "exposure_contribution_points": 22.4907931744028,
        "vulnerability_contribution_points": 4.400076108144676,
        "adaptive_deficit_contribution_points": 5.4959999999999996,
        "primary_driver": "exposure",
        "temporal_context_id": "era5-temporal:pilot_v1:2026-07-31T03Z",
        "source_ids": [
          "LC09_L2SP_119039_20260731_02_T1",
          "S2C_MSIL2A_20260731T023551_R089_T51RTP_20260731T060913",
          "chn_pop_2026_CN_100m_R2025A_v1.tif"
        ],
        "analysis_reasons": [],
        "landsat_quality_flag": "HIGH",
        "sentinel_quality_flag": "HIGH"
      }
    },
    {
      "type": "Feature",
      "id": "M4B-R-5EEC8B7710-G-R19-C06",
      "geometry": {
        "type": "Polygon",
        "coordinates": [
          [
            [
              120.137170619731,
              30.276392387705744
            ],
            [
              120.1371716290087,
              30.278647542212635
            ],
            [
              120.13457329812917,
              30.278648391889835
            ],
            [
              120.13457234822069,
              30.276393237344692
            ],
            [
              120.137170619731,
              30.276392387705744
            ]
          ]
        ]
      },
      "properties": {
        "grid_id": "M4B-R-5EEC8B7710-G-R19-C06",
        "row": 19,
        "column": 6,
        "analysis_status": "ANALYZABLE_LAND",
        "ranking_eligible": true,
        "source_mode": "REAL",
        "population_total": 1107.811093021929,
        "population_age_0_14": 123.23197351414636,
        "population_age_65_plus": 123.27136022558025,
        "elderly_share": 0.11127471190897355,
        "child_share": 0.11123915827380777,
        "vulnerability_share_raw": 0.1112640458184238,
        "lst_median_c": 47.53030855999998,
        "lst_valid_fraction": 1.0,
        "ndvi_median_land": 0.5473031327653934,
        "green_fraction_land": 0.8336,
        "green_fraction_grid_legacy": 0.8336,
        "water_fraction_grid": 0.0,
        "sentinel_valid_fraction": 1.0,
        "spatial_heat_score": 0.5605095541401274,
        "temporal_severity_score": 0.5238709677419354,
        "hazard_score": 0.5495179782206697,
        "exposure_score": 0.9237487992380257,
        "vulnerability_score": 0.2200037290077139,
        "adaptive_capacity_score": 0.8336,
        "risk_score": 51.97051368993171,
        "risk_percentile_within_aoi": 0.46178343949044587,
        "hazard_contribution_points": 21.980719128826788,
        "exposure_contribution_points": 23.09371998095064,
        "vulnerability_contribution_points": 4.4000745801542775,
        "adaptive_deficit_contribution_points": 2.496,
        "primary_driver": "exposure",
        "temporal_context_id": "era5-temporal:pilot_v1:2026-07-31T03Z",
        "source_ids": [
          "LC09_L2SP_119039_20260731_02_T1",
          "S2C_MSIL2A_20260731T023551_R089_T51RTP_20260731T060913",
          "chn_pop_2026_CN_100m_R2025A_v1.tif"
        ],
        "analysis_reasons": [],
        "landsat_quality_flag": "HIGH",
        "sentinel_quality_flag": "HIGH"
      }
    },
    {
      "type": "Feature",
      "id": "M4B-R-5EEC8B7710-G-R19-C07",
      "geometry": {
        "type": "Polygon",
        "coordinates": [
          [
            [
              120.13976889119522,
              30.276391486573537
            ],
            [
              120.13976995984216,
              30.278646641039845
            ],
            [
              120.1371716290087,
              30.278647542212635
            ],
            [
              120.137170619731,
              30.276392387705744
            ],
            [
              120.13976889119522,
              30.276391486573537
            ]
          ]
        ]
      },
      "properties": {
        "grid_id": "M4B-R-5EEC8B7710-G-R19-C07",
        "row": 19,
        "column": 7,
        "analysis_status": "ANALYZABLE_LAND",
        "ranking_eligible": true,
        "source_mode": "REAL",
        "population_total": 1171.2203696845395,
        "population_age_0_14": 130.28557353488503,
        "population_age_65_plus": 130.32721168309578,
        "elderly_share": 0.11127471401321219,
        "child_share": 0.11123916293393753,
        "vulnerability_share_raw": 0.1112640486894298,
        "lst_median_c": 46.40236196000001,
        "lst_valid_fraction": 1.0,
        "ndvi_median_land": 0.3127902597585453,
        "green_fraction_land": 0.512,
        "green_fraction_grid_legacy": 0.512,
        "water_fraction_grid": 0.0,
        "sentinel_valid_fraction": 1.0,
        "spatial_heat_score": 0.4554140127388535,
        "temporal_severity_score": 0.5238709677419354,
        "hazard_score": 0.4759510992397781,
        "exposure_score": 0.9355070466745039,
        "vulnerability_score": 0.2200038010210182,
        "adaptive_capacity_score": 0.512,
        "risk_score": 54.145796156874084,
        "risk_percentile_within_aoi": 0.5095541401273885,
        "hazard_contribution_points": 19.038043969591122,
        "exposure_contribution_points": 23.387676166862597,
        "vulnerability_contribution_points": 4.400076020420364,
        "adaptive_deficit_contribution_points": 7.32,
        "primary_driver": "exposure",
        "temporal_context_id": "era5-temporal:pilot_v1:2026-07-31T03Z",
        "source_ids": [
          "LC09_L2SP_119039_20260731_02_T1",
          "S2C_MSIL2A_20260731T023551_R089_T51RTP_20260731T060913",
          "chn_pop_2026_CN_100m_R2025A_v1.tif"
        ],
        "analysis_reasons": [],
        "landsat_quality_flag": "HIGH",
        "sentinel_quality_flag": "HIGH"
      }
    },
    {
      "type": "Feature",
      "id": "M4B-R-5EEC8B7710-G-R19-C08",
      "geometry": {
        "type": "Polygon",
        "coordinates": [
          [
            [
              120.14236716261064,
              30.276390533948092
            ],
            [
              120.1423682906268,
              30.278645688371505
            ],
            [
              120.13976995984216,
              30.278646641039845
            ],
            [
              120.13976889119522,
              30.276391486573537
            ],
            [
              120.14236716261064,
              30.276390533948092
            ]
          ]
        ]
      },
      "properties": {
        "grid_id": "M4B-R-5EEC8B7710-G-R19-C08",
        "row": 19,
        "column": 8,
        "analysis_status": "ANALYZABLE_LAND",
        "ranking_eligible": true,
        "source_mode": "REAL",
        "population_total": 1263.9104056671517,
        "population_age_0_14": 140.5963325586267,
        "population_age_65_plus": 140.6412666609044,
        "elderly_share": 0.11127471221875673,
        "child_share": 0.11123916056725025,
        "vulnerability_share_raw": 0.11126404672330478,
        "lst_median_c": 49.72125937999999,
        "lst_valid_fraction": 1.0,
        "ndvi_median_land": 0.23065304982119955,
        "green_fraction_land": 0.3312,
        "green_fraction_grid_legacy": 0.3312,
        "water_fraction_grid": 0.0,
        "sentinel_valid_fraction": 1.0,
        "spatial_heat_score": 0.8694267515923567,
        "temporal_severity_score": 0.5238709677419354,
        "hazard_score": 0.7657600164372304,
        "exposure_score": 0.9515976716154464,
        "vulnerability_score": 0.22000375170479963,
        "adaptive_capacity_score": 0.3312,
        "risk_score": 68.85241748197136,
        "risk_percentile_within_aoi": 0.8121019108280255,
        "hazard_contribution_points": 30.630400657489215,
        "exposure_contribution_points": 23.78994179038616,
        "vulnerability_contribution_points": 4.400075034095993,
        "adaptive_deficit_contribution_points": 10.032,
        "primary_driver": "hazard",
        "temporal_context_id": "era5-temporal:pilot_v1:2026-07-31T03Z",
        "source_ids": [
          "LC09_L2SP_119039_20260731_02_T1",
          "S2C_MSIL2A_20260731T023551_R089_T51RTP_20260731T060913",
          "chn_pop_2026_CN_100m_R2025A_v1.tif"
        ],
        "analysis_reasons": [],
        "landsat_quality_flag": "HIGH",
        "sentinel_quality_flag": "HIGH"
      }
    },
    {
      "type": "Feature",
      "id": "M4B-R-5EEC8B7710-G-R19-C09",
      "geometry": {
        "type": "Polygon",
        "coordinates": [
          [
            [
              120.14496543397455,
              30.276389529829384
            ],
            [
              120.14496662135993,
              30.278644684207595
            ],
            [
              120.1423682906268,
              30.278645688371505
            ],
            [
              120.14236716261064,
              30.276390533948092
            ],
            [
              120.14496543397455,
              30.276389529829384
            ]
          ]
        ]
      },
      "properties": {
        "grid_id": "M4B-R-5EEC8B7710-G-R19-C09",
        "row": 19,
        "column": 9,
        "analysis_status": "ANALYZABLE_LAND",
        "ranking_eligible": true,
        "source_mode": "REAL",
        "population_total": 1480.6392993826973,
        "population_age_0_14": 164.70507571270306,
        "population_age_65_plus": 164.75771498501385,
        "elderly_share": 0.11127471427626164,
        "child_share": 0.11123916255726246,
        "vulnerability_share_raw": 0.11126404876056187,
        "lst_median_c": 49.816963939999994,
        "lst_valid_fraction": 1.0,
        "ndvi_median_land": 0.330610996376264,
        "green_fraction_land": 0.5568,
        "green_fraction_grid_legacy": 0.5568,
        "water_fraction_grid": 0.0,
        "sentinel_valid_fraction": 1.0,
        "spatial_heat_score": 0.8789808917197452,
        "temporal_severity_score": 0.5238709677419354,
        "hazard_score": 0.7724479145264023,
        "exposure_score": 0.9850358313138646,
        "vulnerability_score": 0.22000380280522056,
        "adaptive_capacity_score": 0.5568,
        "risk_score": 66.57188842000711,
        "risk_percentile_within_aoi": 0.7770700636942676,
        "hazard_contribution_points": 30.89791658105609,
        "exposure_contribution_points": 24.625895782846616,
        "vulnerability_contribution_points": 4.400076056104411,
        "adaptive_deficit_contribution_points": 6.648000000000001,
        "primary_driver": "hazard",
        "temporal_context_id": "era5-temporal:pilot_v1:2026-07-31T03Z",
        "source_ids": [
          "LC09_L2SP_119039_20260731_02_T1",
          "S2C_MSIL2A_20260731T023551_R089_T51RTP_20260731T060913",
          "chn_pop_2026_CN_100m_R2025A_v1.tif"
        ],
        "analysis_reasons": [],
        "landsat_quality_flag": "HIGH",
        "sentinel_quality_flag": "HIGH"
      }
    },
    {
      "type": "Feature",
      "id": "M4B-R-5EEC8B7710-G-R19-C10",
      "geometry": {
        "type": "Polygon",
        "coordinates": [
          [
            [
              120.14756370528423,
              30.276388474217438
            ],
            [
              120.14756495203883,
              30.278643628548114
            ],
            [
              120.14496662135993,
              30.278644684207595
            ],
            [
              120.14496543397455,
              30.276389529829384
            ],
            [
              120.14756370528423,
              30.276388474217438
            ]
          ]
        ]
      },
      "properties": {
        "grid_id": "M4B-R-5EEC8B7710-G-R19-C10",
        "row": 19,
        "column": 10,
        "analysis_status": "ANALYZABLE_LAND",
        "ranking_eligible": true,
        "source_mode": "REAL",
        "population_total": 1071.3629903272245,
        "population_age_0_14": 119.1775213259505,
        "population_age_65_plus": 119.21561148673561,
        "elderly_share": 0.1112747150714286,
        "child_share": 0.11123916207853168,
        "vulnerability_share_raw": 0.11126404917355952,
        "lst_median_c": 50.31257684000002,
        "lst_valid_fraction": 1.0,
        "ndvi_median_land": 0.24022712701214563,
        "green_fraction_land": 0.416,
        "green_fraction_grid_legacy": 0.416,
        "water_fraction_grid": 0.0,
        "sentinel_valid_fraction": 1.0,
        "spatial_heat_score": 0.9299363057324841,
        "temporal_severity_score": 0.5238709677419354,
        "hazard_score": 0.8081167043353195,
        "exposure_score": 0.9166818138773545,
        "vulnerability_score": 0.22000381316442064,
        "adaptive_capacity_score": 0.416,
        "risk_score": 68.40178978363505,
        "risk_percentile_within_aoi": 0.8057324840764332,
        "hazard_contribution_points": 32.324668173412775,
        "exposure_contribution_points": 22.91704534693386,
        "vulnerability_contribution_points": 4.400076263288413,
        "adaptive_deficit_contribution_points": 8.760000000000002,
        "primary_driver": "hazard",
        "temporal_context_id": "era5-temporal:pilot_v1:2026-07-31T03Z",
        "source_ids": [
          "LC09_L2SP_119039_20260731_02_T1",
          "S2C_MSIL2A_20260731T023551_R089_T51RTP_20260731T060913",
          "chn_pop_2026_CN_100m_R2025A_v1.tif"
        ],
        "analysis_reasons": [],
        "landsat_quality_flag": "HIGH",
        "sentinel_quality_flag": "HIGH"
      }
    },
    {
      "type": "Feature",
      "id": "M4B-R-5EEC8B7710-G-R19-C11",
      "geometry": {
        "type": "Polygon",
        "coordinates": [
          [
            [
              120.15016197653698,
              30.27638736711225
            ],
            [
              120.1501632826608,
              30.278642521393078
            ],
            [
              120.14756495203883,
              30.278643628548114
            ],
            [
              120.14756370528423,
              30.276388474217438
            ],
            [
              120.15016197653698,
              30.27638736711225
            ]
          ]
        ]
      },
      "properties": {
        "grid_id": "M4B-R-5EEC8B7710-G-R19-C11",
        "row": 19,
        "column": 11,
        "analysis_status": "ANALYZABLE_LAND",
        "ranking_eligible": true,
        "source_mode": "REAL",
        "population_total": 1065.4871049055412,
        "population_age_0_14": 115.69483398811693,
        "population_age_65_plus": 141.76644893885845,
        "elderly_share": 0.1330531812972307,
        "child_share": 0.10858398328375231,
        "vulnerability_share_raw": 0.12571242189318718,
        "lst_median_c": 48.93853280000002,
        "lst_valid_fraction": 1.0,
        "ndvi_median_land": 0.2245642833724331,
        "green_fraction_land": 0.3984,
        "green_fraction_grid_legacy": 0.3984,
        "water_fraction_grid": 0.0,
        "sentinel_valid_fraction": 1.0,
        "spatial_heat_score": 0.7611464968152867,
        "temporal_severity_score": 0.5238709677419354,
        "hazard_score": 0.6899638380932813,
        "exposure_score": 0.9155200891594875,
        "vulnerability_score": 0.5824116471699547,
        "adaptive_capacity_score": 0.3984,
        "risk_score": 71.15878869611754,
        "risk_percentile_within_aoi": 0.8471337579617835,
        "hazard_contribution_points": 27.598553523731255,
        "exposure_contribution_points": 22.888002228987187,
        "vulnerability_contribution_points": 11.648232943399094,
        "adaptive_deficit_contribution_points": 9.024000000000001,
        "primary_driver": "hazard",
        "temporal_context_id": "era5-temporal:pilot_v1:2026-07-31T03Z",
        "source_ids": [
          "LC09_L2SP_119039_20260731_02_T1",
          "S2C_MSIL2A_20260731T023551_R089_T51RTP_20260731T060913",
          "chn_pop_2026_CN_100m_R2025A_v1.tif"
        ],
        "analysis_reasons": [],
        "landsat_quality_flag": "HIGH",
        "sentinel_quality_flag": "HIGH"
      }
    },
    {
      "type": "Feature",
      "id": "M4B-R-5EEC8B7710-G-R19-C12",
      "geometry": {
        "type": "Polygon",
        "coordinates": [
          [
            [
              120.15276024773007,
              30.276386208513816
            ],
            [
              120.15276161322309,
              30.27864136274249
            ],
            [
              120.1501632826608,
              30.278642521393078
            ],
            [
              120.15016197653698,
              30.27638736711225
            ],
            [
              120.15276024773007,
              30.276386208513816
            ]
          ]
        ]
      },
      "properties": {
        "grid_id": "M4B-R-5EEC8B7710-G-R19-C12",
        "row": 19,
        "column": 12,
        "analysis_status": "ANALYZABLE_LAND",
        "ranking_eligible": true,
        "source_mode": "REAL",
        "population_total": 1449.6474439257347,
        "population_age_0_14": 152.97335862762472,
        "population_age_65_plus": 229.25834332018877,
        "elderly_share": 0.1581476546458379,
        "child_share": 0.10552452547590704,
        "vulnerability_share_raw": 0.14236071589485863,
        "lst_median_c": 46.193862740000014,
        "lst_valid_fraction": 1.0,
        "ndvi_median_land": 0.4620536674769434,
        "green_fraction_land": 0.68,
        "green_fraction_grid_legacy": 0.68,
        "water_fraction_grid": 0.0,
        "sentinel_valid_fraction": 1.0,
        "spatial_heat_score": 0.43630573248407645,
        "temporal_severity_score": 0.5238709677419354,
        "hazard_score": 0.46257530306143413,
        "exposure_score": 0.9805662537412453,
        "vulnerability_score": 1.0,
        "adaptive_capacity_score": 0.68,
        "risk_score": 67.81716846598852,
        "risk_percentile_within_aoi": 0.7929936305732485,
        "hazard_contribution_points": 18.503012122457363,
        "exposure_contribution_points": 24.51415634353113,
        "vulnerability_contribution_points": 20.0,
        "adaptive_deficit_contribution_points": 4.799999999999999,
        "primary_driver": "exposure",
        "temporal_context_id": "era5-temporal:pilot_v1:2026-07-31T03Z",
        "source_ids": [
          "LC09_L2SP_119039_20260731_02_T1",
          "S2C_MSIL2A_20260731T023551_R089_T51RTP_20260731T060913",
          "chn_pop_2026_CN_100m_R2025A_v1.tif"
        ],
        "analysis_reasons": [],
        "landsat_quality_flag": "HIGH",
        "sentinel_quality_flag": "HIGH"
      }
    },
    {
      "type": "Feature",
      "id": "M4B-R-5EEC8B7710-G-R19-C13",
      "geometry": {
        "type": "Polygon",
        "coordinates": [
          [
            [
              120.15535851886082,
              30.276384998422145
            ],
            [
              120.15535994372304,
              30.27864015259635
            ],
            [
              120.15276161322309,
              30.27864136274249
            ],
            [
              120.15276024773007,
              30.276386208513816
            ],
            [
              120.15535851886082,
              30.276384998422145
            ]
          ]
        ]
      },
      "properties": {
        "grid_id": "M4B-R-5EEC8B7710-G-R19-C13",
        "row": 19,
        "column": 13,
        "analysis_status": "ANALYZABLE_LAND",
        "ranking_eligible": true,
        "source_mode": "REAL",
        "population_total": 1192.5354618861531,
        "population_age_0_14": 125.84173798313998,
        "population_age_65_plus": 188.59668801363125,
        "elderly_share": 0.15814765601631717,
        "child_share": 0.10552452485069463,
        "vulnerability_share_raw": 0.14236071666663042,
        "lst_median_c": 46.07935907000004,
        "lst_valid_fraction": 1.0,
        "ndvi_median_land": 0.3672281994635827,
        "green_fraction_land": 0.5904,
        "green_fraction_grid_legacy": 0.5904,
        "water_fraction_grid": 0.0,
        "sentinel_valid_fraction": 1.0,
        "spatial_heat_score": 0.4267515923566879,
        "temporal_severity_score": 0.5238709677419354,
        "hazard_score": 0.4558874049722621,
        "exposure_score": 0.9393171628182959,
        "vulnerability_score": 1.0,
        "adaptive_capacity_score": 0.5904,
        "risk_score": 67.86242526934787,
        "risk_percentile_within_aoi": 0.7961783439490446,
        "hazard_contribution_points": 18.235496198890484,
        "exposure_contribution_points": 23.4829290704574,
        "vulnerability_contribution_points": 20.0,
        "adaptive_deficit_contribution_points": 6.143999999999999,
        "primary_driver": "exposure",
        "temporal_context_id": "era5-temporal:pilot_v1:2026-07-31T03Z",
        "source_ids": [
          "LC09_L2SP_119039_20260731_02_T1",
          "S2C_MSIL2A_20260731T023551_R089_T51RTP_20260731T060913",
          "chn_pop_2026_CN_100m_R2025A_v1.tif"
        ],
        "analysis_reasons": [],
        "landsat_quality_flag": "HIGH",
        "sentinel_quality_flag": "HIGH"
      }
    },
    {
      "type": "Feature",
      "id": "M4B-R-5EEC8B7710-G-R19-C14",
      "geometry": {
        "type": "Polygon",
        "coordinates": [
          [
            [
              120.15795678992652,
              30.276383736837257
            ],
            [
              120.1579582741579,
              30.27863889095465
            ],
            [
              120.15535994372304,
              30.27864015259635
            ],
            [
              120.15535851886082,
              30.276384998422145
            ],
            [
              120.15795678992652,
              30.276383736837257
            ]
          ]
        ]
      },
      "properties": {
        "grid_id": "M4B-R-5EEC8B7710-G-R19-C14",
        "row": 19,
        "column": 14,
        "analysis_status": "ANALYZABLE_LAND",
        "ranking_eligible": true,
        "source_mode": "REAL",
        "population_total": 517.8296657364292,
        "population_age_0_14": 54.64373053697446,
        "population_age_65_plus": 81.89354770558505,
        "elderly_share": 0.15814765573370637,
        "child_share": 0.10552452698758213,
        "vulnerability_share_raw": 0.14236071710986908,
        "lst_median_c": 42.72457244000003,
        "lst_valid_fraction": 1.0,
        "ndvi_median_land": 0.22516937850093358,
        "green_fraction_land": 0.4198019801980198,
        "green_fraction_grid_legacy": 0.3392,
        "water_fraction_grid": 0.192,
        "sentinel_valid_fraction": 1.0,
        "spatial_heat_score": 0.29936305732484075,
        "temporal_severity_score": 0.5238709677419354,
        "hazard_score": 0.3667154304499691,
        "exposure_score": 0.7631698356504166,
        "vulnerability_score": 1.0,
        "adaptive_capacity_score": 0.4198019801980198,
        "risk_score": 62.450833406288886,
        "risk_percentile_within_aoi": 0.697452229299363,
        "hazard_contribution_points": 14.668617217998765,
        "exposure_contribution_points": 19.079245891260417,
        "vulnerability_contribution_points": 20.0,
        "adaptive_deficit_contribution_points": 8.702970297029704,
        "primary_driver": "vulnerability",
        "temporal_context_id": "era5-temporal:pilot_v1:2026-07-31T03Z",
        "source_ids": [
          "LC09_L2SP_119039_20260731_02_T1",
          "S2C_MSIL2A_20260731T023551_R089_T51RTP_20260731T060913",
          "chn_pop_2026_CN_100m_R2025A_v1.tif"
        ],
        "analysis_reasons": [],
        "landsat_quality_flag": "HIGH",
        "sentinel_quality_flag": "HIGH"
      }
    },
    {
      "type": "Feature",
      "id": "M4B-R-5EEC8B7710-G-R19-C15",
      "geometry": {
        "type": "Polygon",
        "coordinates": [
          [
            [
              120.16055506092441,
              30.276382423759134
            ],
            [
              120.160556604525,
              30.278637577817403
            ],
            [
              120.1579582741579,
              30.27863889095465
            ],
            [
              120.15795678992652,
              30.276383736837257
            ],
            [
              120.16055506092441,
              30.276382423759134
            ]
          ]
        ]
      },
      "properties": {
        "grid_id": "M4B-R-5EEC8B7710-G-R19-C15",
        "row": 19,
        "column": 15,
        "analysis_status": "ANALYZABLE_LAND",
        "ranking_eligible": true,
        "source_mode": "REAL",
        "population_total": 587.6475343046873,
        "population_age_0_14": 62.01122725631736,
        "population_age_65_plus": 92.93507967165297,
        "elderly_share": 0.15814765526348212,
        "child_share": 0.10552452556393334,
        "vulnerability_share_raw": 0.1423607163536175,
        "lst_median_c": 42.95187077000003,
        "lst_valid_fraction": 1.0,
        "ndvi_median_land": 0.23219203089945248,
        "green_fraction_land": 0.4588859416445623,
        "green_fraction_grid_legacy": 0.2768,
        "water_fraction_grid": 0.3968,
        "sentinel_valid_fraction": 1.0,
        "spatial_heat_score": 0.3057324840764331,
        "temporal_severity_score": 0.5238709677419354,
        "hazard_score": 0.3711740291760838,
        "exposure_score": 0.7898640592831412,
        "vulnerability_score": 1.0,
        "adaptive_capacity_score": 0.4588859416445623,
        "risk_score": 62.71027352445344,
        "risk_percentile_within_aoi": 0.7038216560509554,
        "hazard_contribution_points": 14.84696116704335,
        "exposure_contribution_points": 19.74660148207853,
        "vulnerability_contribution_points": 20.0,
        "adaptive_deficit_contribution_points": 8.116710875331565,
        "primary_driver": "vulnerability",
        "temporal_context_id": "era5-temporal:pilot_v1:2026-07-31T03Z",
        "source_ids": [
          "LC09_L2SP_119039_20260731_02_T1",
          "S2C_MSIL2A_20260731T023551_R089_T51RTP_20260731T060913",
          "chn_pop_2026_CN_100m_R2025A_v1.tif"
        ],
        "analysis_reasons": [],
        "landsat_quality_flag": "HIGH",
        "sentinel_quality_flag": "HIGH"
      }
    },
    {
      "type": "Feature",
      "id": "M4B-R-5EEC8B7710-G-R19-C16",
      "geometry": {
        "type": "Polygon",
        "coordinates": [
          [
            [
              120.16315333185183,
              30.276381059187784
            ],
            [
              120.16315493482156,
              30.27863621318463
            ],
            [
              120.160556604525,
              30.278637577817403
            ],
            [
              120.16055506092441,
              30.276382423759134
            ],
            [
              120.16315333185183,
              30.276381059187784
            ]
          ]
        ]
      },
      "properties": {
        "grid_id": "M4B-R-5EEC8B7710-G-R19-C16",
        "row": 19,
        "column": 16,
        "analysis_status": "ANALYZABLE_LAND",
        "ranking_eligible": true,
        "source_mode": "REAL",
        "population_total": 415.0729998172837,
        "population_age_0_14": 43.80038203991867,
        "population_age_65_plus": 65.6428204075087,
        "elderly_share": 0.15814765218745824,
        "child_share": 0.10552452715353618,
        "vulnerability_share_raw": 0.1423607146772816,
        "lst_median_c": 43.16891504,
        "lst_valid_fraction": 1.0,
        "ndvi_median_land": 0.4311010484359226,
        "green_fraction_land": 0.5777777777777777,
        "green_fraction_grid_legacy": 0.5408,
        "water_fraction_grid": 0.064,
        "sentinel_valid_fraction": 1.0,
        "spatial_heat_score": 0.3184713375796178,
        "temporal_severity_score": 0.5238709677419354,
        "hazard_score": 0.3800912266283131,
        "exposure_score": 0.7165027331607781,
        "vulnerability_score": 0.99999996973429,
        "adaptive_capacity_score": 0.5777777777777777,
        "risk_score": 59.44955012217111,
        "risk_percentile_within_aoi": 0.6178343949044586,
        "hazard_contribution_points": 15.203649065132524,
        "exposure_contribution_points": 17.91256832901945,
        "vulnerability_contribution_points": 19.999999394685798,
        "adaptive_deficit_contribution_points": 6.333333333333334,
        "primary_driver": "vulnerability",
        "temporal_context_id": "era5-temporal:pilot_v1:2026-07-31T03Z",
        "source_ids": [
          "LC09_L2SP_119039_20260731_02_T1",
          "S2C_MSIL2A_20260731T023551_R089_T51RTP_20260731T060913",
          "chn_pop_2026_CN_100m_R2025A_v1.tif"
        ],
        "analysis_reasons": [],
        "landsat_quality_flag": "HIGH",
        "sentinel_quality_flag": "HIGH"
      }
    },
    {
      "type": "Feature",
      "id": "M4B-R-5EEC8B7710-G-R19-C17",
      "geometry": {
        "type": "Polygon",
        "coordinates": [
          [
            [
              120.16575160270605,
              30.27637964312322
            ],
            [
              120.16575326504494,
              30.27863479705631
            ],
            [
              120.16315493482156,
              30.27863621318463
            ],
            [
              120.16315333185183,
              30.276381059187784
            ],
            [
              120.16575160270605,
              30.27637964312322
            ]
          ]
        ]
      },
      "properties": {
        "grid_id": "M4B-R-5EEC8B7710-G-R19-C17",
        "row": 19,
        "column": 17,
        "analysis_status": "ANALYZABLE_LAND",
        "ranking_eligible": true,
        "source_mode": "REAL",
        "population_total": 571.0543370779754,
        "population_age_0_14": 60.260238354833064,
        "population_age_65_plus": 90.31090113957721,
        "elderly_share": 0.15814764948934373,
        "child_share": 0.10552452620039333,
        "vulnerability_share_raw": 0.1423607125026586,
        "lst_median_c": 43.79099467999998,
        "lst_valid_fraction": 1.0,
        "ndvi_median_land": 0.46080068373727145,
        "green_fraction_land": 0.6173570019723866,
        "green_fraction_grid_legacy": 0.5008,
        "water_fraction_grid": 0.1888,
        "sentinel_valid_fraction": 1.0,
        "spatial_heat_score": 0.3343949044585987,
        "temporal_severity_score": 0.5238709677419354,
        "hazard_score": 0.3912377234435997,
        "exposure_score": 0.783818337674351,
        "vulnerability_score": 0.9999999151883269,
        "adaptive_capacity_score": 0.6173570019723866,
        "risk_score": 60.98461065378351,
        "risk_percentile_within_aoi": 0.6560509554140127,
        "hazard_contribution_points": 15.649508937743988,
        "exposure_contribution_points": 19.595458441858778,
        "vulnerability_contribution_points": 19.99999830376654,
        "adaptive_deficit_contribution_points": 5.739644970414201,
        "primary_driver": "vulnerability",
        "temporal_context_id": "era5-temporal:pilot_v1:2026-07-31T03Z",
        "source_ids": [
          "LC09_L2SP_119039_20260731_02_T1",
          "S2C_MSIL2A_20260731T023551_R089_T51RTP_20260731T060913",
          "chn_pop_2026_CN_100m_R2025A_v1.tif"
        ],
        "analysis_reasons": [],
        "landsat_quality_flag": "HIGH",
        "sentinel_quality_flag": "HIGH"
      }
    },
    {
      "type": "Feature",
      "id": "M4B-R-5EEC8B7710-G-R19-C18",
      "geometry": {
        "type": "Polygon",
        "coordinates": [
          [
            [
              120.16834987348435,
              30.276378175565437
            ],
            [
              120.16835159519239,
              30.278633329432452
            ],
            [
              120.16575326504494,
              30.27863479705631
            ],
            [
              120.16575160270605,
              30.27637964312322
            ],
            [
              120.16834987348435,
              30.276378175565437
            ]
          ]
        ]
      },
      "properties": {
        "grid_id": "M4B-R-5EEC8B7710-G-R19-C18",
        "row": 19,
        "column": 18,
        "analysis_status": "ANALYZABLE_LAND",
        "ranking_eligible": true,
        "source_mode": "REAL",
        "population_total": 829.9269302907381,
        "population_age_0_14": 87.57764792136817,
        "population_age_65_plus": 131.2509964929316,
        "elderly_share": 0.15814765336865505,
        "child_share": 0.10552452839515421,
        "vulnerability_share_raw": 0.1423607158766048,
        "lst_median_c": 44.70702404000002,
        "lst_valid_fraction": 1.0,
        "ndvi_median_land": 0.4292462794861435,
        "green_fraction_land": 0.628099173553719,
        "green_fraction_grid_legacy": 0.3648,
        "water_fraction_grid": 0.4192,
        "sentinel_valid_fraction": 1.0,
        "spatial_heat_score": 0.3535031847133758,
        "temporal_severity_score": 0.5238709677419354,
        "hazard_score": 0.40461351962194364,
        "exposure_score": 0.8627491054187214,
        "vulnerability_score": 0.9999999998168556,
        "adaptive_capacity_score": 0.628099173553719,
        "risk_score": 63.3317808133771,
        "risk_percentile_within_aoi": 0.7165605095541401,
        "hazard_contribution_points": 16.184540784877747,
        "exposure_contribution_points": 21.568727635468036,
        "vulnerability_contribution_points": 19.999999996337113,
        "adaptive_deficit_contribution_points": 5.578512396694214,
        "primary_driver": "exposure",
        "temporal_context_id": "era5-temporal:pilot_v1:2026-07-31T03Z",
        "source_ids": [
          "LC09_L2SP_119039_20260731_02_T1",
          "S2C_MSIL2A_20260731T023551_R089_T51RTP_20260731T060913",
          "chn_pop_2026_CN_100m_R2025A_v1.tif"
        ],
        "analysis_reasons": [],
        "landsat_quality_flag": "HIGH",
        "sentinel_quality_flag": "HIGH"
      }
    },
    {
      "type": "Feature",
      "id": "M4B-R-5EEC8B7710-G-R19-C19",
      "geometry": {
        "type": "Polygon",
        "coordinates": [
          [
            [
              120.17094814418405,
              30.27637665651445
            ],
            [
              120.17094992526121,
              30.278631810313072
            ],
            [
              120.16835159519239,
              30.278633329432452
            ],
            [
              120.16834987348435,
              30.276378175565437
            ],
            [
              120.17094814418405,
              30.27637665651445
            ]
          ]
        ]
      },
      "properties": {
        "grid_id": "M4B-R-5EEC8B7710-G-R19-C19",
        "row": 19,
        "column": 19,
        "analysis_status": "ANALYZABLE_LAND",
        "ranking_eligible": true,
        "source_mode": "REAL",
        "population_total": 218.4959047044146,
        "population_age_0_14": 23.056677461081474,
        "population_age_65_plus": 34.55461552371779,
        "elderly_share": 0.1581476575978114,
        "child_share": 0.10552452913144063,
        "vulnerability_share_raw": 0.14236071905790015,
        "lst_median_c": 41.93842784000003,
        "lst_valid_fraction": 1.0,
        "ndvi_median_land": 0.39011968195703906,
        "green_fraction_land": 0.5956937799043063,
        "green_fraction_grid_legacy": 0.3984,
        "water_fraction_grid": 0.3312,
        "sentinel_valid_fraction": 1.0,
        "spatial_heat_score": 0.28343949044585987,
        "temporal_severity_score": 0.5238709677419354,
        "hazard_score": 0.3555689336346825,
        "exposure_score": 0.5812835970252545,
        "vulnerability_score": 1.0,
        "adaptive_capacity_score": 0.5956937799043063,
        "risk_score": 54.81944057245407,
        "risk_percentile_within_aoi": 0.5254777070063694,
        "hazard_contribution_points": 14.2227573453873,
        "exposure_contribution_points": 14.532089925631361,
        "vulnerability_contribution_points": 20.0,
        "adaptive_deficit_contribution_points": 6.064593301435406,
        "primary_driver": "vulnerability",
        "temporal_context_id": "era5-temporal:pilot_v1:2026-07-31T03Z",
        "source_ids": [
          "LC09_L2SP_119039_20260731_02_T1",
          "S2C_MSIL2A_20260731T023551_R089_T51RTP_20260731T060913",
          "chn_pop_2026_CN_100m_R2025A_v1.tif"
        ],
        "analysis_reasons": [],
        "landsat_quality_flag": "HIGH",
        "sentinel_quality_flag": "HIGH"
      }
    }
  ]
}
